date;department;category;region;budget_amount;actual_amount;payment_method;transaction_id
13/1/2023;Finance;Travel;Central;135114;162322;Bank Transfer;TXN100113
18/7/2022;Finance;Travel;Central;97606;151420;Cash;TXN100140
18/4/2023;Finance;Travel;Central;31153;13530;Bank Transfer;TXN100297
26/6/2021;Finance;Travel;Central;73328;85333;UPI;TXN100418
26/8/2023;Finance;Travel;Central;53374;102151;Card;TXN100499
17/3/2023;Finance;Travel;Central;54653;89573;Cash;TXN100589
12/10/2021;Finance;Travel;Central;15357;18634;Card;TXN100886
11/2/2021;Finance;Travel;Central;48270;162742;Card;TXN101048
3/3/2023;Finance;Travel;Central;97298;80290;UPI;TXN101307
3/2/2023;Finance;Travel;Central;12906;141733;Cash;TXN101829
29/10/2023;Finance;Travel;Central;119623;56977;UPI;TXN101911
9/2/2021;Finance;Travel;Central;20275;136513;Cash;TXN102256
1/5/2022;Finance;Travel;Central;48151;26034;UPI;TXN102257
30/7/2021;Finance;Travel;Central;139942;42664;Card;TXN102290
2/2/2023;Finance;Travel;Central;51313;83237;Card;TXN102369
2/7/2021;Finance;Travel;Central;132297;159292;Cash;TXN102470
7/3/2022;Finance;Travel;Central;92168;64207;UPI;TXN102582
1/7/2022;Finance;Travel;Central;84536;24097;UPI;TXN102694
10/1/2023;Finance;Travel;Central;103254;10164;Card;TXN102840
29/3/2022;Finance;Travel;Central;28069;75197;UPI;TXN102917
7/4/2022;Finance;Travel;Central;51961;109999;Cash;TXN103024
19/5/2023;Finance;Travel;Central;14986;162039;Card;TXN103071
1/3/2022;Finance;Travel;Central;40766;20542;Card;TXN103459
22/12/2023;Finance;Travel;Central;56652;113029;Bank Transfer;TXN103509
27/7/2023;Finance;Travel;Central;127553;76640;Bank Transfer;TXN103534
12/6/2023;Finance;Travel;Central;73475;36658;Card;TXN103583
27/8/2021;Finance;Travel;Central;22971;115455;Cash;TXN104272
23/10/2022;Finance;Travel;Central;108967;142667;Bank Transfer;TXN104386
21/12/2022;Finance;Travel;Central;47426;63897;UPI;TXN104480
20/5/2023;Finance;Travel;Central;80599;89283;Cash;TXN104855
12/3/2021;Finance;Travel;Central;22034;47640;Bank Transfer;TXN105008
17/3/2023;Finance;Travel;Central;145274;17861;UPI;TXN105108
2/8/2022;Finance;Travel;Central;17773;142846;Bank Transfer;TXN105110
12/9/2022;Finance;Travel;Central;97921;159945;Cash;TXN105240
31/10/2021;Finance;Travel;Central;44045;155320;Card;TXN105254
11/7/2021;Finance;Travel;Central;60413;31098;Card;TXN105282
15/3/2023;Finance;Travel;Central;90359;94686;UPI;TXN105514
10/12/2021;Finance;Travel;Central;149045;76737;UPI;TXN105688
13/4/2021;Finance;Travel;Central;97521;151085;Bank Transfer;TXN105703
17/8/2022;Finance;Travel;Central;134471;34347;Card;TXN105719
10/7/2022;Finance;Travel;Central;15203;107773;Bank Transfer;TXN105760
6/11/2021;Finance;Travel;Central;85696;47510;Bank Transfer;TXN105785
15/12/2021;Finance;Travel;Central;77722;82613;UPI;TXN105882
16/4/2021;Finance;Travel;Central;116773;37059;Card;TXN106227
27/4/2021;Finance;Travel;Central;90789;54594;Bank Transfer;TXN106237
11/5/2023;Finance;Travel;Central;72538;150302;Cash;TXN106360
29/3/2023;Finance;Travel;Central;138848;58120;Card;TXN106516
2/12/2023;Finance;Travel;Central;111297;47946;UPI;TXN107159
4/10/2022;Finance;Travel;Central;79287;51401;UPI;TXN107432
6/5/2021;Finance;Travel;Central;120081;149595;Card;TXN107457
23/7/2022;Finance;Travel;Central;66734;84143;Card;TXN107724
30/5/2023;Finance;Travel;Central;29029;149266;UPI;TXN107785
21/4/2023;Finance;Travel;Central;38691;74192;Bank Transfer;TXN107835
5/8/2021;Finance;Travel;Central;16246;135482;Cash;TXN108275
10/4/2023;Finance;Travel;Central;49225;115063;Cash;TXN108354
1/11/2022;Finance;Travel;Central;29335;68946;Cash;TXN108445
12/1/2021;Finance;Travel;Central;14512;30226;Card;TXN108526
28/11/2021;Finance;Travel;Central;19362;34057;UPI;TXN108579
22/9/2021;Finance;Travel;Central;76646;120973;Bank Transfer;TXN108625
13/6/2022;Finance;Travel;Central;68568;30952;UPI;TXN108677
14/9/2021;Finance;Travel;Central;104373;45551;Card;TXN108946
29/3/2022;Finance;Travel;Central;96164;151191;Cash;TXN109116
8/4/2021;Finance;Travel;Central;143512;98958;UPI;TXN109189
4/1/2023;Finance;Travel;Central;114541;161758;Cash;TXN109255
18/11/2023;Finance;Travel;Central;122590;102980;Cash;TXN109429
9/4/2021;Finance;Travel;Central;59875;106810;Cash;TXN109674
31/12/2021;Finance;Travel;Central;23119;78835;Cash;TXN109678
18/6/2023;Finance;Travel;Central;16043;28345;Bank Transfer;TXN109719
24/11/2022;Finance;Travel;Central;141886;91088;Card;TXN109915
3/9/2021;Finance;Travel;Central;11218;53711;Bank Transfer;TXN109950
31/12/2022;HR;Travel;Central;101517;89796;Card;TXN100053
2/6/2021;HR;Travel;Central;123500;111807;UPI;TXN100205
18/9/2022;HR;Travel;Central;116209;119467;Cash;TXN100263
21/9/2021;HR;Travel;Central;15139;37998;UPI;TXN100303
19/9/2023;HR;Travel;Central;83741;43320;Bank Transfer;TXN100309
6/4/2021;HR;Travel;Central;57952;35749;Card;TXN100405
22/6/2021;HR;Travel;Central;63201;73585;Cash;TXN100486
10/12/2022;HR;Travel;Central;17406;115247;Bank Transfer;TXN100549
23/3/2022;HR;Travel;Central;25297;168530;Bank Transfer;TXN100594
3/2/2022;HR;Travel;Central;141680;118875;UPI;TXN101144
11/1/2021;HR;Travel;Central;13706;132939;UPI;TXN101152
23/3/2021;HR;Travel;Central;137410;80404;UPI;TXN101232
11/7/2021;HR;Travel;Central;110355;32780;UPI;TXN101258
22/1/2022;HR;Travel;Central;52415;141338;Bank Transfer;TXN101317
7/3/2021;HR;Travel;Central;97590;125880;Card;TXN101471
9/5/2023;HR;Travel;Central;28262;127101;Cash;TXN101650
4/12/2022;HR;Travel;Central;131049;102912;UPI;TXN101869
19/2/2023;HR;Travel;Central;39917;141326;UPI;TXN101975
25/10/2022;HR;Travel;Central;111973;11187;Card;TXN101983
28/6/2021;HR;Travel;Central;29433;20838;Bank Transfer;TXN102426
21/3/2022;HR;Travel;Central;114519;167263;Cash;TXN102481
10/2/2021;HR;Travel;Central;85650;130785;Bank Transfer;TXN102501
15/9/2021;HR;Travel;Central;83212;64820;Cash;TXN102516
31/5/2023;HR;Travel;Central;99421;135362;Bank Transfer;TXN102658
16/11/2021;HR;Travel;Central;111429;161092;UPI;TXN102672
28/12/2023;HR;Travel;Central;63383;133059;Bank Transfer;TXN102896
15/7/2022;HR;Travel;Central;45757;22759;Cash;TXN103117
25/6/2021;HR;Travel;Central;24443;52013;Card;TXN103254
3/10/2021;HR;Travel;Central;119748;57726;Cash;TXN103718
30/12/2021;HR;Travel;Central;106602;72807;Card;TXN103726
13/5/2022;HR;Travel;Central;35117;150103;Card;TXN103863
2/1/2023;HR;Travel;Central;15331;13782;UPI;TXN104023
23/2/2022;HR;Travel;Central;38514;100955;UPI;TXN104086
25/12/2023;HR;Travel;Central;87437;53012;Bank Transfer;TXN104094
12/9/2022;HR;Travel;Central;61539;25759;UPI;TXN104133
15/7/2023;HR;Travel;Central;142382;145183;UPI;TXN104236
30/8/2022;HR;Travel;Central;14273;13733;Cash;TXN104310
4/7/2021;HR;Travel;Central;41086;151175;UPI;TXN104339
10/7/2022;HR;Travel;Central;32539;54686;UPI;TXN104394
5/8/2023;HR;Travel;Central;26151;50377;Bank Transfer;TXN104432
18/10/2023;HR;Travel;Central;23046;61374;UPI;TXN104750
24/3/2022;HR;Travel;Central;60570;112855;Bank Transfer;TXN104962
4/11/2023;HR;Travel;Central;53955;57146;Cash;TXN105184
4/6/2021;HR;Travel;Central;28199;53606;Cash;TXN105192
20/8/2021;HR;Travel;Central;36326;70926;UPI;TXN105379
11/8/2022;HR;Travel;Central;116994;67857;Cash;TXN105530
14/5/2023;HR;Travel;Central;10613;90373;Card;TXN105534
12/12/2023;HR;Travel;Central;147868;150475;Card;TXN105771
18/8/2023;HR;Travel;Central;48574;103701;Card;TXN105917
23/1/2022;HR;Travel;Central;108739;92049;Bank Transfer;TXN106514
9/7/2022;HR;Travel;Central;14937;117795;Bank Transfer;TXN106549
30/10/2022;HR;Travel;Central;102312;33605;Card;TXN106611
19/12/2021;HR;Travel;Central;124621;35640;Cash;TXN106979
5/6/2022;HR;Travel;Central;131937;13152;UPI;TXN107318
29/8/2022;HR;Travel;Central;70924;63132;UPI;TXN107383
21/2/2022;HR;Travel;Central;135982;116090;Bank Transfer;TXN107446
17/8/2021;HR;Travel;Central;76413;140288;UPI;TXN107453
24/5/2023;HR;Travel;Central;33823;19826;Cash;TXN107535
17/8/2023;HR;Travel;Central;94498;62527;Card;TXN107673
19/5/2021;HR;Travel;Central;143251;75879;Cash;TXN107686
10/7/2021;HR;Travel;Central;66718;148637;Card;TXN108635
11/8/2023;HR;Travel;Central;132516;132372;Cash;TXN108666
25/2/2022;HR;Travel;Central;91628;129081;Card;TXN108865
21/6/2023;HR;Travel;Central;25848;55927;Cash;TXN108903
15/2/2021;HR;Travel;Central;131320;18473;Card;TXN109214
3/2/2021;HR;Travel;Central;48011;68929;Card;TXN109617
8/7/2023;HR;Travel;Central;100222;25067;Bank Transfer;TXN109670
26/2/2021;HR;Travel;Central;74402;66672;Bank Transfer;TXN109949
14/1/2022;Marketing;Travel;Central;149446;133306;Bank Transfer;TXN100082
17/1/2021;Marketing;Travel;Central;39448;92392;Cash;TXN100240
16/3/2021;Marketing;Travel;Central;123746;123156;Cash;TXN100584
27/12/2022;Marketing;Travel;Central;83595;151817;Cash;TXN100659
29/1/2023;Marketing;Travel;Central;126120;124979;UPI;TXN100709
6/12/2022;Marketing;Travel;Central;73261;24715;Cash;TXN101264
11/6/2022;Marketing;Travel;Central;85068;105073;UPI;TXN101324
16/3/2023;Marketing;Travel;Central;82239;25280;Bank Transfer;TXN101428
9/11/2021;Marketing;Travel;Central;145078;131995;Bank Transfer;TXN101486
8/1/2022;Marketing;Travel;Central;64720;46492;UPI;TXN101615
7/9/2023;Marketing;Travel;Central;123140;30168;Bank Transfer;TXN101728
9/9/2023;Marketing;Travel;Central;124375;157028;UPI;TXN101844
12/3/2022;Marketing;Travel;Central;55596;166033;Card;TXN101922
8/4/2022;Marketing;Travel;Central;42195;146704;Cash;TXN101938
1/8/2023;Marketing;Travel;Central;122301;42343;Cash;TXN101976
17/2/2022;Marketing;Travel;Central;63546;59167;Bank Transfer;TXN102008
4/5/2021;Marketing;Travel;Central;62068;14548;Card;TXN102098
10/11/2021;Marketing;Travel;Central;136874;49357;Cash;TXN102158
8/8/2021;Marketing;Travel;Central;103800;87903;Card;TXN102259
15/8/2021;Marketing;Travel;Central;118469;149464;Bank Transfer;TXN102286
15/7/2023;Marketing;Travel;Central;17549;60483;UPI;TXN102558
24/3/2021;Marketing;Travel;Central;51354;111512;Card;TXN102703
3/12/2021;Marketing;Travel;Central;22025;23581;Bank Transfer;TXN102728
14/7/2022;Marketing;Travel;Central;118998;89010;UPI;TXN102934
24/6/2021;Marketing;Travel;Central;101402;120571;Bank Transfer;TXN103118
25/1/2022;Marketing;Travel;Central;10257;25676;Cash;TXN103304
12/7/2021;Marketing;Travel;Central;35547;132024;Card;TXN103447
17/12/2022;Marketing;Travel;Central;106057;38623;Card;TXN103545
21/6/2023;Marketing;Travel;Central;146116;60379;Cash;TXN103588
26/8/2021;Marketing;Travel;Central;122951;70719;Bank Transfer;TXN103763
5/1/2021;Marketing;Travel;Central;96769;42895;UPI;TXN104006
14/2/2021;Marketing;Travel;Central;17731;95587;Card;TXN104260
26/4/2023;Marketing;Travel;Central;52980;161770;Bank Transfer;TXN104365
23/1/2023;Marketing;Travel;Central;34432;28379;Cash;TXN104927
2/3/2021;Marketing;Travel;Central;119642;163863;Cash;TXN105058
3/3/2022;Marketing;Travel;Central;72774;133721;Bank Transfer;TXN105155
20/2/2023;Marketing;Travel;Central;40112;91996;UPI;TXN105243
31/7/2021;Marketing;Travel;Central;75979;56308;Bank Transfer;TXN105333
8/9/2023;Marketing;Travel;Central;10770;166097;Bank Transfer;TXN105341
8/8/2023;Marketing;Travel;Central;101336;44233;UPI;TXN105483
25/8/2021;Marketing;Travel;Central;108839;39234;Card;TXN105644
6/9/2022;Marketing;Travel;Central;115799;11722;UPI;TXN105976
18/2/2021;Marketing;Travel;Central;17357;16587;UPI;TXN106048
16/4/2022;Marketing;Travel;Central;16788;33640;Cash;TXN106401
25/2/2021;Marketing;Travel;Central;13503;71215;UPI;TXN106721
22/11/2022;Marketing;Travel;Central;33217;42574;Cash;TXN106831
7/11/2021;Marketing;Travel;Central;23295;135265;Cash;TXN106893
29/3/2022;Marketing;Travel;Central;99355;23013;Cash;TXN107131
2/4/2022;Marketing;Travel;Central;99903;34287;Bank Transfer;TXN107221
14/12/2023;Marketing;Travel;Central;32846;84693;Cash;TXN107233
22/2/2021;Marketing;Travel;Central;69839;13077;Cash;TXN107246
15/11/2022;Marketing;Travel;Central;38806;91707;UPI;TXN107327
13/1/2023;Marketing;Travel;Central;136657;124231;UPI;TXN107514
10/3/2022;Marketing;Travel;Central;42630;100445;UPI;TXN107745
20/9/2022;Marketing;Travel;Central;12191;134365;UPI;TXN108217
20/7/2022;Marketing;Travel;Central;130016;60973;Bank Transfer;TXN108284
25/10/2021;Marketing;Travel;Central;94595;113218;Bank Transfer;TXN108305
15/11/2023;Marketing;Travel;Central;25106;38801;UPI;TXN108538
11/11/2023;Marketing;Travel;Central;12434;161672;Cash;TXN108547
31/3/2023;Marketing;Travel;Central;74981;22945;Card;TXN108813
2/10/2022;Marketing;Travel;Central;136123;121989;Card;TXN108955
9/11/2022;Marketing;Travel;Central;22737;10414;Cash;TXN109175
7/4/2021;Marketing;Travel;Central;52721;89958;Card;TXN109444
12/9/2022;Marketing;Travel;Central;127430;27137;Cash;TXN109450
18/9/2021;Marketing;Travel;Central;70849;101490;UPI;TXN109732
19/7/2022;Marketing;Travel;Central;132262;112645;Card;TXN109974
14/8/2023;Operations;Travel;Central;20798;13931;Card;TXN100043
19/7/2023;Operations;Travel;Central;98434;81095;Card;TXN100090
11/12/2022;Sales;Travel;Central;85856;95951;UPI;TXN100134
27/5/2021;IT;Travel;Central;120357;165689;Card;TXN100171
4/9/2021;Sales;Travel;Central;39899;33304;Cash;TXN100338
6/8/2021;Operations;Travel;Central;10667;143919;Cash;TXN100350
24/5/2021;IT;Travel;Central;125308;27503;UPI;TXN100427
26/6/2021;Sales;Travel;Central;60560;65277;Cash;TXN100536
13/11/2023;IT;Travel;Central;148143;153494;Card;TXN100551
9/3/2023;Operations;Travel;Central;58787;28861;Cash;TXN100591
5/4/2021;Sales;Travel;Central;133890;77344;UPI;TXN100618
16/11/2021;Sales;Travel;Central;19233;30960;Cash;TXN100743
9/3/2023;Operations;Travel;Central;113661;21196;Card;TXN100768
8/7/2022;IT;Travel;Central;140596;25328;Card;TXN100797
5/2/2022;Sales;Travel;Central;144977;11698;Bank Transfer;TXN101076
17/9/2023;Operations;Travel;Central;68172;81933;Card;TXN101088
31/7/2022;Operations;Travel;Central;21135;63094;UPI;TXN101134
4/6/2023;Sales;Travel;Central;96924;122188;Card;TXN101157
9/2/2021;IT;Travel;Central;47542;131682;UPI;TXN101188
29/11/2022;IT;Travel;Central;140985;111046;UPI;TXN101206
15/12/2021;IT;Travel;Central;98251;119480;UPI;TXN101318
21/1/2022;Operations;Travel;Central;76323;135556;UPI;TXN101335
2/5/2021;Operations;Travel;Central;84644;50836;Bank Transfer;TXN101403
8/7/2023;IT;Travel;Central;50456;58228;Card;TXN101475
10/6/2023;Sales;Travel;Central;108104;136939;Cash;TXN101596
6/9/2022;IT;Travel;Central;39554;14158;Card;TXN101711
25/3/2022;Operations;Travel;Central;148968;40411;Cash;TXN101755
20/8/2021;IT;Travel;Central;149850;29102;Cash;TXN101920
29/4/2021;Sales;Travel;Central;145427;37319;Card;TXN101945
10/6/2021;Operations;Travel;Central;18377;159259;Card;TXN102091
20/7/2023;Operations;Travel;Central;110187;8623;Cash;TXN102122
10/6/2021;Operations;Travel;Central;11908;64973;Card;TXN102167
8/10/2022;Operations;Travel;Central;28376;48509;Bank Transfer;TXN102289
19/8/2022;IT;Travel;Central;122597;117828;Bank Transfer;TXN102354
3/4/2021;Sales;Travel;Central;34347;157801;Card;TXN102445
18/6/2023;Sales;Travel;Central;30287;118520;Card;TXN102594
16/4/2023;IT;Travel;Central;52297;55780;Cash;TXN102603
12/9/2022;IT;Travel;Central;129511;106440;UPI;TXN102634
16/9/2022;IT;Travel;Central;36085;14508;UPI;TXN102771
17/6/2023;IT;Travel;Central;107544;74195;Card;TXN102803
31/8/2023;Operations;Travel;Central;113932;17279;UPI;TXN102860
6/4/2022;IT;Travel;Central;32500;74389;Card;TXN102894
13/4/2023;IT;Travel;Central;127849;94189;UPI;TXN102959
25/2/2022;Sales;Travel;Central;73387;149123;Card;TXN103039
30/6/2021;IT;Travel;Central;12397;12161;Cash;TXN103055
23/10/2022;Sales;Travel;Central;99529;118520;UPI;TXN103080
14/3/2021;IT;Travel;Central;100328;134283;Card;TXN103113
29/1/2023;Operations;Travel;Central;20522;72712;Cash;TXN103133
1/6/2022;Operations;Travel;Central;119644;74604;Card;TXN103166
19/2/2021;Sales;Travel;Central;25400;111115;Card;TXN103174
31/7/2021;Operations;Travel;Central;137277;114781;Card;TXN103270
12/4/2023;Operations;Travel;Central;55598;166320;UPI;TXN103436
25/6/2022;Operations;Travel;Central;52773;158419;UPI;TXN103451
16/11/2022;Operations;Travel;Central;60197;105053;Bank Transfer;TXN103488
19/11/2021;IT;Travel;Central;93669;157327;Card;TXN103497
17/6/2023;Sales;Travel;Central;54592;48671;UPI;TXN103508
2/3/2023;Sales;Travel;Central;52147;125644;Bank Transfer;TXN103554
10/3/2022;IT;Travel;Central;129050;152369;Card;TXN103673
19/2/2023;Sales;Travel;Central;120856;63349;Cash;TXN103678
15/7/2023;IT;Travel;Central;94986;114091;Card;TXN103694
12/8/2021;IT;Travel;Central;89139;32793;Cash;TXN103799
8/5/2022;IT;Travel;Central;102855;33021;Card;TXN103905
17/12/2021;IT;Travel;Central;93695;44517;Card;TXN103963
29/5/2021;Sales;Travel;Central;93082;62909;Bank Transfer;TXN103972
7/9/2022;Sales;Travel;Central;121132;57440;Card;TXN104026
6/1/2021;IT;Travel;Central;19433;24696;Cash;TXN104062
6/9/2023;Operations;Travel;Central;111844;94810;UPI;TXN104149
16/3/2022;Sales;Travel;Central;133384;44303;Cash;TXN104456
15/3/2022;Sales;Travel;Central;44184;13207;UPI;TXN104461
11/1/2022;IT;Travel;Central;120402;95165;UPI;TXN104473
15/2/2021;IT;Travel;Central;148730;19125;Card;TXN104478
24/2/2022;Operations;Travel;Central;89835;47796;Cash;TXN104643
30/4/2023;IT;Travel;Central;34091;145310;Cash;TXN104668
4/11/2023;Operations;Travel;Central;82402;80483;Card;TXN104681
17/10/2023;Operations;Travel;Central;104380;17552;Card;TXN104702
6/11/2021;Operations;Travel;Central;148740;88330;UPI;TXN104703
23/3/2022;IT;Travel;Central;17747;78880;UPI;TXN104909
15/3/2023;IT;Travel;Central;132887;134366;Bank Transfer;TXN104919
25/11/2022;Operations;Travel;Central;98080;132559;Card;TXN104993
3/5/2023;Sales;Travel;Central;69672;44317;Card;TXN105050
2/4/2021;IT;Travel;Central;91470;84159;Card;TXN105201
4/8/2022;IT;Travel;Central;27924;82800;UPI;TXN105284
10/11/2022;Sales;Travel;Central;102609;25480;Bank Transfer;TXN105345
26/2/2021;IT;Travel;Central;144525;113500;UPI;TXN105377
22/4/2022;Operations;Travel;Central;24788;70205;Cash;TXN105381
13/9/2023;Operations;Travel;Central;78041;159525;UPI;TXN105437
16/1/2021;IT;Travel;Central;90322;96240;Card;TXN105438
1/10/2023;Operations;Travel;Central;144940;39577;Cash;TXN105563
15/7/2023;IT;Travel;Central;131222;147598;Bank Transfer;TXN105564
8/1/2022;Sales;Travel;Central;58149;168656;UPI;TXN105649
28/2/2022;Sales;Travel;Central;123015;85541;Card;TXN105674
11/12/2022;IT;Travel;Central;136741;71968;UPI;TXN105756
18/4/2022;Operations;Travel;Central;100456;64753;UPI;TXN105789
3/11/2023;Sales;Travel;Central;80152;90511;Bank Transfer;TXN105810
3/6/2021;IT;Travel;Central;98625;41161;Card;TXN105879
29/7/2021;Operations;Travel;Central;99647;75185;UPI;TXN105914
24/8/2021;IT;Travel;Central;51138;169081;UPI;TXN105938
28/11/2022;IT;Travel;Central;19285;66270;Cash;TXN106152
16/2/2021;IT;Travel;Central;60654;117575;Card;TXN106168
1/10/2022;IT;Travel;Central;78453;47787;Bank Transfer;TXN106326
23/10/2023;Operations;Travel;Central;87935;134827;Cash;TXN106353
22/10/2022;Sales;Travel;Central;98291;33627;UPI;TXN106363
19/9/2023;IT;Travel;Central;28610;126377;Card;TXN106405
19/8/2022;Operations;Travel;Central;25016;83812;Card;TXN106441
9/5/2023;Operations;Travel;Central;97617;51300;Cash;TXN106445
8/4/2022;Operations;Travel;Central;23024;42620;Bank Transfer;TXN106509
2/8/2021;IT;Travel;Central;98797;78668;Bank Transfer;TXN106515
2/6/2023;IT;Travel;Central;141287;26909;Cash;TXN106518
5/6/2022;IT;Travel;Central;128174;40805;Bank Transfer;TXN106626
8/10/2023;IT;Travel;Central;33365;67323;Bank Transfer;TXN106638
26/6/2023;Operations;Travel;Central;14055;39699;Cash;TXN106707
28/8/2021;Operations;Travel;Central;120997;95132;Cash;TXN106770
8/2/2021;Sales;Travel;Central;89931;128684;Card;TXN106832
14/12/2023;Operations;Travel;Central;22190;83093;UPI;TXN106836
23/4/2021;Operations;Travel;Central;99831;51885;Cash;TXN106841
27/7/2022;Operations;Travel;Central;46194;131354;Cash;TXN106928
31/3/2022;Operations;Travel;Central;47876;155105;Cash;TXN106936
19/10/2022;Sales;Travel;Central;129652;71348;Card;TXN106958
21/5/2021;Operations;Travel;Central;141624;152533;UPI;TXN106984
30/6/2023;Sales;Travel;Central;13107;19763;Bank Transfer;TXN107055
29/5/2022;Sales;Travel;Central;51214;50607;Cash;TXN107058
11/1/2022;IT;Travel;Central;70649;10759;UPI;TXN107068
5/8/2023;Sales;Travel;Central;131631;37863;Cash;TXN107086
26/9/2022;Operations;Travel;Central;65366;134423;Cash;TXN107100
6/9/2023;Operations;Travel;Central;130993;13740;UPI;TXN107113
22/12/2023;IT;Travel;Central;111778;136327;UPI;TXN107180
28/6/2023;Sales;Travel;Central;141351;84318;Cash;TXN107215
19/9/2023;IT;Travel;Central;74305;21586;Bank Transfer;TXN107216
12/11/2022;Sales;Travel;Central;114384;27338;Cash;TXN107271
25/2/2022;Sales;Travel;Central;134065;145404;Cash;TXN107291
13/12/2023;Operations;Travel;Central;10368;17501;Card;TXN107322
6/10/2021;Operations;Travel;Central;141016;126035;Card;TXN107434
26/10/2022;IT;Travel;Central;35430;135103;Bank Transfer;TXN107499
23/7/2022;IT;Travel;Central;29685;40804;Bank Transfer;TXN107546
9/2/2023;Sales;Travel;Central;87515;9222;Cash;TXN107613
15/3/2023;Operations;Travel;Central;87064;97607;Bank Transfer;TXN107702
25/3/2022;Operations;Travel;Central;100262;124705;Card;TXN107800
9/12/2022;Operations;Travel;Central;108110;61160;Bank Transfer;TXN107996
26/11/2022;Operations;Travel;Central;32334;127581;Cash;TXN108098
13/11/2021;Sales;Travel;Central;113652;84863;Card;TXN108099
6/7/2022;Operations;Travel;Central;37807;108054;Bank Transfer;TXN108180
11/6/2022;IT;Travel;Central;99752;95731;Card;TXN108219
4/12/2022;Operations;Travel;Central;135646;54873;Card;TXN108295
16/7/2021;Operations;Travel;Central;20065;83478;Cash;TXN108456
2/3/2021;Operations;Travel;Central;86616;68187;UPI;TXN108466
12/7/2023;Operations;Travel;Central;148702;88274;Bank Transfer;TXN108525
29/11/2022;Operations;Travel;Central;53307;150145;Bank Transfer;TXN108557
28/1/2023;IT;Travel;Central;140593;26324;Cash;TXN108567
31/12/2022;IT;Travel;Central;18451;166662;Cash;TXN108612
24/10/2022;IT;Travel;Central;105615;58812;Card;TXN108797
2/2/2022;IT;Travel;Central;68328;112931;UPI;TXN108874
13/9/2023;Sales;Travel;Central;35550;151698;Bank Transfer;TXN108916
22/1/2022;IT;Travel;Central;93685;154580;Bank Transfer;TXN108954
17/7/2022;IT;Travel;Central;98999;14320;Cash;TXN109038
2/1/2023;Operations;Travel;Central;143435;117744;Bank Transfer;TXN109107
29/11/2021;Sales;Travel;Central;74898;99282;Bank Transfer;TXN109223
26/6/2023;Operations;Travel;Central;98169;40374;Cash;TXN109224
14/3/2023;Sales;Travel;Central;26849;138569;Cash;TXN109294
21/7/2023;Operations;Travel;Central;81811;140839;Cash;TXN109301
10/8/2021;IT;Travel;Central;54173;62702;Card;TXN109317
27/1/2021;Sales;Travel;Central;143034;50480;Card;TXN109396
5/2/2023;Sales;Travel;Central;54362;142048;UPI;TXN109478
22/11/2022;Operations;Travel;Central;45168;38583;UPI;TXN109554
19/1/2023;Sales;Travel;Central;102272;114341;Card;TXN109984
21/1/2022;Finance;Utilities;Central;85399;109122;Cash;TXN100011
25/7/2021;Finance;Utilities;Central;27227;138197;Card;TXN100047
5/8/2021;Finance;Utilities;Central;65155;99695;UPI;TXN100067
3/2/2023;Marketing;Utilities;Central;108314;71275;Bank Transfer;TXN100068
11/6/2023;IT;Utilities;Central;68827;135046;UPI;TXN100111
31/5/2023;Marketing;Utilities;Central;46973;158992;Card;TXN100186
27/11/2023;Finance;Utilities;Central;82404;157389;UPI;TXN100246
8/5/2021;Marketing;Utilities;Central;143831;36858;Bank Transfer;TXN100258
10/7/2023;Finance;Utilities;Central;114349;47802;Cash;TXN100273
29/7/2022;HR;Utilities;Central;26297;101897;UPI;TXN100291
15/9/2021;HR;Utilities;Central;117747;126888;Bank Transfer;TXN100367
25/4/2021;Finance;Utilities;Central;34632;91292;Card;TXN100391
7/5/2022;HR;Utilities;Central;29546;103344;Cash;TXN100448
22/1/2022;IT;Utilities;Central;113324;152036;Bank Transfer;TXN100475
9/7/2021;Marketing;Utilities;Central;79307;38714;Card;TXN100477
22/1/2023;Finance;Utilities;Central;67240;92195;Bank Transfer;TXN100518
27/8/2021;HR;Utilities;Central;16842;72556;UPI;TXN100644
16/12/2021;HR;Utilities;Central;117447;10475;UPI;TXN100707
21/11/2022;IT;Utilities;Central;119628;111274;Card;TXN100748
9/8/2023;IT;Utilities;Central;22058;162127;Card;TXN100806
9/11/2023;Finance;Utilities;Central;76423;101708;Cash;TXN100912
11/6/2021;IT;Utilities;Central;51646;123758;Cash;TXN100927
3/4/2023;Finance;Utilities;Central;147480;135117;UPI;TXN100950
30/3/2023;HR;Utilities;Central;139581;63602;Card;TXN101019
16/2/2021;IT;Utilities;Central;34054;98882;UPI;TXN101072
6/7/2021;Marketing;Utilities;Central;102541;130882;UPI;TXN101147
9/6/2021;IT;Utilities;Central;98647;60175;Cash;TXN101176
19/6/2021;Finance;Utilities;Central;61843;109700;Card;TXN101186
4/12/2021;Marketing;Utilities;Central;127937;48077;Bank Transfer;TXN101342
28/6/2023;HR;Utilities;Central;147939;82382;UPI;TXN101402
21/1/2021;Marketing;Utilities;Central;142185;77254;UPI;TXN101446
2/1/2021;Finance;Utilities;Central;117908;113249;Card;TXN101456
30/11/2021;HR;Utilities;Central;140194;88556;Card;TXN101495
22/10/2023;IT;Utilities;Central;132610;151408;Cash;TXN101501
6/5/2021;Marketing;Utilities;Central;34166;146288;Bank Transfer;TXN101515
9/5/2021;HR;Utilities;Central;17560;17353;UPI;TXN101528
24/10/2023;HR;Utilities;Central;23612;57431;Cash;TXN101580
28/2/2023;Marketing;Utilities;Central;105803;46284;UPI;TXN101609
14/3/2021;HR;Utilities;Central;113849;81208;Card;TXN101690
29/5/2021;Marketing;Utilities;Central;140062;42492;UPI;TXN101702
15/4/2023;Marketing;Utilities;Central;115634;145745;Cash;TXN101756
28/12/2021;HR;Utilities;Central;95625;77158;Bank Transfer;TXN102012
26/12/2022;Finance;Utilities;Central;50579;42769;Cash;TXN102131
24/7/2021;Finance;Utilities;Central;123921;115850;Card;TXN102141
19/7/2023;Marketing;Utilities;Central;140891;40391;Cash;TXN102283
1/1/2021;IT;Utilities;Central;145460;153206;Cash;TXN102327
5/5/2023;Finance;Utilities;Central;17247;165885;UPI;TXN102329
11/2/2022;HR;Utilities;Central;40766;160797;Cash;TXN102345
8/10/2021;Marketing;Utilities;Central;122039;144549;Cash;TXN102355
23/7/2023;Finance;Utilities;Central;27921;17038;Cash;TXN102375
13/10/2021;Finance;Utilities;Central;29411;93050;Cash;TXN102379
16/11/2021;Marketing;Utilities;Central;33586;96394;Bank Transfer;TXN102381
10/10/2023;IT;Utilities;Central;124462;163562;Bank Transfer;TXN102404
25/11/2023;Marketing;Utilities;Central;31116;63434;Cash;TXN102405
22/5/2021;Marketing;Utilities;Central;11998;114097;Cash;TXN102448
8/2/2022;Finance;Utilities;Central;104766;32613;UPI;TXN102456
7/3/2022;Marketing;Utilities;Central;88737;90299;UPI;TXN102489
23/2/2022;Finance;Utilities;Central;64565;107412;Cash;TXN102518
3/7/2023;IT;Utilities;Central;119239;106312;Card;TXN102546
25/12/2021;HR;Utilities;Central;53527;43294;Card;TXN102602
11/2/2022;Finance;Utilities;Central;14406;126520;Cash;TXN102640
25/1/2021;Marketing;Utilities;Central;110980;136091;Bank Transfer;TXN102686
23/6/2023;IT;Utilities;Central;24332;117833;Cash;TXN102716
3/1/2023;HR;Utilities;Central;90954;63801;Card;TXN102720
29/7/2023;IT;Utilities;Central;93511;62439;Cash;TXN102758
3/5/2022;HR;Utilities;Central;146683;100550;Card;TXN102816
15/8/2021;Marketing;Utilities;Central;77330;67117;Card;TXN102821
21/8/2022;IT;Utilities;Central;105447;146554;UPI;TXN102918
28/12/2021;HR;Utilities;Central;98557;66060;Card;TXN102955
25/10/2023;Marketing;Utilities;Central;59308;152158;Cash;TXN103045
1/12/2022;IT;Utilities;Central;103737;130765;UPI;TXN103058
9/11/2021;Marketing;Utilities;Central;12720;155487;Card;TXN103109
12/11/2023;Marketing;Utilities;Central;33306;38678;Card;TXN103150
24/5/2022;Marketing;Utilities;Central;68501;29409;UPI;TXN103303
22/12/2022;HR;Utilities;Central;102460;115039;Card;TXN103399
9/8/2023;Finance;Utilities;Central;149102;49581;Bank Transfer;TXN103502
15/7/2022;Finance;Utilities;Central;145610;28117;UPI;TXN103510
8/5/2023;IT;Utilities;Central;26504;44942;Card;TXN103531
23/1/2022;Marketing;Utilities;Central;34275;94223;Card;TXN103572
25/4/2022;Finance;Utilities;Central;69006;103586;Card;TXN103602
16/6/2022;Finance;Utilities;Central;105814;62444;Card;TXN103679
1/3/2023;Marketing;Utilities;Central;52290;33875;Cash;TXN103756
25/12/2023;HR;Utilities;Central;67247;158076;Card;TXN103764
1/9/2023;Marketing;Utilities;Central;142759;147398;Cash;TXN103885
19/5/2021;Marketing;Utilities;Central;30141;65673;Cash;TXN103910
6/5/2023;IT;Utilities;Central;140946;15782;Bank Transfer;TXN103911
18/11/2023;IT;Utilities;Central;16553;51232;Card;TXN103920
2/1/2022;Marketing;Utilities;Central;18201;53968;UPI;TXN103942
2/5/2023;HR;Utilities;Central;116234;52330;Bank Transfer;TXN103974
5/3/2022;Marketing;Utilities;Central;76962;84702;Card;TXN104051
25/5/2021;HR;Utilities;Central;22249;168518;UPI;TXN104091
20/7/2021;HR;Utilities;Central;80977;42740;Cash;TXN104113
15/12/2022;Marketing;Utilities;Central;77359;110547;UPI;TXN104165
23/11/2022;HR;Utilities;Central;20059;140272;UPI;TXN104267
5/10/2021;Marketing;Utilities;Central;110231;152516;Bank Transfer;TXN104280
5/5/2022;IT;Utilities;Central;95430;94474;Bank Transfer;TXN104322
14/7/2021;HR;Utilities;Central;120219;97910;UPI;TXN104380
21/2/2023;IT;Utilities;Central;140386;145017;UPI;TXN104499
17/5/2022;HR;Utilities;Central;146082;166203;UPI;TXN104533
12/1/2022;Finance;Utilities;Central;81124;24647;Bank Transfer;TXN104543
15/11/2023;HR;Utilities;Central;81887;35544;UPI;TXN104594
24/5/2021;Finance;Utilities;Central;25660;86490;UPI;TXN104596
9/3/2022;Marketing;Utilities;Central;96991;135300;Bank Transfer;TXN104600
24/6/2022;IT;Utilities;Central;31420;53105;Bank Transfer;TXN104706
23/2/2022;Finance;Utilities;Central;87899;85164;UPI;TXN104707
27/2/2021;HR;Utilities;Central;32244;30224;Cash;TXN104746
15/1/2021;Finance;Utilities;Central;10275;138423;Bank Transfer;TXN104792
24/9/2021;Marketing;Utilities;Central;38646;168590;Bank Transfer;TXN104814
2/5/2023;IT;Utilities;Central;84323;93854;Card;TXN104840
2/7/2021;IT;Utilities;Central;88615;70652;UPI;TXN104852
18/12/2021;Marketing;Utilities;Central;39045;105055;Bank Transfer;TXN104926
10/5/2021;HR;Utilities;Central;13133;61728;UPI;TXN104955
30/6/2022;Finance;Utilities;Central;18301;114437;Card;TXN105112
8/11/2023;HR;Utilities;Central;59155;166900;Cash;TXN105264
24/6/2023;Marketing;Utilities;Central;129142;152119;Bank Transfer;TXN105350
14/9/2022;Marketing;Utilities;Central;133378;114439;Cash;TXN105395
14/10/2023;IT;Utilities;Central;83239;105747;Bank Transfer;TXN105417
22/2/2023;IT;Utilities;Central;125697;159690;Cash;TXN105443
11/12/2022;Finance;Utilities;Central;36154;90663;Cash;TXN105454
10/9/2022;Finance;Utilities;Central;18616;66233;Bank Transfer;TXN105491
28/4/2023;HR;Utilities;Central;110892;21135;Bank Transfer;TXN105513
21/10/2021;HR;Utilities;Central;71763;52835;Card;TXN105540
9/12/2022;Finance;Utilities;Central;120260;91899;UPI;TXN105572
30/6/2022;HR;Utilities;Central;29256;40678;Cash;TXN105596
27/6/2021;Marketing;Utilities;Central;76351;157506;Card;TXN105740
29/6/2021;HR;Utilities;Central;78585;162992;Bank Transfer;TXN105797
31/12/2022;Finance;Utilities;Central;88754;75120;Cash;TXN105821
13/1/2023;Marketing;Utilities;Central;142559;23168;Cash;TXN105867
23/3/2022;Finance;Utilities;Central;120260;17433;Cash;TXN105904
7/11/2022;Marketing;Utilities;Central;81367;118632;UPI;TXN105925
28/4/2023;HR;Utilities;Central;144534;100419;Cash;TXN105975
29/11/2023;IT;Utilities;Central;50435;107407;Bank Transfer;TXN106045
16/11/2021;Finance;Utilities;Central;128055;75241;Cash;TXN106124
19/4/2022;Finance;Utilities;Central;142011;105113;Card;TXN106151
1/2/2022;Marketing;Utilities;Central;44221;65580;Cash;TXN106180
23/8/2023;IT;Utilities;Central;121847;149943;Card;TXN106229
13/10/2022;IT;Utilities;Central;54487;10317;UPI;TXN106285
31/1/2021;IT;Utilities;Central;115959;83157;UPI;TXN106349
10/7/2023;HR;Utilities;Central;39488;42912;Card;TXN106372
5/7/2021;Finance;Utilities;Central;89963;144299;Bank Transfer;TXN106425
10/7/2023;Marketing;Utilities;Central;88755;44473;Cash;TXN106442
27/11/2023;HR;Utilities;Central;60387;161023;Bank Transfer;TXN106488
13/7/2023;HR;Utilities;Central;138245;8749;UPI;TXN106520
4/9/2022;Marketing;Utilities;Central;41881;150212;Bank Transfer;TXN106555
10/12/2022;Finance;Utilities;Central;82820;105768;UPI;TXN106666
14/12/2021;Marketing;Utilities;Central;60767;163015;UPI;TXN106687
24/5/2023;HR;Utilities;Central;14200;61968;Bank Transfer;TXN106741
26/2/2022;IT;Utilities;Central;19890;120725;Cash;TXN106777
13/5/2021;Marketing;Utilities;Central;98618;120343;Cash;TXN106824
11/10/2023;IT;Utilities;Central;94590;53217;Cash;TXN106842
7/8/2021;HR;Utilities;Central;97197;75323;Card;TXN106856
18/4/2023;IT;Utilities;Central;103324;30755;Card;TXN106863
3/7/2023;Marketing;Utilities;Central;27205;123126;Bank Transfer;TXN106880
9/6/2023;HR;Utilities;Central;27725;118945;UPI;TXN106902
19/12/2022;HR;Utilities;Central;42272;55647;Cash;TXN106949
1/3/2023;IT;Utilities;Central;41785;16649;Card;TXN107075
7/7/2021;IT;Utilities;Central;33519;66487;Card;TXN107198
29/11/2021;IT;Utilities;Central;86347;94939;Bank Transfer;TXN107208
28/12/2023;IT;Utilities;Central;12509;20232;Cash;TXN107258
21/3/2022;IT;Utilities;Central;78208;106189;Card;TXN107259
9/6/2022;IT;Utilities;Central;118797;135742;Cash;TXN107274
9/4/2022;IT;Utilities;Central;141404;168278;Bank Transfer;TXN107302
20/9/2022;Marketing;Utilities;Central;126546;147480;Cash;TXN107405
14/8/2023;HR;Utilities;Central;74896;62324;Bank Transfer;TXN107507
25/5/2022;IT;Utilities;Central;67534;72030;Cash;TXN107567
23/7/2023;HR;Utilities;Central;14158;68086;Cash;TXN107590
20/3/2023;IT;Utilities;Central;80074;54023;UPI;TXN107623
6/1/2021;IT;Utilities;Central;15523;64091;Bank Transfer;TXN107637
4/4/2022;HR;Utilities;Central;111427;134039;UPI;TXN107687
21/11/2021;Marketing;Utilities;Central;140972;110138;Bank Transfer;TXN107700
25/3/2023;HR;Utilities;Central;74739;97256;Bank Transfer;TXN107787
7/1/2021;HR;Utilities;Central;26238;155939;Card;TXN107816
8/9/2022;Finance;Utilities;Central;105942;123849;Bank Transfer;TXN107820
24/2/2023;Finance;Utilities;Central;125729;23384;Cash;TXN107866
26/4/2023;Finance;Utilities;Central;75055;139648;UPI;TXN107966
21/3/2023;Marketing;Utilities;Central;26005;43786;Bank Transfer;TXN107984
10/11/2023;IT;Utilities;Central;20534;101988;Card;TXN107989
11/6/2023;HR;Utilities;Central;10816;138639;Card;TXN107993
30/4/2023;Finance;Utilities;Central;42649;102775;Bank Transfer;TXN108050
8/2/2021;HR;Utilities;Central;127884;140629;Cash;TXN108085
10/1/2023;HR;Utilities;Central;56637;95464;UPI;TXN108135
24/9/2021;Marketing;Utilities;Central;86033;8688;UPI;TXN108287
8/11/2022;IT;Utilities;Central;57993;42920;Cash;TXN108309
27/6/2022;Marketing;Utilities;Central;33801;44169;Cash;TXN108347
11/4/2021;HR;Utilities;Central;49162;38246;Cash;TXN108352
7/5/2021;Finance;Utilities;Central;73689;77072;Card;TXN108368
20/2/2022;HR;Utilities;Central;27035;138170;Card;TXN108389
8/1/2021;IT;Utilities;Central;64850;38991;Bank Transfer;TXN108461
28/8/2023;Finance;Utilities;Central;116383;95890;Card;TXN108505
6/5/2023;HR;Utilities;Central;12523;69208;UPI;TXN108523
29/5/2023;HR;Utilities;Central;109964;89435;Card;TXN108524
15/3/2021;IT;Utilities;Central;113218;168360;Bank Transfer;TXN108565
6/5/2022;Marketing;Utilities;Central;63816;12534;Cash;TXN108670
2/11/2023;Finance;Utilities;Central;13038;105429;Card;TXN108702
25/12/2022;Marketing;Utilities;Central;82036;49732;Card;TXN108704
28/9/2021;IT;Utilities;Central;56853;34902;Cash;TXN108716
25/2/2023;Marketing;Utilities;Central;139442;83103;UPI;TXN108738
9/12/2021;Finance;Utilities;Central;138782;108783;Cash;TXN108801
23/8/2021;Marketing;Utilities;Central;98062;94233;Card;TXN108855
31/8/2021;Marketing;Utilities;Central;92803;38073;Cash;TXN108890
13/1/2023;HR;Utilities;Central;142091;20039;Bank Transfer;TXN108918
11/5/2021;Marketing;Utilities;Central;21708;114928;UPI;TXN108936
8/1/2021;Finance;Utilities;Central;39228;115456;Cash;TXN108949
1/2/2021;Marketing;Utilities;Central;106780;87619;Cash;TXN108951
17/6/2022;HR;Utilities;Central;50407;46938;Cash;TXN109058
7/3/2022;Marketing;Utilities;Central;20621;16458;Card;TXN109067
12/9/2021;Finance;Utilities;Central;46225;58862;UPI;TXN109106
2/12/2021;Marketing;Utilities;Central;99274;143251;Cash;TXN109108
31/7/2021;IT;Utilities;Central;63805;85425;Card;TXN109117
17/10/2022;Marketing;Utilities;Central;73011;44350;UPI;TXN109181
12/5/2021;Finance;Utilities;Central;89842;164591;Bank Transfer;TXN109186
2/4/2022;HR;Utilities;Central;142996;34361;Cash;TXN109188
13/8/2022;IT;Utilities;Central;85919;121998;Bank Transfer;TXN109286
24/9/2022;HR;Utilities;Central;17139;69326;Bank Transfer;TXN109312
14/1/2021;Finance;Utilities;Central;53415;21067;Cash;TXN109372
23/4/2021;IT;Utilities;Central;117435;9426;UPI;TXN109441
21/11/2022;Marketing;Utilities;Central;110193;136504;UPI;TXN109521
19/12/2022;Marketing;Utilities;Central;118754;153585;UPI;TXN109784
21/10/2022;IT;Utilities;Central;39927;124912;Bank Transfer;TXN109814
13/1/2021;Marketing;Utilities;Central;34019;12010;Card;TXN109835
10/1/2023;HR;Utilities;Central;144529;42951;Card;TXN109883
9/10/2021;HR;Utilities;Central;105929;41223;Cash;TXN109904
29/10/2023;Finance;Utilities;Central;86723;148863;Cash;TXN109918
9/8/2021;HR;Utilities;Central;55663;116578;UPI;TXN109932
19/7/2022;Operations;Utilities;Central;64150;56793;Cash;TXN100040
11/2/2022;Operations;Utilities;Central;15825;146080;Card;TXN100094
27/3/2023;Operations;Utilities;Central;73566;136404;Card;TXN100194
22/4/2022;Operations;Utilities;Central;138529;101399;Cash;TXN100242
5/1/2021;Operations;Utilities;Central;86693;14522;Cash;TXN100306
3/6/2021;Operations;Utilities;Central;88107;126016;Bank Transfer;TXN100339
28/8/2022;Operations;Utilities;Central;72058;76907;UPI;TXN100387
11/8/2022;Operations;Utilities;Central;92567;43629;Card;TXN100445
31/5/2023;Operations;Utilities;Central;12917;93407;UPI;TXN100723
12/9/2022;Operations;Utilities;Central;33066;29947;Bank Transfer;TXN101095
29/10/2023;Operations;Utilities;Central;141855;169528;Cash;TXN101527
3/9/2021;Operations;Utilities;Central;148326;118831;UPI;TXN101850
19/1/2021;Operations;Utilities;Central;78079;89947;Card;TXN102006
26/11/2022;Operations;Utilities;Central;87400;124075;Card;TXN102393
26/3/2022;Operations;Utilities;Central;129358;128507;Bank Transfer;TXN102505
13/7/2021;Operations;Utilities;Central;58187;72859;Cash;TXN102695
21/10/2023;Operations;Utilities;Central;63897;116306;Bank Transfer;TXN102794
15/12/2021;Operations;Utilities;Central;28798;32067;Card;TXN102979
28/8/2022;Operations;Utilities;Central;73628;43666;UPI;TXN102986
22/4/2021;Operations;Utilities;Central;130862;32094;UPI;TXN103033
7/9/2022;Operations;Utilities;Central;145688;82907;Card;TXN103034
6/7/2023;Operations;Utilities;Central;63155;110798;Bank Transfer;TXN103097
22/1/2022;Operations;Utilities;Central;88566;159622;UPI;TXN103294
31/7/2023;Operations;Utilities;Central;136239;121385;Cash;TXN103470
2/11/2022;Operations;Utilities;Central;101978;68118;Bank Transfer;TXN103513
10/8/2023;Operations;Utilities;Central;121109;137849;Cash;TXN103705
5/2/2021;Operations;Utilities;Central;95424;112608;UPI;TXN103752
15/6/2021;Operations;Utilities;Central;31009;38152;Bank Transfer;TXN103754
23/1/2022;Operations;Utilities;Central;130963;166262;Card;TXN103837
30/11/2022;Operations;Utilities;Central;55940;32687;Bank Transfer;TXN103852
25/1/2022;Operations;Utilities;Central;11716;66781;Card;TXN103901
26/1/2021;Operations;Utilities;Central;83790;20192;UPI;TXN104066
21/2/2021;Operations;Utilities;Central;40762;67472;Cash;TXN104472
30/8/2022;Operations;Utilities;Central;66868;58717;UPI;TXN104570
20/10/2022;Operations;Utilities;Central;26059;38344;Card;TXN104649
24/3/2023;Operations;Utilities;Central;44495;166882;Cash;TXN104726
18/6/2023;Operations;Utilities;Central;129752;71242;UPI;TXN104875
12/8/2021;Operations;Utilities;Central;106974;130686;Bank Transfer;TXN104904
20/4/2023;Operations;Utilities;Central;72176;108945;UPI;TXN105024
23/5/2023;Operations;Utilities;Central;87674;155460;UPI;TXN105993
25/4/2021;Operations;Utilities;Central;121290;86963;Bank Transfer;TXN106036
4/11/2022;Operations;Utilities;Central;78234;146433;UPI;TXN106234
29/1/2021;Operations;Utilities;Central;20675;132614;Card;TXN106290
10/9/2022;Operations;Utilities;Central;41649;106474;Bank Transfer;TXN106478
15/4/2021;Operations;Utilities;Central;29076;109428;Cash;TXN106645
11/7/2021;Operations;Utilities;Central;116573;139172;Card;TXN106733
17/12/2022;Operations;Utilities;Central;64326;133647;Card;TXN107121
27/8/2023;Operations;Utilities;Central;111996;127976;Bank Transfer;TXN107231
28/4/2021;Operations;Utilities;Central;112095;157709;UPI;TXN107575
26/6/2023;Operations;Utilities;Central;107218;104156;UPI;TXN107650
23/8/2022;Operations;Utilities;Central;98533;32539;Cash;TXN107898
22/8/2022;Operations;Utilities;Central;143049;95175;Cash;TXN107924
17/6/2023;Operations;Utilities;Central;33933;9298;Bank Transfer;TXN107971
4/5/2023;Operations;Utilities;Central;135764;166205;Cash;TXN108013
9/11/2023;Operations;Utilities;Central;144091;27965;Cash;TXN108024
18/8/2022;Operations;Utilities;Central;80827;46607;Card;TXN108537
11/2/2021;Operations;Utilities;Central;80242;123445;Bank Transfer;TXN108593
15/9/2021;Operations;Utilities;Central;118135;118475;Card;TXN108617
18/5/2023;Operations;Utilities;Central;53404;160499;Cash;TXN108768
29/7/2022;Operations;Utilities;Central;28150;120559;UPI;TXN109092
5/4/2022;Operations;Utilities;Central;143609;67500;Cash;TXN109298
14/1/2023;Operations;Utilities;Central;103856;74458;Card;TXN109422
21/4/2022;Operations;Utilities;Central;61807;42759;UPI;TXN109634
17/12/2021;Operations;Utilities;Central;67063;79853;UPI;TXN109780
27/11/2021;Sales;Utilities;Central;121895;64314;UPI;TXN100004
9/7/2021;Sales;Utilities;Central;47146;62758;UPI;TXN100024
21/12/2022;Sales;Utilities;Central;64169;56442;UPI;TXN100062
14/10/2023;Sales;Utilities;Central;88775;52889;Bank Transfer;TXN100185
29/3/2022;Sales;Utilities;Central;140576;48632;UPI;TXN100234
1/3/2023;Sales;Utilities;Central;53520;83919;Card;TXN100336
9/11/2023;Sales;Utilities;Central;12640;9080;Cash;TXN100417
27/6/2022;Sales;Utilities;Central;131865;127086;UPI;TXN100712
28/10/2022;Sales;Utilities;Central;108273;12302;Card;TXN100890
13/9/2023;Sales;Utilities;Central;149139;118994;Cash;TXN101100
14/1/2021;Sales;Utilities;Central;47219;83386;Cash;TXN101396
15/4/2022;Sales;Utilities;Central;13534;69964;Card;TXN101611
4/11/2022;Sales;Utilities;Central;53872;36822;Bank Transfer;TXN101663
1/9/2022;Sales;Utilities;Central;103125;66259;Card;TXN101830
29/3/2021;Sales;Utilities;Central;86474;103117;Card;TXN101998
4/12/2023;Sales;Utilities;Central;73134;97957;Card;TXN101999
23/12/2023;Sales;Utilities;Central;111019;139101;Bank Transfer;TXN102368
2/12/2022;Sales;Utilities;Central;125400;53609;UPI;TXN102451
14/12/2022;Sales;Utilities;Central;116951;101909;Bank Transfer;TXN102509
17/4/2023;Sales;Utilities;Central;15505;44534;Card;TXN102557
16/10/2021;Sales;Utilities;Central;132378;52178;Bank Transfer;TXN103180
9/4/2023;Sales;Utilities;Central;89035;46787;Bank Transfer;TXN103366
12/7/2023;Sales;Utilities;Central;113519;83014;Cash;TXN103567
5/5/2023;Sales;Utilities;Central;146802;169692;Card;TXN103640
20/7/2021;Sales;Utilities;Central;14753;120008;Bank Transfer;TXN103788
23/12/2023;Sales;Utilities;Central;124289;28062;Cash;TXN103913
25/5/2023;Sales;Utilities;Central;45132;29329;Cash;TXN103990
8/3/2022;Sales;Utilities;Central;26486;70165;Cash;TXN104088
6/7/2021;Sales;Utilities;Central;140557;96790;Cash;TXN104201
23/8/2023;Sales;Utilities;Central;14937;161448;Card;TXN104385
2/10/2023;Sales;Utilities;Central;95263;131934;Bank Transfer;TXN104390
22/11/2021;Sales;Utilities;Central;145531;156824;Card;TXN104413
5/3/2023;Sales;Utilities;Central;141448;163885;Card;TXN104714
11/10/2023;Sales;Utilities;Central;28238;168275;Card;TXN104859
6/11/2021;Sales;Utilities;Central;61996;14182;UPI;TXN104940
12/11/2023;Sales;Utilities;Central;80498;18375;Card;TXN104946
15/4/2022;Sales;Utilities;Central;49735;87968;Bank Transfer;TXN105012
24/11/2022;Sales;Utilities;Central;91092;34714;Card;TXN105067
18/7/2021;Sales;Utilities;Central;28868;109703;Card;TXN105232
17/2/2023;Sales;Utilities;Central;94560;110704;Card;TXN105298
10/3/2022;Sales;Utilities;Central;21329;24844;Bank Transfer;TXN105527
16/1/2023;Sales;Utilities;Central;112318;130015;Bank Transfer;TXN105533
12/6/2022;Sales;Utilities;Central;98203;104446;Bank Transfer;TXN105577
5/3/2022;Sales;Utilities;Central;60065;51864;Cash;TXN105675
9/3/2023;Sales;Utilities;Central;56787;134821;Cash;TXN105687
19/4/2023;Sales;Utilities;Central;73871;93966;Bank Transfer;TXN105828
28/8/2023;Sales;Utilities;Central;61121;88002;UPI;TXN105918
24/9/2022;Sales;Utilities;Central;44867;152450;Cash;TXN106112
2/8/2023;Sales;Utilities;Central;95120;99414;UPI;TXN106255
9/3/2023;Sales;Utilities;Central;62947;98123;Bank Transfer;TXN106724
21/8/2022;Sales;Utilities;Central;21452;61982;Bank Transfer;TXN106959
26/3/2022;Sales;Utilities;Central;51986;162128;Cash;TXN107303
29/8/2023;Sales;Utilities;Central;110136;156765;Bank Transfer;TXN107417
28/11/2021;Sales;Utilities;Central;90387;120919;Cash;TXN107532
6/10/2023;Sales;Utilities;Central;81392;89876;Card;TXN107545
16/9/2023;Sales;Utilities;Central;53904;64801;Card;TXN107884
15/9/2021;Sales;Utilities;Central;88367;164552;Cash;TXN108104
7/11/2022;Sales;Utilities;Central;63202;68278;Bank Transfer;TXN108423
23/1/2023;Sales;Utilities;Central;104744;23358;UPI;TXN108682
19/4/2023;Sales;Utilities;Central;17078;148856;Card;TXN108847
26/9/2023;Sales;Utilities;Central;104855;147556;Card;TXN108998
11/5/2021;Sales;Utilities;Central;103136;157083;Bank Transfer;TXN109120
22/1/2022;Sales;Utilities;Central;12966;117153;UPI;TXN109136
27/1/2021;Sales;Utilities;Central;80649;20839;Bank Transfer;TXN109154
14/10/2022;Sales;Utilities;Central;68510;137898;Bank Transfer;TXN109194
12/4/2023;Sales;Utilities;Central;18307;113147;Cash;TXN109299
24/10/2022;Sales;Utilities;Central;44594;60446;Card;TXN109322
18/7/2023;Sales;Utilities;Central;67599;143449;Cash;TXN109896
30/1/2022;Sales;Utilities;Central;97041;34564;Cash;TXN109910
8/5/2022;Marketing;Training;Central;60653;77024;UPI;TXN100071
6/6/2022;Sales;Training;Central;129492;139994;UPI;TXN100357
5/1/2023;IT;Training;Central;44536;8944;UPI;TXN100425
29/1/2021;Sales;Training;Central;67325;136752;UPI;TXN100454
2/2/2023;IT;Training;Central;76091;22294;UPI;TXN100577
13/7/2021;HR;Training;Central;69602;71975;UPI;TXN100727
18/5/2022;HR;Training;Central;70698;130189;UPI;TXN100790
8/4/2023;Finance;Training;Central;66623;19495;UPI;TXN100842
11/5/2021;Marketing;Training;Central;95440;75247;UPI;TXN101051
12/1/2021;Operations;Training;Central;89208;142284;UPI;TXN101063
21/9/2022;Sales;Training;Central;39888;139064;UPI;TXN101081
10/9/2023;HR;Training;Central;146413;17250;UPI;TXN101102
14/8/2021;Sales;Training;Central;133555;85611;UPI;TXN101154
23/1/2023;IT;Training;Central;131770;17413;UPI;TXN101162
4/11/2022;IT;Training;Central;121566;142109;UPI;TXN101357
1/8/2022;IT;Training;Central;113423;49273;UPI;TXN101438
5/8/2021;IT;Training;Central;149764;166373;UPI;TXN101516
27/12/2021;IT;Training;Central;28894;8019;UPI;TXN101546
22/8/2023;Marketing;Training;Central;61670;73581;UPI;TXN101613
26/5/2021;Sales;Training;Central;29535;126553;UPI;TXN101656
11/3/2023;HR;Training;Central;25246;36701;UPI;TXN101741
2/4/2022;Operations;Training;Central;91678;50330;UPI;TXN101821
24/9/2022;Marketing;Training;Central;28565;141764;UPI;TXN102139
2/4/2022;HR;Training;Central;70854;109268;UPI;TXN102292
20/8/2021;HR;Training;Central;147012;141483;UPI;TXN102423
3/11/2023;Operations;Training;Central;117454;8269;UPI;TXN102664
27/4/2023;Operations;Training;Central;144952;103022;UPI;TXN102740
17/1/2021;Marketing;Training;Central;37161;138833;UPI;TXN102835
7/12/2023;HR;Training;Central;23241;120623;UPI;TXN103275
7/10/2022;HR;Training;Central;104460;153563;UPI;TXN103337
16/2/2022;Operations;Training;Central;18234;30736;UPI;TXN103417
2/10/2022;Sales;Training;Central;107558;93640;UPI;TXN103695
18/1/2022;Sales;Training;Central;100052;77748;UPI;TXN103836
5/5/2021;Sales;Training;Central;64980;56128;UPI;TXN104166
3/6/2023;Finance;Training;Central;141682;143163;UPI;TXN104169
20/5/2022;Operations;Training;Central;90221;66888;UPI;TXN104349
12/6/2022;Sales;Training;Central;39943;151093;UPI;TXN104423
22/1/2023;Marketing;Training;Central;113415;23298;UPI;TXN104458
30/7/2022;Sales;Training;Central;142765;80672;UPI;TXN104514
13/12/2023;Marketing;Training;Central;94357;144768;UPI;TXN104607
28/1/2021;Operations;Training;Central;19353;109310;UPI;TXN104744
29/12/2023;HR;Training;Central;29432;50691;UPI;TXN105105
27/1/2022;Finance;Training;Central;20683;93419;UPI;TXN105322
14/10/2022;Marketing;Training;Central;118162;124217;UPI;TXN105326
9/11/2022;Operations;Training;Central;108911;106065;UPI;TXN105504
2/4/2021;Sales;Training;Central;129655;131608;UPI;TXN105627
5/6/2021;Sales;Training;Central;127572;29394;UPI;TXN105635
10/11/2021;Operations;Training;Central;124092;98283;UPI;TXN105758
20/6/2022;IT;Training;Central;132507;30928;UPI;TXN106028
16/3/2021;Marketing;Training;Central;10246;82986;UPI;TXN106120
17/12/2022;IT;Training;Central;44195;12412;UPI;TXN106188
2/3/2023;Marketing;Training;Central;57929;168280;UPI;TXN106235
24/11/2023;Sales;Training;Central;81734;15638;UPI;TXN106270
12/5/2022;HR;Training;Central;23983;131141;UPI;TXN106279
24/9/2021;Operations;Training;Central;134854;154891;UPI;TXN106339
7/1/2023;Marketing;Training;Central;21771;98609;UPI;TXN106367
19/9/2023;HR;Training;Central;86189;141928;UPI;TXN106395
5/7/2023;Sales;Training;Central;33613;82051;UPI;TXN106493
31/1/2022;Finance;Training;Central;54477;84018;UPI;TXN106554
21/7/2021;HR;Training;Central;113970;35140;UPI;TXN107004
30/8/2023;HR;Training;Central;61975;64689;UPI;TXN107010
16/1/2022;HR;Training;Central;50039;32268;UPI;TXN107142
29/6/2022;HR;Training;Central;56554;47182;UPI;TXN107203
14/3/2021;Sales;Training;Central;131688;65037;UPI;TXN107652
1/6/2023;Operations;Training;Central;110167;78512;UPI;TXN107697
10/1/2022;IT;Training;Central;58373;124773;UPI;TXN107796
9/10/2023;Finance;Training;Central;66858;90673;UPI;TXN107814
12/2/2022;IT;Training;Central;61879;140739;UPI;TXN107970
1/5/2022;HR;Training;Central;117919;51729;UPI;TXN108145
25/8/2022;Sales;Training;Central;51707;29451;UPI;TXN108191
7/7/2021;Marketing;Training;Central;63880;88109;UPI;TXN108222
21/6/2023;IT;Training;Central;149234;151024;UPI;TXN108341
15/6/2022;HR;Training;Central;149229;103976;UPI;TXN108406
19/1/2021;IT;Training;Central;85453;65791;UPI;TXN108597
31/8/2021;HR;Training;Central;115953;18730;UPI;TXN108798
19/12/2021;Finance;Training;Central;23301;125046;UPI;TXN109237
22/2/2022;Finance;Training;Central;41185;126234;UPI;TXN109454
11/3/2022;IT;Training;Central;87988;166682;UPI;TXN109551
2/12/2023;Marketing;Training;Central;71353;9497;UPI;TXN109588
29/5/2021;IT;Training;Central;74614;149594;UPI;TXN109897
23/4/2021;Finance;Training;Central;39617;90509;Cash;TXN100143
5/4/2022;IT;Training;Central;36455;78723;Cash;TXN100219
24/7/2023;Operations;Training;Central;124675;158266;Cash;TXN100438
14/1/2023;IT;Training;Central;49865;101846;Cash;TXN101028
16/8/2023;Marketing;Training;Central;136083;150177;Cash;TXN101121
10/7/2021;Operations;Training;Central;136273;80456;Cash;TXN101219
1/1/2023;Finance;Training;Central;124753;108541;Cash;TXN101257
29/12/2023;Finance;Training;Central;147158;137266;Cash;TXN101545
28/1/2022;Finance;Training;Central;118567;44472;Cash;TXN101886
30/8/2021;Marketing;Training;Central;24838;158584;Cash;TXN101892
2/5/2021;Sales;Training;Central;73900;77871;Cash;TXN101972
18/2/2021;Finance;Training;Central;45584;62790;Cash;TXN102114
17/7/2023;Finance;Training;Central;60338;161071;Cash;TXN102263
6/10/2021;Marketing;Training;Central;112874;110031;Cash;TXN102307
24/10/2022;Finance;Training;Central;120840;74297;Cash;TXN102361
26/2/2021;Sales;Training;Central;60106;120178;Cash;TXN102677
29/11/2022;HR;Training;Central;76301;159970;Cash;TXN102847
28/1/2022;Sales;Training;Central;61569;118016;Cash;TXN102881
8/6/2021;Sales;Training;Central;47633;126425;Cash;TXN102904
23/2/2021;IT;Training;Central;125877;29943;Cash;TXN103258
26/10/2021;Operations;Training;Central;71242;73086;Cash;TXN103279
3/5/2023;Marketing;Training;Central;16202;116485;Cash;TXN103311
3/4/2023;Finance;Training;Central;125672;146549;Cash;TXN103329
17/5/2021;Marketing;Training;Central;74086;134887;Cash;TXN103367
24/6/2023;Operations;Training;Central;145914;39178;Cash;TXN103511
10/1/2022;Sales;Training;Central;87707;21536;Cash;TXN103674
11/7/2021;HR;Training;Central;135873;59132;Cash;TXN103761
5/1/2023;IT;Training;Central;124826;99498;Cash;TXN103765
16/4/2021;HR;Training;Central;67420;149798;Cash;TXN103778
5/6/2021;Finance;Training;Central;14342;135757;Cash;TXN103854
2/4/2023;HR;Training;Central;143425;127733;Cash;TXN103908
17/5/2021;IT;Training;Central;86676;25704;Cash;TXN103941
9/10/2023;Sales;Training;Central;20974;155746;Cash;TXN104249
3/2/2021;Finance;Training;Central;105310;73436;Cash;TXN104262
12/7/2021;HR;Training;Central;75461;150370;Cash;TXN104425
22/1/2021;Sales;Training;Central;77653;112806;Cash;TXN104591
23/11/2022;Operations;Training;Central;15128;27960;Cash;TXN104695
5/3/2022;HR;Training;Central;60200;84543;Cash;TXN104762
21/6/2023;Marketing;Training;Central;122012;151536;Cash;TXN105091
2/6/2022;IT;Training;Central;13604;24551;Cash;TXN105124
10/12/2021;Operations;Training;Central;92721;114733;Cash;TXN105158
29/12/2023;Sales;Training;Central;121605;52800;Cash;TXN105279
16/5/2023;Operations;Training;Central;142165;20131;Cash;TXN105320
24/5/2023;Marketing;Training;Central;113499;160324;Cash;TXN105337
10/9/2021;Marketing;Training;Central;63800;39559;Cash;TXN105339
8/2/2021;Finance;Training;Central;118886;141441;Cash;TXN105362
20/4/2021;Finance;Training;Central;25327;58816;Cash;TXN105370
25/11/2021;Marketing;Training;Central;115238;82715;Cash;TXN105441
19/10/2021;Operations;Training;Central;108259;50972;Cash;TXN106069
5/10/2022;HR;Training;Central;88732;28990;Cash;TXN106150
21/8/2021;IT;Training;Central;58401;8637;Cash;TXN106261
19/5/2021;Finance;Training;Central;95251;122058;Cash;TXN106296
6/10/2023;Operations;Training;Central;147075;104565;Cash;TXN106342
3/12/2022;Operations;Training;Central;99553;135192;Cash;TXN106865
22/5/2023;Operations;Training;Central;133894;110897;Cash;TXN106869
7/9/2022;Marketing;Training;Central;26863;56805;Cash;TXN106929
9/7/2022;IT;Training;Central;94449;109711;Cash;TXN107011
20/9/2022;Operations;Training;Central;97206;54134;Cash;TXN107050
17/6/2021;Finance;Training;Central;59715;26441;Cash;TXN107115
8/6/2021;Sales;Training;Central;124447;135445;Cash;TXN107270
12/9/2023;Finance;Training;Central;52877;128155;Cash;TXN107393
2/10/2023;HR;Training;Central;133216;66643;Cash;TXN107607
28/9/2021;Marketing;Training;Central;33778;144433;Cash;TXN107625
25/8/2023;Operations;Training;Central;112676;29232;Cash;TXN107706
24/4/2023;Sales;Training;Central;14043;76094;Cash;TXN107743
12/7/2022;Sales;Training;Central;57328;134503;Cash;TXN107774
29/11/2021;Operations;Training;Central;142041;102805;Cash;TXN107907
19/10/2021;Finance;Training;Central;64818;34624;Cash;TXN108150
30/8/2022;Sales;Training;Central;91231;54747;Cash;TXN108189
24/1/2021;Marketing;Training;Central;70263;138086;Cash;TXN108262
16/1/2023;Operations;Training;Central;128174;8173;Cash;TXN108317
24/2/2021;HR;Training;Central;22708;161065;Cash;TXN108443
13/7/2021;Sales;Training;Central;133842;64858;Cash;TXN108473
1/8/2022;Sales;Training;Central;56381;69954;Cash;TXN108549
12/6/2022;Operations;Training;Central;23465;168797;Cash;TXN108551
9/11/2023;Operations;Training;Central;122911;166317;Cash;TXN108905
9/8/2021;Sales;Training;Central;74627;29100;Cash;TXN108910
9/11/2023;Marketing;Training;Central;32322;129129;Cash;TXN109347
29/3/2021;Marketing;Training;Central;69176;13634;Cash;TXN109414
5/4/2022;Operations;Training;Central;19512;116090;Cash;TXN109563
5/9/2021;Finance;Training;Central;134326;102545;Cash;TXN109901
10/3/2022;Sales;Training;Central;100948;68352;Cash;TXN109970
3/7/2023;HR;Training;Central;19610;14224;Bank Transfer;TXN100206
18/8/2021;Marketing;Training;Central;81868;134197;Bank Transfer;TXN100225
13/2/2023;Marketing;Training;Central;67414;106504;Bank Transfer;TXN100307
3/3/2021;Marketing;Training;Central;14237;167752;Bank Transfer;TXN100412
7/4/2023;Marketing;Training;Central;68679;118170;Bank Transfer;TXN100539
11/9/2023;Sales;Training;Central;96019;162471;Bank Transfer;TXN100597
17/6/2021;IT;Training;Central;57688;105440;Bank Transfer;TXN101007
21/1/2023;Marketing;Training;Central;20461;41313;Bank Transfer;TXN101036
1/12/2022;Finance;Training;Central;135842;135391;Bank Transfer;TXN101240
6/6/2023;Finance;Training;Central;93464;59855;Bank Transfer;TXN101290
13/3/2021;Marketing;Training;Central;86893;107181;Bank Transfer;TXN101340
17/4/2023;Sales;Training;Central;67125;24597;Bank Transfer;TXN101507
1/6/2022;Finance;Training;Central;109436;90717;Bank Transfer;TXN101531
22/4/2023;Sales;Training;Central;111542;17366;Bank Transfer;TXN101577
13/8/2022;Sales;Training;Central;12655;162137;Bank Transfer;TXN101672
1/2/2022;HR;Training;Central;123796;100351;Bank Transfer;TXN101881
12/2/2022;Finance;Training;Central;110566;28428;Bank Transfer;TXN101915
29/9/2022;HR;Training;Central;72653;146639;Bank Transfer;TXN102195
14/1/2023;IT;Training;Central;30071;94581;Bank Transfer;TXN102212
30/4/2022;HR;Training;Central;17611;26429;Bank Transfer;TXN102241
20/7/2021;Operations;Training;Central;36084;144965;Bank Transfer;TXN102577
6/2/2023;HR;Training;Central;125192;53701;Bank Transfer;TXN103087
6/3/2021;HR;Training;Central;140404;165833;Bank Transfer;TXN103122
2/9/2022;Finance;Training;Central;28394;63158;Bank Transfer;TXN103240
10/10/2021;Finance;Training;Central;93733;115107;Bank Transfer;TXN103351
27/7/2023;Operations;Training;Central;132099;141820;Bank Transfer;TXN103403
1/12/2021;Operations;Training;Central;99070;122507;Bank Transfer;TXN103493
3/4/2022;HR;Training;Central;68214;30008;Bank Transfer;TXN103604
21/9/2023;Finance;Training;Central;65414;97506;Bank Transfer;TXN103642
8/1/2021;Marketing;Training;Central;36926;128287;Bank Transfer;TXN104042
13/6/2022;Sales;Training;Central;41046;121121;Bank Transfer;TXN104044
25/10/2023;Marketing;Training;Central;12525;103038;Bank Transfer;TXN104134
16/1/2022;Finance;Training;Central;32014;98183;Bank Transfer;TXN104482
2/1/2022;Sales;Training;Central;133246;54607;Bank Transfer;TXN104493
17/1/2023;Sales;Training;Central;135871;106944;Bank Transfer;TXN104577
24/6/2021;HR;Training;Central;57645;100276;Bank Transfer;TXN104624
23/9/2021;Marketing;Training;Central;57318;33704;Bank Transfer;TXN104638
14/2/2022;Marketing;Training;Central;102647;105569;Bank Transfer;TXN104698
30/12/2023;Finance;Training;Central;100134;36532;Bank Transfer;TXN104778
31/10/2023;Finance;Training;Central;110637;127268;Bank Transfer;TXN104784
10/3/2023;Operations;Training;Central;64639;152928;Bank Transfer;TXN104828
5/6/2023;HR;Training;Central;17109;50301;Bank Transfer;TXN104839
22/9/2021;HR;Training;Central;92278;137785;Bank Transfer;TXN104965
26/3/2022;HR;Training;Central;49101;159944;Bank Transfer;TXN105203
9/10/2021;Marketing;Training;Central;46146;65352;Bank Transfer;TXN105247
21/4/2023;Sales;Training;Central;111059;134119;Bank Transfer;TXN105327
23/9/2021;Sales;Training;Central;133517;15364;Bank Transfer;TXN105358
9/12/2021;Finance;Training;Central;101756;82628;Bank Transfer;TXN105400
20/2/2022;HR;Training;Central;68216;153212;Bank Transfer;TXN105452
6/12/2023;HR;Training;Central;104814;51955;Bank Transfer;TXN105899
29/12/2023;Operations;Training;Central;110299;13819;Bank Transfer;TXN106101
12/12/2023;HR;Training;Central;128002;143004;Bank Transfer;TXN106136
19/2/2021;Sales;Training;Central;26714;50453;Bank Transfer;TXN106245
23/11/2022;HR;Training;Central;116057;121330;Bank Transfer;TXN106357
14/7/2023;HR;Training;Central;79456;132302;Bank Transfer;TXN106559
16/1/2023;Finance;Training;Central;126081;74028;Bank Transfer;TXN106583
7/4/2023;IT;Training;Central;138367;93401;Bank Transfer;TXN106852
23/3/2022;Sales;Training;Central;91733;41172;Bank Transfer;TXN106906
30/6/2022;IT;Training;Central;34281;10470;Bank Transfer;TXN107200
11/12/2022;IT;Training;Central;112299;149592;Bank Transfer;TXN107228
28/2/2023;IT;Training;Central;26734;89152;Bank Transfer;TXN107252
22/5/2021;IT;Training;Central;118505;146982;Bank Transfer;TXN107355
21/12/2021;Operations;Training;Central;118626;70855;Bank Transfer;TXN107482
25/5/2023;HR;Training;Central;129138;81454;Bank Transfer;TXN107548
18/6/2023;IT;Training;Central;27448;77246;Bank Transfer;TXN107660
19/11/2023;Operations;Training;Central;75829;135931;Bank Transfer;TXN108084
13/4/2022;Marketing;Training;Central;21876;139406;Bank Transfer;TXN108399
15/3/2022;IT;Training;Central;40467;102278;Bank Transfer;TXN108405
10/6/2023;HR;Training;Central;16520;80023;Bank Transfer;TXN108535
5/12/2023;Operations;Training;Central;59158;34758;Bank Transfer;TXN108892
15/4/2022;Operations;Training;Central;70697;100251;Bank Transfer;TXN109001
24/4/2023;Operations;Training;Central;70585;61893;Bank Transfer;TXN109050
17/8/2022;Operations;Training;Central;79542;162581;Bank Transfer;TXN109119
21/4/2021;HR;Training;Central;149348;30842;Bank Transfer;TXN109172
4/12/2023;HR;Training;Central;116557;17472;Bank Transfer;TXN109197
24/11/2023;Operations;Training;Central;94763;9098;Bank Transfer;TXN109374
9/4/2023;Sales;Training;Central;75657;79705;Bank Transfer;TXN109391
31/12/2021;Marketing;Training;Central;100519;23183;Bank Transfer;TXN109398
5/8/2021;HR;Training;Central;132519;139921;Bank Transfer;TXN109546
20/7/2023;Sales;Training;Central;80913;62968;Bank Transfer;TXN109553
13/8/2023;Operations;Training;Central;114665;137383;Bank Transfer;TXN109693
5/11/2023;HR;Training;Central;89114;104270;Bank Transfer;TXN109852
26/1/2022;Finance;Training;Central;104406;19254;Bank Transfer;TXN109864
24/5/2021;HR;Training;Central;149747;41509;Bank Transfer;TXN109951
2/5/2021;IT;Training;Central;108523;103632;Card;TXN100002
9/7/2021;HR;Training;Central;22451;125065;Card;TXN100130
3/5/2021;IT;Training;Central;108347;142037;Card;TXN100154
1/9/2022;Operations;Training;Central;44630;33393;Card;TXN100164
23/2/2021;Finance;Training;Central;22434;130914;Card;TXN100198
7/10/2021;Marketing;Training;Central;58698;21584;Card;TXN100247
17/10/2023;Finance;Training;Central;16463;162830;Card;TXN100598
6/5/2021;IT;Training;Central;85558;124006;Card;TXN100682
25/4/2023;Marketing;Training;Central;105979;167484;Card;TXN100745
26/1/2022;Finance;Training;Central;49606;124741;Card;TXN100796
29/10/2021;Finance;Training;Central;112841;58521;Card;TXN100834
28/3/2022;IT;Training;Central;86479;63301;Card;TXN100944
14/11/2021;HR;Training;Central;107432;122452;Card;TXN101123
23/11/2023;HR;Training;Central;48821;101939;Card;TXN101280
12/5/2023;Finance;Training;Central;117753;124458;Card;TXN101423
29/9/2022;Marketing;Training;Central;93471;51568;Card;TXN101444
30/8/2023;Operations;Training;Central;68434;113976;Card;TXN101484
9/5/2022;Marketing;Training;Central;59157;117212;Card;TXN101556
8/6/2021;Operations;Training;Central;108874;14951;Card;TXN101628
4/8/2022;Sales;Training;Central;148279;70423;Card;TXN101660
15/7/2022;Operations;Training;Central;126093;59239;Card;TXN101696
10/10/2023;Sales;Training;Central;113425;95740;Card;TXN101742
23/5/2021;IT;Training;Central;120540;134677;Card;TXN101760
9/5/2021;HR;Training;Central;77229;91117;Card;TXN101888
1/1/2022;Operations;Training;Central;106923;94734;Card;TXN101921
29/5/2021;HR;Training;Central;98155;164480;Card;TXN101977
11/10/2023;IT;Training;Central;60936;129489;Card;TXN102044
27/5/2023;IT;Training;Central;118296;15166;Card;TXN102253
18/7/2023;Finance;Training;Central;44173;65846;Card;TXN102258
19/12/2021;HR;Training;Central;79022;35877;Card;TXN102281
17/10/2022;Operations;Training;Central;135494;23710;Card;TXN102500
16/5/2023;Marketing;Training;Central;141418;40029;Card;TXN102606
21/4/2021;Sales;Training;Central;56782;71541;Card;TXN102833
3/6/2023;Sales;Training;Central;116265;97232;Card;TXN102836
2/9/2022;Marketing;Training;Central;114780;159119;Card;TXN102877
22/3/2022;IT;Training;Central;128179;158331;Card;TXN102919
8/3/2023;Finance;Training;Central;78348;118031;Card;TXN102947
12/11/2022;Sales;Training;Central;36770;136349;Card;TXN103056
12/11/2023;Sales;Training;Central;85108;62999;Card;TXN103077
2/6/2023;Sales;Training;Central;99086;145725;Card;TXN103151
18/8/2022;HR;Training;Central;44924;79510;Card;TXN103231
2/3/2021;Finance;Training;Central;17202;128241;Card;TXN103563
4/4/2022;Marketing;Training;Central;141380;124091;Card;TXN103612
14/5/2022;Finance;Training;Central;22756;51137;Card;TXN103614
7/5/2023;Operations;Training;Central;149881;86830;Card;TXN103658
28/11/2023;Operations;Training;Central;84374;33446;Card;TXN103790
9/2/2022;HR;Training;Central;74079;139739;Card;TXN104185
10/10/2023;HR;Training;Central;124938;97128;Card;TXN104200
23/12/2023;Operations;Training;Central;70147;155287;Card;TXN104224
14/7/2021;Sales;Training;Central;126274;35617;Card;TXN104241
23/5/2022;Finance;Training;Central;136361;135556;Card;TXN104544
15/11/2023;Marketing;Training;Central;129871;73921;Card;TXN104648
1/1/2021;Finance;Training;Central;138899;140974;Card;TXN104894
22/1/2022;IT;Training;Central;33999;31723;Card;TXN104921
6/12/2021;Operations;Training;Central;55638;114547;Card;TXN104943
16/12/2023;Operations;Training;Central;123729;64603;Card;TXN104989
11/9/2022;Marketing;Training;Central;36065;60924;Card;TXN105274
21/5/2023;HR;Training;Central;66746;85201;Card;TXN105308
8/7/2021;HR;Training;Central;35120;29877;Card;TXN105469
23/3/2022;IT;Training;Central;75179;53351;Card;TXN105831
8/1/2022;Sales;Training;Central;40642;156530;Card;TXN105851
12/6/2021;HR;Training;Central;69418;67303;Card;TXN105862
8/5/2021;Sales;Training;Central;102565;106086;Card;TXN105871
16/4/2022;Operations;Training;Central;86868;48492;Card;TXN106163
17/3/2023;Finance;Training;Central;136630;150120;Card;TXN106315
1/3/2021;Sales;Training;Central;72294;78870;Card;TXN106415
16/11/2023;Operations;Training;Central;43288;85759;Card;TXN106472
28/2/2021;Sales;Training;Central;27349;34532;Card;TXN106517
13/12/2022;Finance;Training;Central;61559;98006;Card;TXN106655
22/9/2022;Sales;Training;Central;58108;33607;Card;TXN106714
21/3/2023;Sales;Training;Central;17080;145779;Card;TXN106786
27/5/2022;IT;Training;Central;81637;141569;Card;TXN106854
31/12/2022;Operations;Training;Central;89718;144635;Card;TXN106985
20/4/2021;HR;Training;Central;83915;94760;Card;TXN107202
21/9/2022;Operations;Training;Central;141896;49006;Card;TXN107250
6/2/2022;Operations;Training;Central;102688;123245;Card;TXN107451
18/2/2021;Marketing;Training;Central;88301;47920;Card;TXN107737
15/3/2021;Operations;Training;Central;89477;48211;Card;TXN107766
3/11/2022;Marketing;Training;Central;41973;165126;Card;TXN107857
2/9/2023;HR;Training;Central;54770;138373;Card;TXN107861
21/3/2021;Finance;Training;Central;71152;166999;Card;TXN107913
26/3/2023;Marketing;Training;Central;80256;20900;Card;TXN107975
25/8/2021;IT;Training;Central;47945;37196;Card;TXN108093
20/10/2021;IT;Training;Central;78108;24589;Card;TXN108122
7/6/2023;IT;Training;Central;56009;12323;Card;TXN108129
24/7/2021;HR;Training;Central;120564;168699;Card;TXN108408
28/8/2021;Finance;Training;Central;70730;28481;Card;TXN108414
26/1/2021;Sales;Training;Central;126441;10972;Card;TXN108529
8/8/2023;Sales;Training;Central;115054;21245;Card;TXN108591
10/9/2021;IT;Training;Central;86153;85175;Card;TXN108624
8/12/2022;Marketing;Training;Central;14774;123041;Card;TXN108800
18/9/2023;Sales;Training;Central;74949;59096;Card;TXN108878
5/1/2021;Finance;Training;Central;12473;129804;Card;TXN108943
4/6/2021;Sales;Training;Central;72430;12542;Card;TXN108985
16/7/2021;IT;Training;Central;123670;10995;Card;TXN109103
11/8/2023;HR;Training;Central;124943;168695;Card;TXN109248
29/4/2023;Marketing;Training;Central;98164;133242;Card;TXN109267
4/11/2022;Sales;Training;Central;52604;107612;Card;TXN109463
6/6/2022;Marketing;Training;Central;59625;112451;Card;TXN109607
17/10/2022;Sales;Training;Central;139918;78341;Card;TXN109624
5/4/2022;Sales;Infrastructure;Central;42270;148677;Cash;TXN100014
22/1/2021;Marketing;Infrastructure;Central;130071;79899;Card;TXN100015
16/8/2023;Marketing;Infrastructure;Central;126293;82140;UPI;TXN100025
27/3/2023;Sales;Infrastructure;Central;67230;78664;Cash;TXN100058
15/10/2023;Sales;Infrastructure;Central;146656;74352;Card;TXN100084
26/7/2021;Sales;Infrastructure;Central;28618;63464;UPI;TXN100109
19/8/2021;Operations;Infrastructure;Central;136076;154023;Bank Transfer;TXN100118
15/4/2022;IT;Infrastructure;Central;86699;120325;Bank Transfer;TXN100221
27/3/2023;IT;Infrastructure;Central;124009;95268;Card;TXN100236
26/9/2021;Sales;Infrastructure;Central;12817;142630;Card;TXN100316
16/8/2023;Operations;Infrastructure;Central;104187;152741;Card;TXN100346
12/10/2021;Sales;Infrastructure;Central;46069;112762;Cash;TXN100377
15/2/2023;Operations;Infrastructure;Central;18895;32940;UPI;TXN100386
7/11/2022;Finance;Infrastructure;Central;95402;93895;Cash;TXN100398
21/1/2023;Finance;Infrastructure;Central;11074;136923;Cash;TXN100444
15/10/2022;IT;Infrastructure;Central;37531;166559;Card;TXN100467
9/3/2023;Operations;Infrastructure;Central;95395;141551;UPI;TXN100528
6/3/2023;Marketing;Infrastructure;Central;32873;134260;Bank Transfer;TXN100540
13/4/2021;Operations;Infrastructure;Central;99248;162776;Cash;TXN100586
15/6/2021;Operations;Infrastructure;Central;92904;159892;UPI;TXN100596
21/4/2021;Finance;Infrastructure;Central;40772;27180;Card;TXN100615
20/1/2023;Operations;Infrastructure;Central;52988;77328;Cash;TXN100672
25/1/2021;HR;Infrastructure;Central;68581;8066;Cash;TXN100686
11/11/2021;HR;Infrastructure;Central;43436;163913;Cash;TXN100700
16/12/2022;Sales;Infrastructure;Central;23574;21119;UPI;TXN100729
24/8/2021;Operations;Infrastructure;Central;42398;27817;Cash;TXN100760
2/12/2023;Sales;Infrastructure;Central;77325;43775;UPI;TXN100776
25/3/2023;HR;Infrastructure;Central;140053;30840;Cash;TXN100855
17/9/2023;Marketing;Infrastructure;Central;91697;31226;Bank Transfer;TXN100902
4/10/2023;Marketing;Infrastructure;Central;73442;138541;UPI;TXN100940
4/7/2023;HR;Infrastructure;Central;78070;150647;Cash;TXN100957
18/4/2023;HR;Infrastructure;Central;126304;66311;UPI;TXN100994
7/11/2023;Sales;Infrastructure;Central;49069;75542;UPI;TXN101000
27/1/2021;Finance;Infrastructure;Central;49916;154136;Card;TXN101004
4/12/2023;Finance;Infrastructure;Central;109242;146523;Cash;TXN101058
7/4/2023;HR;Infrastructure;Central;51594;144484;Card;TXN101085
22/9/2023;HR;Infrastructure;Central;35112;116553;Cash;TXN101091
20/11/2021;IT;Infrastructure;Central;74699;77505;UPI;TXN101137
3/1/2021;IT;Infrastructure;Central;103243;25046;Cash;TXN101175
10/7/2023;Finance;Infrastructure;Central;31345;78970;Bank Transfer;TXN101184
31/8/2023;IT;Infrastructure;Central;94391;71838;UPI;TXN101197
2/12/2021;Sales;Infrastructure;Central;81501;138788;Card;TXN101210
2/3/2022;Marketing;Infrastructure;Central;136550;156612;Cash;TXN101229
16/5/2023;Finance;Infrastructure;Central;110573;71840;Card;TXN101239
7/11/2023;Operations;Infrastructure;Central;141074;55873;Cash;TXN101259
2/11/2021;HR;Infrastructure;Central;87003;139047;Bank Transfer;TXN101268
16/1/2022;Operations;Infrastructure;Central;95736;52435;Bank Transfer;TXN101275
29/5/2023;Finance;Infrastructure;Central;30199;62384;Bank Transfer;TXN101281
20/3/2021;Sales;Infrastructure;Central;144111;61013;Bank Transfer;TXN101282
4/1/2023;Finance;Infrastructure;Central;52478;41845;UPI;TXN101325
5/6/2022;Sales;Infrastructure;Central;51670;122205;Card;TXN101328
30/8/2021;HR;Infrastructure;Central;18475;52932;UPI;TXN101360
21/5/2023;Operations;Infrastructure;Central;28710;117929;Card;TXN101368
1/6/2021;IT;Infrastructure;Central;37209;34787;Bank Transfer;TXN101433
17/4/2023;Marketing;Infrastructure;Central;118229;93824;Bank Transfer;TXN101459
14/1/2023;Finance;Infrastructure;Central;30823;36351;Bank Transfer;TXN101537
29/7/2022;Finance;Infrastructure;Central;144115;102074;Cash;TXN101549
12/4/2021;IT;Infrastructure;Central;113041;102618;Bank Transfer;TXN101573
20/2/2021;Marketing;Infrastructure;Central;86924;130510;UPI;TXN101607
28/6/2023;IT;Infrastructure;Central;22839;117089;UPI;TXN101627
5/6/2022;HR;Infrastructure;Central;135361;115340;Card;TXN101641
24/10/2022;Marketing;Infrastructure;Central;11396;90540;Bank Transfer;TXN101666
31/3/2022;Marketing;Infrastructure;Central;12697;26385;Card;TXN101845
27/12/2022;HR;Infrastructure;Central;43330;43899;UPI;TXN101899
4/10/2021;Sales;Infrastructure;Central;42864;45035;Card;TXN101919
17/7/2022;HR;Infrastructure;Central;22372;165084;Card;TXN101926
18/2/2022;HR;Infrastructure;Central;119461;140353;UPI;TXN101968
8/2/2021;Finance;Infrastructure;Central;55384;19676;Card;TXN101973
26/7/2023;HR;Infrastructure;Central;126539;129250;UPI;TXN102023
2/11/2023;Marketing;Infrastructure;Central;83640;157130;Card;TXN102033
10/12/2022;Finance;Infrastructure;Central;69291;143731;Card;TXN102232
24/6/2023;IT;Infrastructure;Central;59725;133279;UPI;TXN102243
1/1/2022;Operations;Infrastructure;Central;16069;97194;Card;TXN102269
26/9/2021;Finance;Infrastructure;Central;47667;165678;Cash;TXN102277
12/9/2022;Operations;Infrastructure;Central;99950;155792;UPI;TXN102311
15/8/2021;IT;Infrastructure;Central;36875;25261;Card;TXN102336
7/9/2023;IT;Infrastructure;Central;95065;76919;Bank Transfer;TXN102366
13/7/2022;IT;Infrastructure;Central;41027;162754;Cash;TXN102416
15/5/2023;Operations;Infrastructure;Central;92394;97038;Bank Transfer;TXN102458
10/9/2022;Finance;Infrastructure;Central;102734;153210;Cash;TXN102463
9/5/2023;HR;Infrastructure;Central;116528;22347;Card;TXN102486
21/9/2022;IT;Infrastructure;Central;79017;15511;Card;TXN102513
23/8/2021;HR;Infrastructure;Central;65153;84666;Card;TXN102519
28/7/2022;IT;Infrastructure;Central;109281;72333;Card;TXN102521
21/11/2023;Marketing;Infrastructure;Central;78160;49072;Card;TXN102556
1/2/2023;HR;Infrastructure;Central;45472;140701;Bank Transfer;TXN102613
14/11/2022;Operations;Infrastructure;Central;116761;32284;Card;TXN102670
14/2/2021;Operations;Infrastructure;Central;49361;136248;Card;TXN102702
23/1/2021;Operations;Infrastructure;Central;111044;132639;Bank Transfer;TXN102781
6/9/2023;Finance;Infrastructure;Central;38536;12390;Cash;TXN102789
1/2/2022;Operations;Infrastructure;Central;30242;123517;Bank Transfer;TXN102801
10/8/2023;Marketing;Infrastructure;Central;18770;104309;Card;TXN102806
3/6/2022;HR;Infrastructure;Central;142455;41689;Card;TXN102853
26/1/2023;IT;Infrastructure;Central;25458;94707;Cash;TXN102854
29/4/2022;Finance;Infrastructure;Central;33700;109282;Cash;TXN102859
15/2/2023;Operations;Infrastructure;Central;12829;168514;UPI;TXN102866
15/1/2021;Sales;Infrastructure;Central;65272;59469;Bank Transfer;TXN102914
21/6/2022;Finance;Infrastructure;Central;88485;27621;UPI;TXN103072
11/6/2021;Operations;Infrastructure;Central;113865;68504;Cash;TXN103086
2/7/2021;Finance;Infrastructure;Central;129382;91835;UPI;TXN103120
14/5/2023;Operations;Infrastructure;Central;24454;20695;Bank Transfer;TXN103124
3/6/2022;IT;Infrastructure;Central;139428;50670;Cash;TXN103154
23/9/2021;IT;Infrastructure;Central;143991;23518;Cash;TXN103232
1/4/2023;Sales;Infrastructure;Central;82168;154563;Cash;TXN103233
18/5/2023;IT;Infrastructure;Central;20657;86353;Bank Transfer;TXN103239
19/9/2021;Finance;Infrastructure;Central;36195;136953;UPI;TXN103253
11/10/2022;Finance;Infrastructure;Central;98979;88940;Bank Transfer;TXN103309
11/11/2022;Finance;Infrastructure;Central;103496;14953;Card;TXN103317
4/10/2021;Operations;Infrastructure;Central;125591;65225;Card;TXN103354
7/4/2021;IT;Infrastructure;Central;24464;64329;Bank Transfer;TXN103364
14/7/2022;Marketing;Infrastructure;Central;85733;62152;Bank Transfer;TXN103434
22/10/2021;Finance;Infrastructure;Central;69130;77769;Cash;TXN103438
12/3/2021;HR;Infrastructure;Central;34116;32430;UPI;TXN103442
25/7/2021;Sales;Infrastructure;Central;74430;25010;Cash;TXN103499
10/11/2021;HR;Infrastructure;Central;45646;64729;UPI;TXN103518
30/11/2023;Marketing;Infrastructure;Central;113665;86761;Bank Transfer;TXN103541
14/3/2023;Operations;Infrastructure;Central;140568;73823;Bank Transfer;TXN103610
24/4/2021;HR;Infrastructure;Central;93328;94177;Cash;TXN103623
18/5/2021;HR;Infrastructure;Central;15294;110944;Cash;TXN103628
20/6/2023;Marketing;Infrastructure;Central;101936;113086;UPI;TXN103645
22/12/2022;Operations;Infrastructure;Central;63017;83275;UPI;TXN103669
16/10/2022;Finance;Infrastructure;Central;68723;122791;Bank Transfer;TXN103672
31/12/2023;Finance;Infrastructure;Central;108314;138704;Cash;TXN103725
22/1/2022;HR;Infrastructure;Central;120997;128059;UPI;TXN103827
5/2/2023;Finance;Infrastructure;Central;149969;24260;Card;TXN103833
6/6/2023;Finance;Infrastructure;Central;53933;74505;UPI;TXN103855
6/9/2022;Marketing;Infrastructure;Central;136148;46405;UPI;TXN103904
30/10/2022;Finance;Infrastructure;Central;116849;109306;UPI;TXN103916
19/6/2023;Operations;Infrastructure;Central;76875;78519;Bank Transfer;TXN103939
5/7/2023;Marketing;Infrastructure;Central;130408;37834;Cash;TXN103954
5/4/2022;HR;Infrastructure;Central;128170;8942;Bank Transfer;TXN103960
20/9/2022;Operations;Infrastructure;Central;28609;100064;UPI;TXN103975
15/11/2023;Marketing;Infrastructure;Central;83429;87850;Card;TXN103983
8/8/2022;HR;Infrastructure;Central;19145;159653;Card;TXN104012
9/9/2023;Finance;Infrastructure;Central;142018;23948;Card;TXN104063
3/3/2023;Sales;Infrastructure;Central;110420;53603;Cash;TXN104110
20/10/2022;Finance;Infrastructure;Central;30867;63878;Bank Transfer;TXN104122
27/10/2023;Finance;Infrastructure;Central;90069;94384;Card;TXN104140
7/4/2023;Finance;Infrastructure;Central;114646;60585;Cash;TXN104213
27/9/2023;Finance;Infrastructure;Central;116227;87488;Cash;TXN104219
21/5/2021;IT;Infrastructure;Central;41444;111603;Bank Transfer;TXN104222
11/11/2023;Marketing;Infrastructure;Central;57770;165735;Cash;TXN104245
14/6/2021;Sales;Infrastructure;Central;104183;131959;Cash;TXN104247
19/3/2023;Sales;Infrastructure;Central;58070;37791;Cash;TXN104333
8/6/2022;HR;Infrastructure;Central;124738;45030;Cash;TXN104358
25/7/2021;HR;Infrastructure;Central;75150;142700;Card;TXN104371
12/11/2022;Marketing;Infrastructure;Central;126813;66150;Card;TXN104392
2/5/2023;Marketing;Infrastructure;Central;140323;52976;Bank Transfer;TXN104429
14/9/2023;Finance;Infrastructure;Central;137439;31307;Cash;TXN104439
3/12/2023;IT;Infrastructure;Central;73634;96362;Cash;TXN104447
30/7/2021;IT;Infrastructure;Central;117931;29216;UPI;TXN104448
15/5/2023;Operations;Infrastructure;Central;73109;65272;Cash;TXN104498
19/7/2023;Finance;Infrastructure;Central;53908;135192;UPI;TXN104529
12/3/2021;HR;Infrastructure;Central;97565;41384;UPI;TXN104535
2/4/2022;Marketing;Infrastructure;Central;91726;33604;UPI;TXN104537
10/8/2021;Marketing;Infrastructure;Central;138326;39946;Cash;TXN104557
4/12/2023;Marketing;Infrastructure;Central;23097;128690;UPI;TXN104567
26/2/2022;HR;Infrastructure;Central;65776;133268;UPI;TXN104583
12/8/2023;HR;Infrastructure;Central;61026;29712;UPI;TXN104602
8/7/2023;IT;Infrastructure;Central;65100;56247;Bank Transfer;TXN104721
8/10/2022;Finance;Infrastructure;Central;46582;56069;UPI;TXN104734
10/2/2023;Finance;Infrastructure;Central;126816;67482;Cash;TXN104754
3/6/2021;Finance;Infrastructure;Central;140292;73823;Bank Transfer;TXN104796
27/2/2023;Operations;Infrastructure;Central;106060;71673;Bank Transfer;TXN104801
14/8/2023;Sales;Infrastructure;Central;20135;63611;UPI;TXN104843
19/12/2023;Sales;Infrastructure;Central;67554;20805;Card;TXN104883
12/4/2023;IT;Infrastructure;Central;11562;82920;Bank Transfer;TXN104967
4/8/2021;Marketing;Infrastructure;Central;35483;35225;Cash;TXN104978
2/2/2022;IT;Infrastructure;Central;32137;29522;Cash;TXN105044
27/1/2021;Marketing;Infrastructure;Central;139539;104239;Bank Transfer;TXN105097
22/8/2022;HR;Infrastructure;Central;96059;23719;UPI;TXN105107
6/5/2021;Sales;Infrastructure;Central;95141;123137;Bank Transfer;TXN105130
7/7/2022;Sales;Infrastructure;Central;123675;92877;Cash;TXN105135
5/10/2022;Finance;Infrastructure;Central;97558;95514;Bank Transfer;TXN105210
28/10/2022;Sales;Infrastructure;Central;28181;71286;UPI;TXN105230
28/3/2021;Marketing;Infrastructure;Central;24350;91771;Bank Transfer;TXN105252
23/2/2023;Sales;Infrastructure;Central;83203;12482;Bank Transfer;TXN105260
29/6/2021;Finance;Infrastructure;Central;144362;169527;Cash;TXN105266
3/4/2021;Finance;Infrastructure;Central;42066;144439;Card;TXN105287
9/2/2022;Operations;Infrastructure;Central;132355;63585;UPI;TXN105289
1/7/2022;Operations;Infrastructure;Central;83039;153648;Cash;TXN105295
29/11/2022;Sales;Infrastructure;Central;68193;121512;Bank Transfer;TXN105425
25/10/2022;Sales;Infrastructure;Central;128571;159609;UPI;TXN105466
27/4/2022;IT;Infrastructure;Central;109293;84303;UPI;TXN105488
3/1/2022;Marketing;Infrastructure;Central;93555;150763;UPI;TXN105492
13/8/2022;Sales;Infrastructure;Central;49163;161890;UPI;TXN105494
23/12/2023;IT;Infrastructure;Central;137901;52767;Card;TXN105522
14/7/2022;HR;Infrastructure;Central;115229;51575;Card;TXN105554
14/6/2021;IT;Infrastructure;Central;123313;15905;Bank Transfer;TXN105578
22/3/2022;Operations;Infrastructure;Central;144377;126718;Card;TXN105620
5/7/2023;Operations;Infrastructure;Central;138013;82683;Card;TXN105631
25/11/2022;Marketing;Infrastructure;Central;137626;33315;Bank Transfer;TXN105633
24/5/2022;IT;Infrastructure;Central;73269;148104;Cash;TXN105653
7/11/2023;HR;Infrastructure;Central;78269;10364;Cash;TXN105662
24/12/2022;IT;Infrastructure;Central;14017;31309;UPI;TXN105684
28/1/2022;Sales;Infrastructure;Central;49414;137894;Cash;TXN105715
1/7/2022;HR;Infrastructure;Central;128363;94650;UPI;TXN105718
23/11/2021;Sales;Infrastructure;Central;78869;98772;Cash;TXN105751
30/5/2022;Marketing;Infrastructure;Central;112362;45434;Bank Transfer;TXN105762
30/12/2023;HR;Infrastructure;Central;21899;44452;Cash;TXN105830
13/5/2021;Marketing;Infrastructure;Central;130289;57387;Bank Transfer;TXN105848
19/11/2022;IT;Infrastructure;Central;86350;94821;Cash;TXN105856
7/4/2021;Finance;Infrastructure;Central;29533;147800;Bank Transfer;TXN105895
7/9/2022;Finance;Infrastructure;Central;134641;163607;UPI;TXN105907
16/2/2023;Sales;Infrastructure;Central;86794;95516;UPI;TXN105920
13/5/2023;HR;Infrastructure;Central;109389;62284;Cash;TXN105946
14/3/2022;IT;Infrastructure;Central;149547;142142;Card;TXN105952
25/3/2022;Operations;Infrastructure;Central;92644;57494;Bank Transfer;TXN106027
2/11/2023;Operations;Infrastructure;Central;131204;142928;UPI;TXN106098
21/5/2022;HR;Infrastructure;Central;139562;97752;Bank Transfer;TXN106099
28/12/2021;Finance;Infrastructure;Central;123211;48072;Cash;TXN106103
24/5/2023;Marketing;Infrastructure;Central;66247;137062;Bank Transfer;TXN106123
4/6/2022;IT;Infrastructure;Central;39027;15113;UPI;TXN106137
23/7/2021;Finance;Infrastructure;Central;112647;104254;Bank Transfer;TXN106148
21/3/2023;Marketing;Infrastructure;Central;25964;54970;Card;TXN106187
26/1/2021;HR;Infrastructure;Central;117544;21599;Bank Transfer;TXN106215
16/6/2021;HR;Infrastructure;Central;77933;38586;Bank Transfer;TXN106220
9/11/2022;Sales;Infrastructure;Central;99869;162472;UPI;TXN106246
25/11/2021;IT;Infrastructure;Central;37528;128923;UPI;TXN106282
13/5/2021;Operations;Infrastructure;Central;39223;104147;UPI;TXN106283
1/5/2021;HR;Infrastructure;Central;124167;110976;Bank Transfer;TXN106286
29/11/2021;Sales;Infrastructure;Central;99020;159475;UPI;TXN106292
9/2/2023;Finance;Infrastructure;Central;11628;51397;UPI;TXN106308
11/11/2022;HR;Infrastructure;Central;14353;167987;Cash;TXN106328
27/12/2022;HR;Infrastructure;Central;101837;154053;Card;TXN106335
20/8/2023;Sales;Infrastructure;Central;27173;97547;Bank Transfer;TXN106343
12/2/2023;IT;Infrastructure;Central;48989;142938;Cash;TXN106369
4/7/2023;Sales;Infrastructure;Central;36997;164706;Bank Transfer;TXN106371
15/3/2023;Marketing;Infrastructure;Central;135194;134407;UPI;TXN106407
26/2/2021;IT;Infrastructure;Central;114358;77184;UPI;TXN106423
23/7/2023;Operations;Infrastructure;Central;76214;57792;Card;TXN106462
17/9/2023;Sales;Infrastructure;Central;132478;87770;Bank Transfer;TXN106502
31/1/2022;Operations;Infrastructure;Central;109934;119455;Card;TXN106505
2/9/2023;Marketing;Infrastructure;Central;65984;151261;Bank Transfer;TXN106572
1/10/2022;Marketing;Infrastructure;Central;42700;49381;Bank Transfer;TXN106603
27/3/2023;IT;Infrastructure;Central;45995;24662;Cash;TXN106629
15/9/2022;Operations;Infrastructure;Central;85713;109690;Card;TXN106657
23/8/2021;Marketing;Infrastructure;Central;132958;130865;Cash;TXN106662
13/6/2023;IT;Infrastructure;Central;56029;15042;UPI;TXN106668
3/9/2023;Sales;Infrastructure;Central;116537;9400;Bank Transfer;TXN106691
20/3/2022;Sales;Infrastructure;Central;18632;103763;Card;TXN106694
5/5/2023;Finance;Infrastructure;Central;72886;107181;Card;TXN106729
24/11/2023;Finance;Infrastructure;Central;55963;70496;Cash;TXN106837
3/4/2023;HR;Infrastructure;Central;60539;157365;Card;TXN106888
1/10/2022;Finance;Infrastructure;Central;111409;158726;Card;TXN106895
17/8/2021;Operations;Infrastructure;Central;99717;75872;Cash;TXN106910
20/5/2023;Marketing;Infrastructure;Central;100454;140973;Card;TXN107027
8/5/2021;IT;Infrastructure;Central;149617;115826;Bank Transfer;TXN107041
22/3/2023;Finance;Infrastructure;Central;19437;36981;Bank Transfer;TXN107045
29/5/2021;Marketing;Infrastructure;Central;20292;119994;Cash;TXN107072
8/7/2022;IT;Infrastructure;Central;144084;52577;Bank Transfer;TXN107094
2/8/2021;Sales;Infrastructure;Central;114146;19810;Cash;TXN107139
7/12/2022;Marketing;Infrastructure;Central;28172;25159;Cash;TXN107153
24/6/2022;Marketing;Infrastructure;Central;118808;23880;Cash;TXN107155
13/8/2021;IT;Infrastructure;Central;61833;151973;UPI;TXN107175
3/9/2023;Finance;Infrastructure;Central;127585;125349;Cash;TXN107187
3/5/2021;HR;Infrastructure;Central;141362;104127;Bank Transfer;TXN107219
27/6/2021;Finance;Infrastructure;Central;17894;137677;UPI;TXN107254
27/9/2021;HR;Infrastructure;Central;79906;92153;UPI;TXN107299
31/1/2022;Sales;Infrastructure;Central;29782;121693;UPI;TXN107300
22/2/2022;Operations;Infrastructure;Central;63109;103406;Card;TXN107306
9/9/2023;Sales;Infrastructure;Central;125499;72933;Cash;TXN107353
4/12/2021;IT;Infrastructure;Central;112878;123749;Cash;TXN107410
13/9/2022;Marketing;Infrastructure;Central;73742;86246;UPI;TXN107444
28/9/2023;HR;Infrastructure;Central;143740;88481;UPI;TXN107449
9/4/2022;HR;Infrastructure;Central;121098;57382;Bank Transfer;TXN107477
12/5/2022;IT;Infrastructure;Central;83244;59777;Card;TXN107483
21/11/2023;Finance;Infrastructure;Central;104380;17362;Bank Transfer;TXN107520
29/11/2022;Operations;Infrastructure;Central;114844;106515;Cash;TXN107560
19/12/2021;Sales;Infrastructure;Central;93025;161205;UPI;TXN107570
11/12/2023;Sales;Infrastructure;Central;68899;18568;Card;TXN107596
22/6/2022;IT;Infrastructure;Central;51746;96459;UPI;TXN107600
3/5/2021;Finance;Infrastructure;Central;119435;159188;Card;TXN107608
6/6/2023;Operations;Infrastructure;Central;130622;78727;Card;TXN107631
5/10/2023;Finance;Infrastructure;Central;35089;110851;UPI;TXN107667
14/2/2022;Sales;Infrastructure;Central;22225;125535;Bank Transfer;TXN107719
8/12/2023;IT;Infrastructure;Central;28774;157353;Bank Transfer;TXN107725
31/7/2022;Finance;Infrastructure;Central;112240;105441;Cash;TXN107728
10/3/2022;Finance;Infrastructure;Central;68663;117783;UPI;TXN107740
25/8/2021;Marketing;Infrastructure;Central;22607;143746;Cash;TXN107773
10/2/2021;Operations;Infrastructure;Central;106729;139817;Card;TXN107896
24/2/2021;HR;Infrastructure;Central;10600;156897;Card;TXN107909
20/5/2023;Sales;Infrastructure;Central;32325;103716;UPI;TXN107910
22/6/2021;IT;Infrastructure;Central;137479;108450;Cash;TXN108011
26/4/2022;Sales;Infrastructure;Central;53307;151316;Cash;TXN108156
18/5/2022;Marketing;Infrastructure;Central;71093;164800;Cash;TXN108170
12/12/2022;Operations;Infrastructure;Central;94931;15977;Cash;TXN108224
14/7/2022;Operations;Infrastructure;Central;30030;94896;Cash;TXN108237
8/2/2023;Marketing;Infrastructure;Central;108718;121717;UPI;TXN108253
4/6/2021;Sales;Infrastructure;Central;130586;65726;Card;TXN108270
8/1/2023;Marketing;Infrastructure;Central;109183;85236;Card;TXN108282
5/7/2023;Sales;Infrastructure;Central;110414;54728;Bank Transfer;TXN108390
3/10/2022;IT;Infrastructure;Central;27561;60452;Bank Transfer;TXN108395
13/5/2022;Marketing;Infrastructure;Central;124412;13911;UPI;TXN108476
18/6/2023;Marketing;Infrastructure;Central;122203;119803;UPI;TXN108521
25/3/2022;Sales;Infrastructure;Central;18329;9257;Cash;TXN108527
18/2/2021;Sales;Infrastructure;Central;86252;74306;Bank Transfer;TXN108550
31/3/2022;Finance;Infrastructure;Central;124045;168821;Bank Transfer;TXN108582
23/9/2021;Operations;Infrastructure;Central;126598;27744;Cash;TXN108630
4/4/2023;Sales;Infrastructure;Central;88978;72317;Bank Transfer;TXN108675
21/7/2021;IT;Infrastructure;Central;20130;45321;Bank Transfer;TXN108693
23/3/2022;Sales;Infrastructure;Central;16892;104936;Bank Transfer;TXN108760
26/11/2021;Operations;Infrastructure;Central;76843;60804;Bank Transfer;TXN108770
29/7/2022;Sales;Infrastructure;Central;51562;132789;Card;TXN108811
11/9/2022;Sales;Infrastructure;Central;141090;78642;UPI;TXN108834
7/10/2021;Sales;Infrastructure;Central;71173;59220;Cash;TXN108904
7/2/2023;HR;Infrastructure;Central;112205;42024;Bank Transfer;TXN108933
25/7/2023;HR;Infrastructure;Central;57986;95835;Bank Transfer;TXN108950
5/11/2023;Operations;Infrastructure;Central;68627;34552;Bank Transfer;TXN109006
9/6/2022;Operations;Infrastructure;Central;27451;104925;Cash;TXN109008
27/1/2023;IT;Infrastructure;Central;12560;42202;Card;TXN109017
10/8/2023;Operations;Infrastructure;Central;146524;57449;Cash;TXN109040
16/1/2022;Finance;Infrastructure;Central;96044;153770;Card;TXN109043
29/8/2023;Marketing;Infrastructure;Central;59544;9906;Bank Transfer;TXN109105
14/10/2023;Marketing;Infrastructure;Central;112424;160116;Card;TXN109143
27/3/2021;Finance;Infrastructure;Central;63335;153103;UPI;TXN109254
24/5/2023;Operations;Infrastructure;Central;37881;9823;UPI;TXN109261
24/12/2022;Sales;Infrastructure;Central;21594;40781;Card;TXN109364
15/8/2022;Marketing;Infrastructure;Central;101842;21354;Bank Transfer;TXN109376
28/4/2023;IT;Infrastructure;Central;59149;168346;Bank Transfer;TXN109389
7/12/2022;HR;Infrastructure;Central;11892;80740;Cash;TXN109405
16/1/2021;Sales;Infrastructure;Central;96969;35288;UPI;TXN109445
4/12/2022;HR;Infrastructure;Central;38293;64291;Bank Transfer;TXN109461
16/10/2022;IT;Infrastructure;Central;81150;60925;Bank Transfer;TXN109490
8/4/2022;Marketing;Infrastructure;Central;105645;154384;Cash;TXN109502
8/9/2023;Marketing;Infrastructure;Central;23170;20409;Cash;TXN109531
1/2/2022;Operations;Infrastructure;Central;87335;54015;Cash;TXN109561
22/4/2021;Finance;Infrastructure;Central;86479;52453;Bank Transfer;TXN109594
14/2/2022;Marketing;Infrastructure;Central;128288;106977;UPI;TXN109599
10/11/2023;Finance;Infrastructure;Central;33769;127777;UPI;TXN109752
10/1/2023;HR;Infrastructure;Central;54778;18637;Cash;TXN109773
15/6/2023;Marketing;Infrastructure;Central;21028;129229;Card;TXN109794
4/3/2022;Marketing;Infrastructure;Central;122853;9782;UPI;TXN109805
28/7/2023;Finance;Infrastructure;Central;133499;162607;UPI;TXN109815
19/2/2023;Sales;Infrastructure;Central;95638;111028;Card;TXN109816
10/3/2021;HR;Infrastructure;Central;28761;43180;UPI;TXN109863
30/9/2021;Sales;Infrastructure;Central;69172;162223;UPI;TXN109871
20/9/2021;IT;Infrastructure;Central;109668;38770;UPI;TXN109926
6/8/2021;Operations;Infrastructure;Central;100868;44820;UPI;TXN109944
3/1/2022;Marketing;Infrastructure;Central;96603;36465;Cash;TXN109953
3/8/2023;Marketing;Infrastructure;Central;38040;89463;Cash;TXN109963
26/10/2023;Finance;Salaries;Central;18847;29633;UPI;TXN100102
21/5/2023;HR;Salaries;Central;10645;117390;UPI;TXN100106
20/9/2022;Finance;Salaries;Central;130102;16281;Card;TXN100132
2/1/2021;Operations;Salaries;Central;119319;135211;Cash;TXN100144
20/1/2022;IT;Salaries;Central;90739;32459;Cash;TXN100148
28/5/2023;Marketing;Salaries;Central;63551;113909;Card;TXN100207
15/8/2023;Operations;Salaries;Central;32979;26476;UPI;TXN100210
12/5/2022;HR;Salaries;Central;55379;165664;UPI;TXN100248
17/11/2022;Sales;Salaries;Central;113307;143840;UPI;TXN100262
20/8/2023;Finance;Salaries;Central;142853;13177;Card;TXN100265
13/12/2023;Sales;Salaries;Central;67766;35333;UPI;TXN100304
5/1/2022;Finance;Salaries;Central;80486;81834;UPI;TXN100317
15/8/2023;IT;Salaries;Central;40607;147127;Cash;TXN100374
17/2/2022;Operations;Salaries;Central;104964;73263;UPI;TXN100394
2/12/2023;HR;Salaries;Central;103724;83624;Cash;TXN100437
26/9/2022;HR;Salaries;Central;19537;47130;UPI;TXN100453
26/5/2023;Operations;Salaries;Central;57038;148669;Card;TXN100461
15/12/2022;IT;Salaries;Central;40117;101979;Bank Transfer;TXN100464
22/10/2023;IT;Salaries;Central;11271;119181;Card;TXN100474
8/1/2022;Marketing;Salaries;Central;69192;38798;Cash;TXN100503
3/2/2021;IT;Salaries;Central;121407;90082;Bank Transfer;TXN100564
28/4/2021;Operations;Salaries;Central;34789;141526;Bank Transfer;TXN100722
22/11/2021;Marketing;Salaries;Central;111364;97656;Bank Transfer;TXN100732
13/7/2022;IT;Salaries;Central;18310;41773;Bank Transfer;TXN100739
1/6/2022;Sales;Salaries;Central;102162;8545;UPI;TXN100810
29/12/2021;HR;Salaries;Central;54610;147549;Cash;TXN100835
6/10/2023;Operations;Salaries;Central;15508;98766;Card;TXN100849
1/9/2021;Operations;Salaries;Central;141027;81269;Card;TXN100870
13/12/2021;HR;Salaries;Central;100373;130495;Cash;TXN100876
13/8/2023;Finance;Salaries;Central;42241;15793;Bank Transfer;TXN100879
29/10/2023;Sales;Salaries;Central;47265;118280;Bank Transfer;TXN100930
29/7/2023;Sales;Salaries;Central;33185;146043;Bank Transfer;TXN100973
18/3/2023;HR;Salaries;Central;124140;28186;UPI;TXN101027
16/5/2023;Sales;Salaries;Central;127211;119219;Cash;TXN101055
13/6/2023;Finance;Salaries;Central;110011;41754;UPI;TXN101111
8/8/2022;Operations;Salaries;Central;94073;118022;UPI;TXN101143
28/7/2023;Sales;Salaries;Central;95105;113442;Cash;TXN101149
3/8/2022;Operations;Salaries;Central;135250;70742;Bank Transfer;TXN101180
14/11/2021;Operations;Salaries;Central;83415;41063;Card;TXN101203
11/7/2022;Marketing;Salaries;Central;98122;147007;Cash;TXN101217
24/3/2022;Finance;Salaries;Central;94403;157565;UPI;TXN101241
21/9/2023;Operations;Salaries;Central;115251;49725;UPI;TXN101249
18/1/2022;Operations;Salaries;Central;24274;13913;Cash;TXN101385
27/7/2021;Marketing;Salaries;Central;91506;99471;Bank Transfer;TXN101388
8/6/2021;Sales;Salaries;Central;140282;89993;Card;TXN101424
10/4/2021;Sales;Salaries;Central;34552;14611;UPI;TXN101450
16/1/2022;Sales;Salaries;Central;146272;97016;Cash;TXN101463
19/5/2022;Sales;Salaries;Central;12039;101744;Card;TXN101465
5/6/2021;Operations;Salaries;Central;55332;65669;UPI;TXN101492
10/6/2023;Finance;Salaries;Central;73192;92122;Card;TXN101636
16/3/2023;Operations;Salaries;Central;13460;127932;Cash;TXN101667
29/9/2022;Marketing;Salaries;Central;64322;137677;UPI;TXN101678
8/12/2021;Operations;Salaries;Central;35387;89465;Card;TXN101708
19/9/2022;Finance;Salaries;Central;22587;52851;Cash;TXN101732
10/2/2022;Marketing;Salaries;Central;97877;87758;Bank Transfer;TXN101759
25/1/2022;Finance;Salaries;Central;82666;19543;Card;TXN101806
16/12/2023;Marketing;Salaries;Central;22185;152860;Card;TXN101820
26/10/2022;Finance;Salaries;Central;96921;92141;Bank Transfer;TXN101916
13/1/2022;Marketing;Salaries;Central;132268;71099;Card;TXN101944
3/5/2022;Sales;Salaries;Central;83436;149369;Card;TXN101963
26/8/2021;Finance;Salaries;Central;71321;22145;Card;TXN101981
26/12/2023;HR;Salaries;Central;17721;169777;UPI;TXN102022
30/12/2023;Operations;Salaries;Central;78163;86840;Cash;TXN102039
2/4/2023;Sales;Salaries;Central;136854;8892;Card;TXN102046
17/5/2021;Sales;Salaries;Central;113949;133039;UPI;TXN102100
2/7/2022;HR;Salaries;Central;62495;82302;Cash;TXN102130
26/5/2023;IT;Salaries;Central;105877;62827;UPI;TXN102133
2/8/2023;Operations;Salaries;Central;48649;38254;Cash;TXN102152
11/3/2022;Sales;Salaries;Central;121606;32514;Cash;TXN102194
20/9/2022;Finance;Salaries;Central;71127;55521;Card;TXN102215
3/11/2021;Sales;Salaries;Central;101255;10962;Cash;TXN102233
7/12/2023;HR;Salaries;Central;60209;128672;Cash;TXN102323
8/10/2022;HR;Salaries;Central;57728;128218;Card;TXN102343
21/10/2022;IT;Salaries;Central;14133;42937;Card;TXN102418
14/12/2021;HR;Salaries;Central;64377;51911;Bank Transfer;TXN102428
11/6/2023;Marketing;Salaries;Central;20461;13825;Cash;TXN102457
4/6/2022;Operations;Salaries;Central;93144;152318;Bank Transfer;TXN102485
24/3/2022;IT;Salaries;Central;34587;102107;UPI;TXN102563
4/1/2022;Finance;Salaries;Central;107240;25733;Cash;TXN102578
2/6/2023;IT;Salaries;Central;132159;77590;UPI;TXN102631
1/1/2021;Finance;Salaries;Central;128259;67495;Bank Transfer;TXN102687
18/2/2022;Marketing;Salaries;Central;142393;166325;Card;TXN102699
18/11/2021;Operations;Salaries;Central;82060;162110;Cash;TXN102709
31/10/2023;Operations;Salaries;Central;66108;161835;UPI;TXN102732
12/11/2023;IT;Salaries;Central;75662;157336;UPI;TXN102741
19/12/2023;Operations;Salaries;Central;123584;67716;Cash;TXN102745
25/1/2022;IT;Salaries;Central;81257;146851;UPI;TXN102756
4/3/2023;IT;Salaries;Central;29411;64731;Card;TXN102787
15/8/2021;Marketing;Salaries;Central;54649;93498;Card;TXN102795
10/4/2022;Finance;Salaries;Central;44633;70939;Card;TXN102845
8/9/2022;IT;Salaries;Central;42225;113542;Card;TXN102873
31/8/2022;Operations;Salaries;Central;133915;11217;UPI;TXN102883
17/9/2023;HR;Salaries;Central;13423;158294;Cash;TXN102924
26/3/2022;Operations;Salaries;Central;135985;23135;Bank Transfer;TXN102952
6/7/2021;HR;Salaries;Central;104389;167223;Cash;TXN102962
15/3/2021;Finance;Salaries;Central;51302;77719;Bank Transfer;TXN102969
29/10/2022;Finance;Salaries;Central;146219;18976;Bank Transfer;TXN102982
24/4/2021;Finance;Salaries;Central;103271;51437;UPI;TXN103000
23/11/2021;HR;Salaries;Central;65763;49290;Card;TXN103020
6/7/2022;Marketing;Salaries;Central;16794;107831;Card;TXN103022
6/10/2021;IT;Salaries;Central;31773;49486;Cash;TXN103050
28/11/2023;Sales;Salaries;Central;100150;57502;Card;TXN103066
1/2/2021;Sales;Salaries;Central;55606;87392;Bank Transfer;TXN103084
11/2/2022;Sales;Salaries;Central;94875;144916;Bank Transfer;TXN103106
8/6/2023;Marketing;Salaries;Central;103873;150885;Cash;TXN103137
17/12/2022;Marketing;Salaries;Central;21311;154150;Bank Transfer;TXN103146
20/4/2023;Sales;Salaries;Central;88359;94037;Card;TXN103153
13/7/2022;IT;Salaries;Central;44111;146605;UPI;TXN103178
30/1/2023;Operations;Salaries;Central;135210;74180;Card;TXN103185
12/11/2022;HR;Salaries;Central;123443;123157;Bank Transfer;TXN103198
22/1/2022;Sales;Salaries;Central;142214;80383;Card;TXN103201
31/10/2022;Sales;Salaries;Central;127174;16232;Card;TXN103210
14/7/2022;Marketing;Salaries;Central;44005;54069;Cash;TXN103236
21/1/2021;Sales;Salaries;Central;29752;109458;Card;TXN103340
5/4/2023;Sales;Salaries;Central;31149;32401;Bank Transfer;TXN103382
15/10/2022;Sales;Salaries;Central;92195;63362;Card;TXN103386
25/3/2022;IT;Salaries;Central;21544;68007;Cash;TXN103426
30/10/2022;HR;Salaries;Central;100454;83706;Bank Transfer;TXN103455
5/5/2022;HR;Salaries;Central;147353;66070;Bank Transfer;TXN103533
14/4/2021;Operations;Salaries;Central;141889;148881;Card;TXN103592
18/3/2021;IT;Salaries;Central;143218;86891;UPI;TXN103593
16/5/2022;Operations;Salaries;Central;131789;143957;Cash;TXN103617
18/1/2022;Sales;Salaries;Central;140093;159620;Cash;TXN103632
24/12/2023;Operations;Salaries;Central;99412;59552;Card;TXN103663
31/8/2023;HR;Salaries;Central;78826;131155;Bank Transfer;TXN103684
2/8/2023;IT;Salaries;Central;61754;147039;UPI;TXN103706
23/6/2023;HR;Salaries;Central;84657;86854;Bank Transfer;TXN103743
16/4/2021;Operations;Salaries;Central;28254;120024;Bank Transfer;TXN103768
25/7/2023;Marketing;Salaries;Central;76278;83810;Bank Transfer;TXN103777
30/11/2022;Sales;Salaries;Central;65842;111581;UPI;TXN103828
20/2/2023;Sales;Salaries;Central;66584;163286;UPI;TXN103853
15/12/2022;Sales;Salaries;Central;129568;27460;Cash;TXN103872
4/11/2021;Finance;Salaries;Central;109411;33257;Bank Transfer;TXN103879
4/8/2023;IT;Salaries;Central;14697;98671;UPI;TXN103903
27/10/2023;IT;Salaries;Central;21900;108869;Cash;TXN103918
23/3/2022;Finance;Salaries;Central;142495;160308;Card;TXN103934
1/4/2021;HR;Salaries;Central;121663;126316;Cash;TXN103992
23/10/2022;IT;Salaries;Central;63246;27072;Bank Transfer;TXN103994
23/2/2022;Sales;Salaries;Central;64503;143925;UPI;TXN104085
11/3/2023;Operations;Salaries;Central;52271;35217;Cash;TXN104096
15/10/2021;HR;Salaries;Central;58324;87352;Card;TXN104137
17/1/2021;Finance;Salaries;Central;28798;58694;Cash;TXN104223
13/10/2023;Operations;Salaries;Central;12116;89974;Cash;TXN104335
21/5/2023;Operations;Salaries;Central;62839;48224;Bank Transfer;TXN104361
23/5/2022;Operations;Salaries;Central;24898;128426;Card;TXN104415
13/3/2021;Operations;Salaries;Central;24758;89141;Bank Transfer;TXN104417
8/1/2021;Sales;Salaries;Central;38412;80686;Card;TXN104430
31/8/2021;Sales;Salaries;Central;142417;94096;Card;TXN104438
26/1/2023;IT;Salaries;Central;31137;134825;Card;TXN104542
26/6/2022;Operations;Salaries;Central;53779;13861;Cash;TXN104553
9/2/2022;Finance;Salaries;Central;17489;93703;Card;TXN104575
30/12/2021;Finance;Salaries;Central;126429;88396;UPI;TXN104584
13/1/2022;Finance;Salaries;Central;78696;85813;Card;TXN104585
10/6/2023;Marketing;Salaries;Central;69435;142821;Card;TXN104587
10/6/2023;Sales;Salaries;Central;108548;28435;Card;TXN104694
28/7/2023;Sales;Salaries;Central;148126;57338;Cash;TXN104720
26/4/2022;IT;Salaries;Central;63170;16885;Bank Transfer;TXN104772
14/2/2021;Marketing;Salaries;Central;41600;31585;Cash;TXN104776
4/11/2021;Sales;Salaries;Central;23045;73610;Bank Transfer;TXN104820
2/3/2023;HR;Salaries;Central;16129;113591;Card;TXN104823
25/10/2022;Sales;Salaries;Central;93587;151334;Cash;TXN104913
28/5/2022;Sales;Salaries;Central;62292;165014;UPI;TXN104977
11/10/2021;Marketing;Salaries;Central;130294;24739;Cash;TXN104982
17/4/2022;IT;Salaries;Central;129529;85871;UPI;TXN104988
26/5/2021;Finance;Salaries;Central;141887;77694;Card;TXN105010
22/11/2022;Marketing;Salaries;Central;33203;26595;UPI;TXN105022
9/9/2023;Operations;Salaries;Central;28201;119857;Bank Transfer;TXN105029
3/9/2022;Operations;Salaries;Central;53292;31719;Cash;TXN105031
30/4/2022;Operations;Salaries;Central;23142;141501;Bank Transfer;TXN105081
18/12/2023;Finance;Salaries;Central;104580;13553;Cash;TXN105089
5/3/2023;Sales;Salaries;Central;137660;140235;UPI;TXN105098
21/8/2023;Marketing;Salaries;Central;55955;8240;Card;TXN105236
19/3/2021;Finance;Salaries;Central;18578;35830;Card;TXN105259
9/11/2023;Finance;Salaries;Central;79509;122341;Bank Transfer;TXN105271
1/8/2023;Finance;Salaries;Central;49029;67831;UPI;TXN105405
30/8/2023;HR;Salaries;Central;86656;101719;Card;TXN105433
17/10/2022;IT;Salaries;Central;128993;66999;Card;TXN105447
27/10/2021;Finance;Salaries;Central;29352;34906;UPI;TXN105477
19/12/2021;HR;Salaries;Central;141705;51233;Bank Transfer;TXN105481
13/11/2022;Operations;Salaries;Central;113940;169973;Card;TXN105529
29/12/2023;IT;Salaries;Central;14682;8223;Bank Transfer;TXN105531
15/1/2023;IT;Salaries;Central;112112;23010;Cash;TXN105641
4/9/2022;Marketing;Salaries;Central;43125;34121;Cash;TXN105668
3/11/2021;IT;Salaries;Central;117107;124571;Cash;TXN105681
14/1/2021;Finance;Salaries;Central;101174;161985;Bank Transfer;TXN105682
3/10/2022;HR;Salaries;Central;39913;19285;UPI;TXN105690
12/6/2023;Marketing;Salaries;Central;112754;106665;Bank Transfer;TXN105731
20/5/2021;IT;Salaries;Central;10153;106297;Bank Transfer;TXN105737
13/5/2021;Marketing;Salaries;Central;73813;18652;UPI;TXN105739
6/4/2022;IT;Salaries;Central;12445;111656;UPI;TXN105790
7/3/2021;Marketing;Salaries;Central;65298;73178;Card;TXN105798
16/6/2022;Sales;Salaries;Central;21020;103459;Card;TXN105833
30/1/2022;Sales;Salaries;Central;131648;27722;UPI;TXN105839
12/10/2022;Marketing;Salaries;Central;17183;90925;Cash;TXN105854
29/3/2022;Sales;Salaries;Central;56369;153163;Bank Transfer;TXN105874
3/5/2023;HR;Salaries;Central;79467;37107;UPI;TXN105964
9/9/2023;Marketing;Salaries;Central;120918;78057;Cash;TXN106024
9/12/2022;Sales;Salaries;Central;101019;63390;Cash;TXN106134
27/2/2021;HR;Salaries;Central;26411;141047;Cash;TXN106172
18/6/2021;IT;Salaries;Central;25698;19416;UPI;TXN106221
26/9/2021;Finance;Salaries;Central;40667;71427;UPI;TXN106233
8/9/2021;Finance;Salaries;Central;136290;10641;Bank Transfer;TXN106262
19/11/2021;IT;Salaries;Central;32706;55572;Card;TXN106280
23/8/2023;Finance;Salaries;Central;104197;51871;Cash;TXN106288
14/11/2023;Sales;Salaries;Central;46978;45483;UPI;TXN106294
8/7/2022;Marketing;Salaries;Central;51073;145561;Cash;TXN106304
17/3/2021;Marketing;Salaries;Central;36576;32158;UPI;TXN106331
27/2/2022;Finance;Salaries;Central;131110;40105;UPI;TXN106346
13/1/2021;Marketing;Salaries;Central;42996;139922;Bank Transfer;TXN106370
28/11/2021;Operations;Salaries;Central;95894;132827;Cash;TXN106390
7/6/2021;Sales;Salaries;Central;49615;36270;Cash;TXN106429
15/8/2021;Marketing;Salaries;Central;85877;64471;UPI;TXN106491
22/10/2021;HR;Salaries;Central;14743;63877;Cash;TXN106532
5/6/2022;Sales;Salaries;Central;103397;32759;Card;TXN106540
1/1/2022;Operations;Salaries;Central;141782;17480;UPI;TXN106623
19/1/2023;Operations;Salaries;Central;115142;102837;UPI;TXN106659
16/10/2021;Operations;Salaries;Central;11605;74405;Card;TXN106664
30/9/2021;HR;Salaries;Central;44711;121116;Cash;TXN106689
2/10/2022;HR;Salaries;Central;31121;142454;UPI;TXN106737
12/12/2023;Operations;Salaries;Central;85737;150268;Card;TXN106783
2/12/2022;HR;Salaries;Central;135208;138865;Cash;TXN106846
13/8/2021;Sales;Salaries;Central;38388;133084;Card;TXN106900
28/6/2023;HR;Salaries;Central;18438;169209;Bank Transfer;TXN106913
29/1/2021;Sales;Salaries;Central;106283;99807;Cash;TXN106917
17/8/2021;Sales;Salaries;Central;137648;154235;Cash;TXN106924
1/4/2023;IT;Salaries;Central;84240;40955;UPI;TXN106957
30/3/2022;HR;Salaries;Central;143468;24213;Cash;TXN107007
17/12/2023;Marketing;Salaries;Central;121308;150060;Cash;TXN107052
23/8/2022;Marketing;Salaries;Central;58723;133640;Bank Transfer;TXN107057
12/4/2022;Finance;Salaries;Central;97620;167381;Card;TXN107070
20/1/2022;Sales;Salaries;Central;42154;25176;Bank Transfer;TXN107098
22/12/2021;Finance;Salaries;Central;147046;57429;Bank Transfer;TXN107114
9/3/2023;Finance;Salaries;Central;149245;48852;Card;TXN107144
5/1/2023;Operations;Salaries;Central;146961;157919;Bank Transfer;TXN107212
13/12/2022;Marketing;Salaries;Central;146769;81019;Card;TXN107311
20/5/2023;Finance;Salaries;Central;61244;131600;UPI;TXN107328
29/3/2021;HR;Salaries;Central;56379;148893;Cash;TXN107348
31/5/2023;IT;Salaries;Central;20363;58625;Card;TXN107349
16/8/2023;HR;Salaries;Central;35203;37460;Card;TXN107362
5/3/2021;IT;Salaries;Central;34372;39588;Bank Transfer;TXN107387
29/8/2022;IT;Salaries;Central;111545;96968;Card;TXN107452
15/9/2023;Marketing;Salaries;Central;16482;66380;UPI;TXN107484
8/8/2022;Operations;Salaries;Central;90561;59166;Card;TXN107508
10/9/2021;HR;Salaries;Central;71880;35138;Cash;TXN107523
22/10/2021;Operations;Salaries;Central;118942;59345;Cash;TXN107524
3/7/2022;Finance;Salaries;Central;35460;134220;Card;TXN107526
11/4/2021;Marketing;Salaries;Central;17005;14950;Bank Transfer;TXN107530
18/3/2022;Marketing;Salaries;Central;28283;134688;Card;TXN107663
9/3/2022;Operations;Salaries;Central;124049;25098;UPI;TXN107726
4/4/2022;Marketing;Salaries;Central;47917;122416;UPI;TXN107804
23/8/2021;HR;Salaries;Central;125447;34009;Bank Transfer;TXN107842
8/7/2021;Sales;Salaries;Central;11854;90419;Card;TXN107883
3/3/2022;HR;Salaries;Central;31541;141342;Bank Transfer;TXN108033
22/1/2022;Finance;Salaries;Central;77160;104935;Bank Transfer;TXN108053
11/11/2022;Marketing;Salaries;Central;92038;9849;Bank Transfer;TXN108056
8/7/2023;Sales;Salaries;Central;17649;120665;Bank Transfer;TXN108095
3/5/2021;Marketing;Salaries;Central;128065;27583;UPI;TXN108106
30/3/2021;IT;Salaries;Central;123918;168585;UPI;TXN108117
25/3/2021;IT;Salaries;Central;22628;160152;Card;TXN108157
22/12/2022;HR;Salaries;Central;79034;53244;UPI;TXN108184
23/6/2021;Operations;Salaries;Central;109507;136725;Card;TXN108211
8/3/2023;Marketing;Salaries;Central;145905;23963;Bank Transfer;TXN108236
17/6/2023;Finance;Salaries;Central;132336;80422;Bank Transfer;TXN108300
28/11/2022;Finance;Salaries;Central;44675;90368;Bank Transfer;TXN108319
20/5/2023;IT;Salaries;Central;87987;83957;UPI;TXN108360
9/10/2022;IT;Salaries;Central;90564;60658;UPI;TXN108379
27/12/2023;Finance;Salaries;Central;105995;169609;Cash;TXN108394
10/12/2022;Finance;Salaries;Central;65946;54632;UPI;TXN108401
9/5/2022;Sales;Salaries;Central;34592;112817;Card;TXN108421
4/7/2022;Marketing;Salaries;Central;27335;17571;UPI;TXN108428
12/12/2022;Finance;Salaries;Central;103303;73464;UPI;TXN108439
5/5/2023;IT;Salaries;Central;127939;106669;UPI;TXN108475
27/10/2022;HR;Salaries;Central;43660;61737;Cash;TXN108478
10/1/2023;Operations;Salaries;Central;99233;164671;Cash;TXN108492
24/9/2023;Sales;Salaries;Central;125029;152054;Card;TXN108548
3/4/2021;IT;Salaries;Central;128433;97156;Bank Transfer;TXN108626
24/9/2022;IT;Salaries;Central;63282;34744;Card;TXN108676
11/6/2023;Marketing;Salaries;Central;59135;71491;Bank Transfer;TXN108679
18/12/2022;HR;Salaries;Central;116328;104327;Bank Transfer;TXN108687
22/7/2022;Finance;Salaries;Central;110785;142527;UPI;TXN108753
21/4/2023;Finance;Salaries;Central;117478;142038;Card;TXN108767
12/9/2021;Finance;Salaries;Central;90614;159414;Cash;TXN108784
26/5/2021;Finance;Salaries;Central;30148;124035;Bank Transfer;TXN108804
13/6/2022;HR;Salaries;Central;125413;57149;Bank Transfer;TXN108830
7/12/2021;IT;Salaries;Central;130388;144488;Bank Transfer;TXN108831
26/7/2023;IT;Salaries;Central;100358;134229;Card;TXN108871
14/12/2021;Operations;Salaries;Central;38519;21992;Bank Transfer;TXN108872
27/12/2022;Finance;Salaries;Central;139993;151847;Cash;TXN108876
6/1/2022;Marketing;Salaries;Central;40980;18346;Cash;TXN108907
25/5/2023;HR;Salaries;Central;38684;89688;Bank Transfer;TXN108934
31/8/2022;IT;Salaries;Central;17670;35961;Card;TXN108937
11/12/2023;Finance;Salaries;Central;126255;26688;Cash;TXN108942
18/5/2022;HR;Salaries;Central;108652;38447;Cash;TXN108980
6/7/2021;HR;Salaries;Central;112825;26130;UPI;TXN109033
1/3/2022;Marketing;Salaries;Central;117487;154730;Card;TXN109064
4/7/2022;HR;Salaries;Central;49430;168087;UPI;TXN109080
3/9/2023;IT;Salaries;Central;62500;161804;Card;TXN109081
5/11/2021;Finance;Salaries;Central;62396;154297;Bank Transfer;TXN109096
3/12/2023;Finance;Salaries;Central;84259;119646;UPI;TXN109101
17/11/2022;Operations;Salaries;Central;63223;17401;Card;TXN109157
20/1/2022;Operations;Salaries;Central;34616;76812;UPI;TXN109159
26/8/2023;Marketing;Salaries;Central;33047;116154;Cash;TXN109169
26/7/2022;IT;Salaries;Central;40737;161113;Cash;TXN109192
25/11/2023;HR;Salaries;Central;23539;137368;UPI;TXN109203
5/2/2022;Sales;Salaries;Central;131106;104536;Card;TXN109227
26/5/2023;Finance;Salaries;Central;17792;80333;Cash;TXN109271
20/8/2021;Sales;Salaries;Central;45971;54047;Card;TXN109339
21/2/2021;Sales;Salaries;Central;137377;124712;Cash;TXN109343
28/8/2021;Finance;Salaries;Central;115567;49167;Card;TXN109382
28/11/2021;Sales;Salaries;Central;62143;72101;Bank Transfer;TXN109394
9/10/2021;HR;Salaries;Central;146443;46488;Cash;TXN109473
25/4/2022;IT;Salaries;Central;10819;37436;Card;TXN109481
4/9/2022;Marketing;Salaries;Central;26625;145913;Cash;TXN109541
13/9/2022;Marketing;Salaries;Central;82545;140718;Card;TXN109559
10/6/2021;Operations;Salaries;Central;30207;63958;Card;TXN109574
26/1/2021;Finance;Salaries;Central;84010;127509;Bank Transfer;TXN109598
26/9/2023;HR;Salaries;Central;83904;68757;UPI;TXN109724
22/12/2023;Finance;Salaries;Central;35790;121919;Bank Transfer;TXN109749
30/5/2022;HR;Salaries;Central;11194;127396;UPI;TXN109758
1/1/2023;HR;Salaries;Central;86411;147199;Bank Transfer;TXN109819
25/10/2023;IT;Salaries;Central;20446;168090;Cash;TXN109880
9/7/2023;Marketing;Salaries;Central;105653;77526;Card;TXN109914
11/5/2021;HR;Marketing;Central;22567;53015;Cash;TXN100007
14/8/2023;Sales;Marketing;Central;68086;70502;Bank Transfer;TXN100012
10/9/2021;Marketing;Marketing;Central;12012;99017;Card;TXN100016
18/1/2023;Marketing;Marketing;Central;69049;120109;Card;TXN100017
16/2/2023;Operations;Marketing;Central;131686;136324;Bank Transfer;TXN100039
3/3/2023;Finance;Marketing;Central;53335;88129;Card;TXN100066
5/2/2022;Marketing;Marketing;Central;50094;40438;Bank Transfer;TXN100155
7/10/2021;IT;Marketing;Central;103893;166963;Bank Transfer;TXN100158
24/5/2021;Sales;Marketing;Central;81168;91260;UPI;TXN100163
20/9/2021;Finance;Marketing;Central;100405;156716;Bank Transfer;TXN100181
25/5/2022;Sales;Marketing;Central;85925;127363;UPI;TXN100203
2/10/2022;Sales;Marketing;Central;33409;27760;Cash;TXN100216
17/7/2022;HR;Marketing;Central;132842;68494;Bank Transfer;TXN100226
17/11/2021;IT;Marketing;Central;106464;128023;Cash;TXN100281
18/10/2022;Finance;Marketing;Central;39134;116291;Bank Transfer;TXN100315
28/9/2022;Operations;Marketing;Central;148763;11513;Card;TXN100318
4/8/2022;IT;Marketing;Central;129681;26890;UPI;TXN100335
24/9/2023;Marketing;Marketing;Central;141443;55742;Cash;TXN100340
7/12/2021;IT;Marketing;Central;51000;105676;UPI;TXN100353
5/7/2022;IT;Marketing;Central;130580;68489;Card;TXN100354
6/4/2023;HR;Marketing;Central;16325;109778;Cash;TXN100393
11/7/2021;HR;Marketing;Central;60683;133038;Bank Transfer;TXN100401
19/12/2022;Operations;Marketing;Central;25201;19927;UPI;TXN100424
3/1/2023;Sales;Marketing;Central;62892;93992;Card;TXN100441
5/8/2021;Operations;Marketing;Central;100537;62455;UPI;TXN100458
18/7/2023;Finance;Marketing;Central;46892;12096;Bank Transfer;TXN100480
21/3/2021;Sales;Marketing;Central;73753;137213;Card;TXN100488
5/6/2023;Sales;Marketing;Central;85479;50734;Cash;TXN100489
16/2/2021;HR;Marketing;Central;25876;11388;Bank Transfer;TXN100818
11/1/2021;Finance;Marketing;Central;53524;143664;Cash;TXN100827
12/12/2021;HR;Marketing;Central;63848;135273;Cash;TXN100833
5/4/2023;Marketing;Marketing;Central;116246;76870;UPI;TXN100858
30/9/2023;Finance;Marketing;Central;23616;77914;UPI;TXN100888
21/4/2022;Marketing;Marketing;Central;78127;126886;Bank Transfer;TXN100898
1/2/2021;Sales;Marketing;Central;119941;167066;UPI;TXN100907
17/5/2022;IT;Marketing;Central;24992;15774;UPI;TXN100918
14/12/2023;Marketing;Marketing;Central;56026;94946;Bank Transfer;TXN100936
11/12/2023;Operations;Marketing;Central;53422;141286;Card;TXN100939
8/10/2022;Operations;Marketing;Central;35667;72705;UPI;TXN101005
5/3/2023;Marketing;Marketing;Central;92458;86716;UPI;TXN101021
11/1/2021;Marketing;Marketing;Central;87254;126014;UPI;TXN101024
8/9/2023;Operations;Marketing;Central;131502;40969;UPI;TXN101077
6/2/2022;Sales;Marketing;Central;101514;132514;Cash;TXN101092
16/1/2021;Sales;Marketing;Central;144592;106356;UPI;TXN101109
29/9/2021;Finance;Marketing;Central;114591;112457;UPI;TXN101127
7/8/2023;Finance;Marketing;Central;60464;17788;Cash;TXN101142
26/7/2023;Marketing;Marketing;Central;18087;73344;Card;TXN101161
12/6/2023;Sales;Marketing;Central;94855;112271;Card;TXN101178
30/3/2022;IT;Marketing;Central;17948;139124;Cash;TXN101195
30/11/2023;IT;Marketing;Central;116405;10112;Card;TXN101201
26/2/2022;Finance;Marketing;Central;54360;42738;Card;TXN101220
31/1/2023;Operations;Marketing;Central;143611;117588;Bank Transfer;TXN101226
1/2/2022;IT;Marketing;Central;33815;16735;Bank Transfer;TXN101288
3/6/2023;Operations;Marketing;Central;137602;131124;Card;TXN101293
1/9/2023;Sales;Marketing;Central;94185;125302;UPI;TXN101294
7/5/2022;IT;Marketing;Central;28083;101240;Cash;TXN101308
5/7/2023;Sales;Marketing;Central;115894;158316;Bank Transfer;TXN101323
2/11/2023;Marketing;Marketing;Central;99836;27388;Bank Transfer;TXN101400
15/10/2021;Sales;Marketing;Central;36185;83049;Card;TXN101408
14/11/2021;Finance;Marketing;Central;107219;139140;UPI;TXN101462
27/8/2023;Operations;Marketing;Central;118618;52460;Bank Transfer;TXN101496
8/4/2023;Marketing;Marketing;Central;99472;143375;UPI;TXN101568
26/3/2021;Finance;Marketing;Central;86673;14215;Card;TXN101581
16/4/2021;Marketing;Marketing;Central;143934;67414;Cash;TXN101619
4/3/2022;Operations;Marketing;Central;36123;93163;Bank Transfer;TXN101700
11/10/2023;Operations;Marketing;Central;51178;42052;Card;TXN101705
20/12/2021;HR;Marketing;Central;129387;32663;Bank Transfer;TXN101712
24/2/2021;HR;Marketing;Central;60483;36742;UPI;TXN101724
14/12/2021;Marketing;Marketing;Central;141651;121795;Card;TXN101731
19/9/2021;HR;Marketing;Central;31150;37856;Bank Transfer;TXN101758
18/6/2023;IT;Marketing;Central;71125;91268;UPI;TXN101790
21/9/2023;Marketing;Marketing;Central;57313;61760;Cash;TXN101796
4/11/2021;Marketing;Marketing;Central;141827;130971;Bank Transfer;TXN101870
17/9/2022;Sales;Marketing;Central;48577;27016;Cash;TXN101882
28/3/2021;Operations;Marketing;Central;52632;127412;UPI;TXN101909
7/11/2023;Marketing;Marketing;Central;86180;24244;Card;TXN101917
2/7/2021;IT;Marketing;Central;21398;75037;UPI;TXN101962
25/6/2022;Operations;Marketing;Central;129180;62914;Card;TXN101993
31/10/2023;Sales;Marketing;Central;136956;125083;Cash;TXN102018
27/9/2021;HR;Marketing;Central;103399;69700;UPI;TXN102138
5/8/2022;Sales;Marketing;Central;101122;146711;Card;TXN102142
16/8/2022;Operations;Marketing;Central;122961;88689;Bank Transfer;TXN102176
17/7/2021;Sales;Marketing;Central;148243;128004;Bank Transfer;TXN102185
11/11/2022;Finance;Marketing;Central;145789;118086;UPI;TXN102219
13/7/2022;Marketing;Marketing;Central;11548;169812;UPI;TXN102244
8/7/2022;Sales;Marketing;Central;104729;84764;Bank Transfer;TXN102246
12/10/2023;Finance;Marketing;Central;53612;100517;Card;TXN102260
25/3/2023;Sales;Marketing;Central;133529;156051;Card;TXN102272
7/10/2022;Marketing;Marketing;Central;125386;127587;Bank Transfer;TXN102285
4/5/2021;HR;Marketing;Central;114875;59218;UPI;TXN102326
7/8/2023;IT;Marketing;Central;23792;109661;Cash;TXN102337
29/7/2021;HR;Marketing;Central;29734;34335;Card;TXN102342
25/9/2022;HR;Marketing;Central;31777;92013;Bank Transfer;TXN102370
22/12/2023;IT;Marketing;Central;117148;164454;Cash;TXN102396
31/5/2023;IT;Marketing;Central;70589;168977;Cash;TXN102397
11/2/2023;Marketing;Marketing;Central;54357;45650;Bank Transfer;TXN102430
15/8/2023;Sales;Marketing;Central;52794;88777;Card;TXN102480
23/6/2021;HR;Marketing;Central;92016;75358;Bank Transfer;TXN102487
14/3/2021;Marketing;Marketing;Central;101216;159301;Card;TXN102529
16/3/2021;Operations;Marketing;Central;23457;150806;UPI;TXN102560
27/5/2021;Operations;Marketing;Central;94629;116605;Card;TXN102661
24/9/2022;Sales;Marketing;Central;100329;153702;Bank Transfer;TXN102718
15/2/2023;IT;Marketing;Central;120549;146489;Cash;TXN102746
2/11/2023;Marketing;Marketing;Central;67590;55893;Card;TXN102747
15/10/2023;Marketing;Marketing;Central;146407;161401;Cash;TXN102752
25/12/2023;HR;Marketing;Central;75567;93800;UPI;TXN102818
12/1/2021;Sales;Marketing;Central;143507;70548;UPI;TXN102855
9/12/2023;Finance;Marketing;Central;96427;100664;Bank Transfer;TXN102900
26/2/2022;Operations;Marketing;Central;109381;160352;Card;TXN102913
6/1/2023;HR;Marketing;Central;18670;128839;Cash;TXN102915
23/12/2021;HR;Marketing;Central;110563;125285;Cash;TXN102938
18/11/2021;HR;Marketing;Central;113620;104254;Cash;TXN102973
22/10/2023;Operations;Marketing;Central;142779;98249;Cash;TXN103104
15/12/2022;HR;Marketing;Central;32642;160394;Card;TXN103190
27/7/2021;Sales;Marketing;Central;77266;106733;Cash;TXN103204
3/6/2021;Marketing;Marketing;Central;126457;157034;Bank Transfer;TXN103208
7/7/2022;Finance;Marketing;Central;131132;96827;Bank Transfer;TXN103213
4/8/2023;Operations;Marketing;Central;56209;23609;Card;TXN103285
2/10/2021;IT;Marketing;Central;66533;148288;Bank Transfer;TXN103290
7/3/2023;HR;Marketing;Central;145802;143347;UPI;TXN103306
14/7/2023;Marketing;Marketing;Central;35602;139823;Bank Transfer;TXN103336
19/7/2023;IT;Marketing;Central;39398;136990;UPI;TXN103430
2/1/2023;HR;Marketing;Central;43001;40061;Cash;TXN103484
23/2/2021;Sales;Marketing;Central;54536;50673;Card;TXN103537
12/10/2022;Operations;Marketing;Central;16570;166699;UPI;TXN103546
17/9/2023;Finance;Marketing;Central;120138;162697;UPI;TXN103564
5/6/2021;Finance;Marketing;Central;114133;125399;Card;TXN103566
8/7/2021;HR;Marketing;Central;61417;163398;UPI;TXN103650
7/6/2023;Finance;Marketing;Central;145389;134435;Card;TXN103653
17/7/2023;Operations;Marketing;Central;144415;123773;Bank Transfer;TXN103733
25/4/2023;Finance;Marketing;Central;102672;59267;Bank Transfer;TXN103787
1/7/2023;Operations;Marketing;Central;107101;147761;Bank Transfer;TXN103796
26/12/2022;HR;Marketing;Central;48640;95576;Bank Transfer;TXN103834
27/3/2023;Marketing;Marketing;Central;100067;92433;Cash;TXN103932
3/7/2021;Finance;Marketing;Central;12816;96209;Bank Transfer;TXN103944
7/11/2021;Marketing;Marketing;Central;33481;37678;Cash;TXN104007
3/12/2022;Marketing;Marketing;Central;54228;74887;Cash;TXN104043
29/9/2023;Sales;Marketing;Central;37398;52796;Cash;TXN104119
8/7/2023;Marketing;Marketing;Central;129742;46002;UPI;TXN104135
30/5/2021;IT;Marketing;Central;28564;13527;Cash;TXN104153
18/2/2023;Sales;Marketing;Central;30018;158913;Card;TXN104155
13/8/2021;Sales;Marketing;Central;81165;54249;Card;TXN104161
13/7/2023;Operations;Marketing;Central;21018;99569;Bank Transfer;TXN104172
19/12/2022;Sales;Marketing;Central;58071;79424;Cash;TXN104176
15/9/2021;HR;Marketing;Central;89283;144821;Cash;TXN104190
18/10/2022;Marketing;Marketing;Central;105203;120943;Cash;TXN104202
25/10/2021;Finance;Marketing;Central;122993;150814;Bank Transfer;TXN104332
11/6/2022;IT;Marketing;Central;62385;85087;Bank Transfer;TXN104357
30/12/2022;Operations;Marketing;Central;131254;166720;Cash;TXN104375
29/1/2021;Operations;Marketing;Central;75326;50552;UPI;TXN104431
31/7/2021;Marketing;Marketing;Central;59280;18837;Card;TXN104436
16/11/2022;Sales;Marketing;Central;132057;27640;UPI;TXN104440
24/8/2022;Marketing;Marketing;Central;19322;56266;Card;TXN104481
30/9/2021;Operations;Marketing;Central;126631;53245;Bank Transfer;TXN104503
20/3/2021;IT;Marketing;Central;141973;29658;Card;TXN104508
29/11/2023;IT;Marketing;Central;20357;126523;UPI;TXN104552
18/4/2021;Marketing;Marketing;Central;117191;105173;Bank Transfer;TXN104555
18/1/2022;IT;Marketing;Central;49801;147087;Bank Transfer;TXN104562
27/3/2022;Marketing;Marketing;Central;93536;16015;Card;TXN104626
14/10/2023;IT;Marketing;Central;63792;61331;Bank Transfer;TXN104631
28/12/2023;Operations;Marketing;Central;32805;131777;UPI;TXN104659
13/12/2021;Sales;Marketing;Central;48832;86648;Cash;TXN104733
30/6/2022;Marketing;Marketing;Central;26641;119557;Bank Transfer;TXN104865
23/4/2023;Sales;Marketing;Central;59349;81972;Card;TXN104898
2/11/2021;IT;Marketing;Central;75158;56709;Bank Transfer;TXN104948
23/11/2021;Operations;Marketing;Central;86684;63749;Card;TXN104973
16/8/2021;Sales;Marketing;Central;85765;143399;Cash;TXN104984
19/4/2022;Marketing;Marketing;Central;17852;26180;Card;TXN105020
16/6/2023;Marketing;Marketing;Central;115273;30681;Card;TXN105048
17/11/2021;Operations;Marketing;Central;118171;164262;UPI;TXN105052
15/9/2023;IT;Marketing;Central;44212;60028;Bank Transfer;TXN105062
19/6/2022;Sales;Marketing;Central;65012;143901;Bank Transfer;TXN105066
5/5/2021;Marketing;Marketing;Central;16777;11834;Bank Transfer;TXN105080
5/4/2023;Operations;Marketing;Central;12792;154513;Cash;TXN105164
17/6/2021;Sales;Marketing;Central;123193;66831;UPI;TXN105171
9/8/2022;Finance;Marketing;Central;100702;148541;Cash;TXN105177
29/10/2021;HR;Marketing;Central;145804;80438;UPI;TXN105216
10/7/2022;IT;Marketing;Central;40028;123056;Bank Transfer;TXN105242
13/1/2022;Sales;Marketing;Central;137605;167618;UPI;TXN105283
20/4/2023;IT;Marketing;Central;134900;29014;Bank Transfer;TXN105290
2/11/2023;Sales;Marketing;Central;56662;88970;Bank Transfer;TXN105318
5/4/2022;IT;Marketing;Central;142941;62748;UPI;TXN105338
29/6/2021;Sales;Marketing;Central;57292;85413;Cash;TXN105378
17/8/2021;Sales;Marketing;Central;135830;8325;UPI;TXN105389
9/4/2021;IT;Marketing;Central;30377;90392;Bank Transfer;TXN105486
20/10/2022;Sales;Marketing;Central;146948;61161;Card;TXN105520
15/4/2021;Operations;Marketing;Central;40978;107933;Cash;TXN105524
31/5/2021;HR;Marketing;Central;126877;8729;Cash;TXN105575
31/12/2021;Finance;Marketing;Central;110719;52259;Cash;TXN105592
19/9/2023;HR;Marketing;Central;13078;51567;UPI;TXN105600
15/7/2021;HR;Marketing;Central;101464;101976;Card;TXN105677
1/6/2021;IT;Marketing;Central;106382;99541;Cash;TXN105778
20/2/2022;HR;Marketing;Central;33584;138885;UPI;TXN105832
8/5/2022;HR;Marketing;Central;91491;110789;Card;TXN105869
1/7/2021;HR;Marketing;Central;54279;11052;UPI;TXN105883
18/2/2021;Operations;Marketing;Central;147028;87082;Card;TXN105928
6/8/2021;IT;Marketing;Central;14029;78455;Bank Transfer;TXN105935
2/10/2023;Finance;Marketing;Central;78396;92711;UPI;TXN105936
17/1/2023;Operations;Marketing;Central;143737;90946;Bank Transfer;TXN105950
27/2/2023;Sales;Marketing;Central;36176;17725;Cash;TXN105966
9/11/2022;Sales;Marketing;Central;60479;11157;Card;TXN105979
14/4/2023;Operations;Marketing;Central;18977;109381;Bank Transfer;TXN105996
9/3/2021;IT;Marketing;Central;138526;166583;UPI;TXN106068
19/1/2022;Sales;Marketing;Central;67924;140331;Bank Transfer;TXN106076
11/6/2023;Finance;Marketing;Central;130784;52635;Card;TXN106202
28/12/2022;Finance;Marketing;Central;15332;124088;Bank Transfer;TXN106212
20/10/2022;IT;Marketing;Central;140041;140558;Bank Transfer;TXN106248
3/8/2021;Sales;Marketing;Central;134390;67768;Card;TXN106336
17/7/2023;Operations;Marketing;Central;74082;134174;Bank Transfer;TXN106364
22/11/2021;HR;Marketing;Central;110489;153748;Bank Transfer;TXN106437
5/9/2022;Sales;Marketing;Central;147817;107768;Card;TXN106439
13/3/2022;Marketing;Marketing;Central;68210;113464;Card;TXN106460
6/1/2022;Operations;Marketing;Central;25791;127341;Card;TXN106541
26/4/2021;IT;Marketing;Central;88709;64686;UPI;TXN106585
18/1/2023;Marketing;Marketing;Central;57901;101252;Card;TXN106688
13/6/2021;IT;Marketing;Central;84007;37257;Cash;TXN106715
29/12/2021;HR;Marketing;Central;52148;140901;Bank Transfer;TXN106771
26/5/2023;Marketing;Marketing;Central;80409;160623;Bank Transfer;TXN106850
11/1/2021;Marketing;Marketing;Central;110165;169452;UPI;TXN106903
4/6/2021;Operations;Marketing;Central;42126;131546;Card;TXN107014
21/1/2022;Operations;Marketing;Central;19567;130868;Bank Transfer;TXN107043
7/10/2023;Sales;Marketing;Central;145534;42364;Cash;TXN107053
20/8/2022;Marketing;Marketing;Central;20734;16798;UPI;TXN107160
12/5/2023;Sales;Marketing;Central;39558;158291;Cash;TXN107240
10/9/2021;Marketing;Marketing;Central;31524;86426;UPI;TXN107309
16/9/2022;Finance;Marketing;Central;119880;49966;Bank Transfer;TXN107364
3/9/2021;Operations;Marketing;Central;54349;93449;Cash;TXN107404
13/11/2023;Sales;Marketing;Central;56620;56887;Cash;TXN107433
20/12/2022;IT;Marketing;Central;57448;48227;Bank Transfer;TXN107496
23/8/2022;Sales;Marketing;Central;67063;110832;Bank Transfer;TXN107500
15/4/2021;Finance;Marketing;Central;147212;103055;Card;TXN107522
16/1/2022;IT;Marketing;Central;12334;120851;UPI;TXN107536
5/10/2021;Marketing;Marketing;Central;86360;20496;UPI;TXN107544
31/12/2021;Sales;Marketing;Central;65070;75369;Card;TXN107568
1/9/2021;Sales;Marketing;Central;48191;162185;Cash;TXN107585
11/1/2022;Sales;Marketing;Central;19167;33117;Bank Transfer;TXN107601
9/3/2023;Finance;Marketing;Central;139348;84505;Bank Transfer;TXN107630
13/1/2023;Finance;Marketing;Central;109952;42754;Cash;TXN107634
23/10/2021;IT;Marketing;Central;94468;167289;Cash;TXN107636
3/11/2023;Operations;Marketing;Central;30505;115892;Card;TXN107649
27/7/2023;Marketing;Marketing;Central;63797;88894;Card;TXN107707
1/3/2021;Marketing;Marketing;Central;13501;38408;UPI;TXN107713
31/7/2022;Sales;Marketing;Central;109685;146570;Cash;TXN107715
23/12/2021;HR;Marketing;Central;97191;66452;Cash;TXN107722
13/3/2021;Operations;Marketing;Central;95935;140500;Card;TXN107810
19/1/2022;IT;Marketing;Central;78087;123873;Bank Transfer;TXN107826
16/2/2021;IT;Marketing;Central;81974;120860;Cash;TXN107830
4/10/2021;IT;Marketing;Central;16157;31668;Card;TXN107894
18/4/2022;Finance;Marketing;Central;72974;39725;Bank Transfer;TXN107986
1/5/2022;IT;Marketing;Central;135726;151686;UPI;TXN107995
28/11/2023;Sales;Marketing;Central;149279;87298;Bank Transfer;TXN108064
26/9/2023;IT;Marketing;Central;35723;59479;Bank Transfer;TXN108092
26/11/2022;Marketing;Marketing;Central;143332;20598;Bank Transfer;TXN108182
24/1/2021;Sales;Marketing;Central;56804;52604;Card;TXN108194
11/3/2023;Finance;Marketing;Central;31533;73583;Bank Transfer;TXN108200
21/3/2023;Marketing;Marketing;Central;66847;33656;Card;TXN108205
1/4/2022;Marketing;Marketing;Central;53497;100256;Card;TXN108220
15/10/2021;Finance;Marketing;Central;109028;169682;UPI;TXN108227
6/11/2022;Finance;Marketing;Central;134605;138014;Bank Transfer;TXN108240
16/11/2022;Finance;Marketing;Central;142891;162290;Cash;TXN108241
20/3/2022;HR;Marketing;Central;38670;15898;Card;TXN108254
14/6/2022;Operations;Marketing;Central;24422;137495;UPI;TXN108281
25/10/2023;Finance;Marketing;Central;111800;68982;UPI;TXN108339
16/1/2022;HR;Marketing;Central;103667;108064;Cash;TXN108359
14/11/2022;Sales;Marketing;Central;17650;95415;UPI;TXN108436
23/3/2021;IT;Marketing;Central;117632;97947;UPI;TXN108522
23/5/2022;IT;Marketing;Central;86584;78577;Bank Transfer;TXN108530
5/3/2022;IT;Marketing;Central;57642;146504;Card;TXN108610
26/12/2021;Operations;Marketing;Central;100571;162493;Cash;TXN108662
2/5/2021;IT;Marketing;Central;109495;34460;Card;TXN108678
30/6/2022;HR;Marketing;Central;96341;27422;UPI;TXN108712
28/2/2021;Sales;Marketing;Central;113896;119671;Cash;TXN108734
29/12/2023;Marketing;Marketing;Central;130747;105101;Card;TXN108736
30/9/2022;Operations;Marketing;Central;14484;150439;Cash;TXN108754
30/7/2021;IT;Marketing;Central;101810;43869;Card;TXN108759
13/11/2022;Marketing;Marketing;Central;91964;77634;Bank Transfer;TXN108802
19/6/2021;IT;Marketing;Central;133689;14703;Cash;TXN108824
29/4/2023;HR;Marketing;Central;60712;158786;Cash;TXN108873
13/10/2022;Sales;Marketing;Central;70515;107133;Bank Transfer;TXN108886
9/7/2023;HR;Marketing;Central;74723;120165;Card;TXN108911
1/7/2022;Marketing;Marketing;Central;73172;33533;UPI;TXN108927
7/11/2022;Finance;Marketing;Central;144428;37812;UPI;TXN109007
5/11/2022;IT;Marketing;Central;130392;91359;Cash;TXN109022
30/4/2023;Marketing;Marketing;Central;112941;26699;UPI;TXN109045
13/11/2021;Sales;Marketing;Central;23634;123355;UPI;TXN109069
19/8/2022;Finance;Marketing;Central;75912;105944;Bank Transfer;TXN109071
9/9/2022;IT;Marketing;Central;112145;121165;UPI;TXN109095
16/10/2023;HR;Marketing;Central;122359;162474;Card;TXN109239
12/2/2021;Operations;Marketing;Central;46320;25276;Cash;TXN109288
5/11/2021;IT;Marketing;Central;129399;57141;Card;TXN109352
23/10/2022;HR;Marketing;Central;103022;81540;Card;TXN109411
7/7/2022;Operations;Marketing;Central;106829;34891;UPI;TXN109471
6/5/2022;Marketing;Marketing;Central;95564;138110;Cash;TXN109493
25/3/2021;Marketing;Marketing;Central;146576;95248;Card;TXN109511
5/5/2023;Operations;Marketing;Central;95078;13788;Bank Transfer;TXN109555
16/12/2021;Finance;Marketing;Central;113533;69573;Bank Transfer;TXN109580
11/2/2022;IT;Marketing;Central;104588;106471;Card;TXN109582
1/1/2023;IT;Marketing;Central;69325;139614;Card;TXN109589
12/12/2022;Sales;Marketing;Central;129502;115341;Cash;TXN109596
21/6/2021;Finance;Marketing;Central;15036;108957;Card;TXN109611
16/9/2022;Operations;Marketing;Central;13871;93879;Card;TXN109687
11/10/2022;Sales;Marketing;Central;44825;60222;Card;TXN109765
26/6/2022;Sales;Marketing;Central;129823;12769;Card;TXN109849
13/8/2023;Marketing;Marketing;Central;99942;125284;UPI;TXN109853
18/1/2022;HR;Marketing;Central;62009;67480;Card;TXN109865
22/11/2021;Sales;Marketing;Central;109699;107979;Card;TXN109891
4/7/2021;IT;Marketing;Central;42212;115624;UPI;TXN109930
6/10/2022;Marketing;Marketing;Central;144262;58328;Bank Transfer;TXN109938
26/5/2023;Operations;Marketing;Central;47689;150292;Bank Transfer;TXN109960
29/3/2021;Finance;Marketing;East;37762;77044;Bank Transfer;TXN100005
2/2/2022;Finance;Infrastructure;East;39676;77919;Bank Transfer;TXN100105
8/2/2022;Finance;Travel;East;66025;54716;Bank Transfer;TXN100196
14/3/2022;Finance;Salaries;East;146720;49328;Bank Transfer;TXN100227
14/6/2023;Finance;Marketing;East;77913;54994;Bank Transfer;TXN100473
19/4/2021;Finance;Salaries;East;102728;161409;Bank Transfer;TXN100689
13/1/2021;Finance;Travel;East;82535;165517;Bank Transfer;TXN100753
7/7/2023;Finance;Salaries;East;123866;24483;Bank Transfer;TXN100765
25/7/2023;Finance;Travel;East;126265;71826;Bank Transfer;TXN100862
26/3/2023;Finance;Marketing;East;45985;58730;Bank Transfer;TXN100961
9/1/2022;Finance;Travel;East;31735;59246;Bank Transfer;TXN101067
9/9/2023;Finance;Infrastructure;East;89877;167308;Bank Transfer;TXN101106
16/8/2022;Finance;Infrastructure;East;121350;41912;Bank Transfer;TXN101200
14/8/2023;Finance;Salaries;East;43341;41489;Bank Transfer;TXN101330
11/1/2021;Finance;Training;East;95956;58499;Bank Transfer;TXN101345
2/8/2021;Finance;Utilities;East;24374;33807;Bank Transfer;TXN101350
8/6/2023;Finance;Utilities;East;130766;25963;Bank Transfer;TXN101353
2/1/2023;Finance;Utilities;East;148166;141241;Bank Transfer;TXN101430
5/4/2022;Finance;Salaries;East;122966;66858;Bank Transfer;TXN101473
1/11/2022;Finance;Utilities;East;92533;128676;Bank Transfer;TXN101620
13/11/2022;Finance;Travel;East;149728;71776;Bank Transfer;TXN101645
9/6/2021;Finance;Infrastructure;East;61036;53357;Bank Transfer;TXN101701
8/3/2021;Finance;Salaries;East;32701;163651;Bank Transfer;TXN101704
21/9/2022;Finance;Marketing;East;79061;38825;Bank Transfer;TXN101872
3/11/2023;Finance;Infrastructure;East;121870;46735;Bank Transfer;TXN102025
15/7/2021;Finance;Utilities;East;92081;141642;Bank Transfer;TXN102282
21/7/2021;Finance;Infrastructure;East;85279;76297;Bank Transfer;TXN103194
24/3/2021;Finance;Infrastructure;East;17188;13568;Bank Transfer;TXN103249
22/10/2022;Finance;Marketing;East;78107;22980;Bank Transfer;TXN103689
15/3/2022;Finance;Travel;East;119240;108640;Bank Transfer;TXN103698
29/4/2023;Finance;Infrastructure;East;132372;118712;Bank Transfer;TXN103803
12/6/2021;Finance;Marketing;East;74140;54436;Bank Transfer;TXN104053
4/2/2022;Finance;Marketing;East;106462;18919;Bank Transfer;TXN104237
10/5/2021;Finance;Infrastructure;East;76015;99841;Bank Transfer;TXN104295
12/7/2023;Finance;Utilities;East;34688;18531;Bank Transfer;TXN104355
9/5/2021;Finance;Travel;East;108017;68197;Bank Transfer;TXN104427
12/1/2023;Finance;Travel;East;108634;24466;Bank Transfer;TXN104524
18/10/2021;Finance;Infrastructure;East;12213;140738;Bank Transfer;TXN104539
22/8/2022;Finance;Infrastructure;East;17936;41870;Bank Transfer;TXN104564
31/8/2023;Finance;Marketing;East;112424;111659;Bank Transfer;TXN104924
16/4/2021;Finance;Utilities;East;23807;59074;Bank Transfer;TXN104983
13/1/2021;Finance;Travel;East;63283;56129;Bank Transfer;TXN104991
12/7/2022;Finance;Travel;East;139663;132578;Bank Transfer;TXN105257
10/11/2023;Finance;Utilities;East;62598;25353;Bank Transfer;TXN105346
9/7/2023;Finance;Utilities;East;93994;55548;Bank Transfer;TXN105357
27/7/2021;Finance;Utilities;East;111738;142138;Bank Transfer;TXN105949
2/4/2023;Finance;Salaries;East;54587;130080;Bank Transfer;TXN106078
29/5/2023;Finance;Infrastructure;East;19913;45861;Bank Transfer;TXN106205
8/10/2022;Finance;Travel;East;25117;104675;Bank Transfer;TXN106243
5/4/2023;Finance;Infrastructure;East;119752;65187;Bank Transfer;TXN106373
8/3/2021;Finance;Salaries;East;139272;107428;Bank Transfer;TXN106553
23/8/2021;Finance;Utilities;East;110530;130583;Bank Transfer;TXN106681
4/2/2023;Finance;Infrastructure;East;147948;88215;Bank Transfer;TXN107152
7/8/2022;Finance;Salaries;East;123141;59186;Bank Transfer;TXN107244
1/8/2022;Finance;Salaries;East;118414;24944;Bank Transfer;TXN107352
3/8/2022;Finance;Infrastructure;East;98158;127126;Bank Transfer;TXN107485
24/1/2023;Finance;Travel;East;32937;165068;Bank Transfer;TXN107551
28/4/2023;Finance;Utilities;East;82135;9240;Bank Transfer;TXN107752
19/5/2021;Finance;Marketing;East;42879;59721;Bank Transfer;TXN107753
7/3/2023;Finance;Marketing;East;41544;85252;Bank Transfer;TXN108258
14/2/2023;Finance;Travel;East;85563;63982;Bank Transfer;TXN108713
11/11/2022;Finance;Training;East;75258;30854;Bank Transfer;TXN108791
9/7/2021;Finance;Marketing;East;140687;29877;Bank Transfer;TXN108793
2/12/2022;Finance;Marketing;East;10152;156032;Bank Transfer;TXN108825
24/2/2021;Finance;Salaries;East;20159;53182;Bank Transfer;TXN109218
11/1/2022;Finance;Training;East;50106;32682;Bank Transfer;TXN109547
6/8/2023;Finance;Utilities;East;46548;142924;Bank Transfer;TXN109597
26/10/2023;Finance;Infrastructure;East;16621;86901;Bank Transfer;TXN109659
30/4/2021;Finance;Training;East;54072;84567;Bank Transfer;TXN109766
11/2/2023;Finance;Salaries;East;57068;30468;Bank Transfer;TXN109772
18/3/2022;Finance;Training;East;104100;65651;Bank Transfer;TXN109956
5/8/2023;Finance;Salaries;East;53745;121995;Bank Transfer;TXN109983
17/3/2023;IT;Utilities;East;75603;73056;Bank Transfer;TXN100010
3/12/2023;IT;Travel;East;117148;163759;Bank Transfer;TXN100376
28/6/2023;IT;Utilities;East;107462;83805;Bank Transfer;TXN100520
16/12/2023;IT;Marketing;East;149373;143191;Bank Transfer;TXN100645
2/2/2023;IT;Infrastructure;East;89143;63869;Bank Transfer;TXN100881
2/3/2021;IT;Infrastructure;East;90709;27435;Bank Transfer;TXN101148
12/11/2023;IT;Training;East;121184;66242;Bank Transfer;TXN101295
20/12/2023;IT;Marketing;East;122660;67155;Bank Transfer;TXN101310
9/1/2021;IT;Travel;East;71217;73379;Bank Transfer;TXN101378
28/8/2022;IT;Training;East;112132;49838;Bank Transfer;TXN101569
17/8/2023;IT;Salaries;East;51499;90172;Bank Transfer;TXN101629
24/5/2022;IT;Training;East;76477;67557;Bank Transfer;TXN101746
20/11/2023;IT;Travel;East;90919;54477;Bank Transfer;TXN102009
12/2/2021;IT;Marketing;East;73478;114522;Bank Transfer;TXN102180
13/2/2023;IT;Utilities;East;61166;126667;Bank Transfer;TXN102228
26/12/2022;IT;Infrastructure;East;97936;17302;Bank Transfer;TXN102293
26/12/2023;IT;Travel;East;88349;80358;Bank Transfer;TXN102318
19/3/2022;IT;Travel;East;61149;145227;Bank Transfer;TXN102559
11/7/2022;IT;Infrastructure;East;135293;74899;Bank Transfer;TXN102561
4/9/2022;IT;Utilities;East;90962;37757;Bank Transfer;TXN102765
1/4/2022;IT;Travel;East;27889;15495;Bank Transfer;TXN102974
11/10/2021;IT;Marketing;East;129445;58200;Bank Transfer;TXN103243
27/11/2021;IT;Utilities;East;45691;83073;Bank Transfer;TXN103287
24/7/2022;IT;Utilities;East;93926;160933;Bank Transfer;TXN103727
11/11/2021;IT;Utilities;East;67450;161851;Bank Transfer;TXN103851
20/9/2022;IT;Training;East;104081;9973;Bank Transfer;TXN103870
22/10/2023;IT;Training;East;64422;81181;Bank Transfer;TXN103881
29/9/2023;IT;Salaries;East;64259;91538;Bank Transfer;TXN103953
16/5/2021;IT;Utilities;East;74631;136895;Bank Transfer;TXN104109
31/8/2022;IT;Marketing;East;66108;22319;Bank Transfer;TXN104138
8/5/2022;IT;Utilities;East;65020;120003;Bank Transfer;TXN104319
25/4/2022;IT;Travel;East;55174;139448;Bank Transfer;TXN104382
10/12/2023;IT;Training;East;135812;70422;Bank Transfer;TXN104731
11/2/2023;IT;Travel;East;65856;134208;Bank Transfer;TXN104805
17/5/2022;IT;Infrastructure;East;146725;70849;Bank Transfer;TXN104934
30/12/2022;IT;Training;East;54738;34649;Bank Transfer;TXN105199
30/12/2021;IT;Travel;East;35562;87435;Bank Transfer;TXN105299
8/9/2022;IT;Utilities;East;59541;144392;Bank Transfer;TXN105423
1/4/2023;IT;Travel;East;115495;138566;Bank Transfer;TXN105475
12/1/2022;IT;Salaries;East;35920;130737;Bank Transfer;TXN105502
22/11/2021;IT;Marketing;East;74646;141238;Bank Transfer;TXN105840
7/11/2022;IT;Marketing;East;145636;149538;Bank Transfer;TXN106056
13/10/2021;IT;Training;East;66546;81461;Bank Transfer;TXN106177
26/12/2022;IT;Training;East;14693;39030;Bank Transfer;TXN106260
11/5/2021;IT;Utilities;East;44385;93157;Bank Transfer;TXN106273
16/7/2022;IT;Utilities;East;140241;10915;Bank Transfer;TXN106524
7/9/2021;IT;Travel;East;48923;154302;Bank Transfer;TXN106616
19/2/2022;IT;Training;East;16546;141168;Bank Transfer;TXN106756
22/1/2023;IT;Salaries;East;82189;96796;Bank Transfer;TXN106787
26/4/2021;IT;Marketing;East;40437;144082;Bank Transfer;TXN106810
5/2/2022;IT;Utilities;East;113297;90896;Bank Transfer;TXN106997
7/3/2022;IT;Salaries;East;52447;102303;Bank Transfer;TXN107093
28/5/2023;IT;Marketing;East;120167;145668;Bank Transfer;TXN107256
1/9/2021;IT;Training;East;51730;149141;Bank Transfer;TXN107644
27/10/2021;IT;Training;East;72639;63025;Bank Transfer;TXN107856
25/9/2022;IT;Infrastructure;East;44076;98203;Bank Transfer;TXN108008
21/11/2023;IT;Marketing;East;98992;144153;Bank Transfer;TXN108017
7/3/2022;IT;Travel;East;118624;112478;Bank Transfer;TXN108249
18/4/2023;IT;Travel;East;70538;51379;Bank Transfer;TXN108514
3/3/2022;IT;Utilities;East;107565;61570;Bank Transfer;TXN108592
23/2/2021;IT;Utilities;East;62957;146719;Bank Transfer;TXN108654
31/12/2021;IT;Salaries;East;38253;115659;Bank Transfer;TXN108714
14/5/2023;IT;Salaries;East;142518;126198;Bank Transfer;TXN108732
7/6/2021;IT;Marketing;East;149807;70616;Bank Transfer;TXN108883
26/8/2021;IT;Utilities;East;45992;46540;Bank Transfer;TXN108901
28/12/2022;IT;Salaries;East;147429;149632;Bank Transfer;TXN108928
5/11/2021;IT;Marketing;East;92131;106635;Bank Transfer;TXN108983
14/2/2022;IT;Training;East;72348;124858;Bank Transfer;TXN109153
6/7/2023;IT;Infrastructure;East;79087;13410;Bank Transfer;TXN109268
4/8/2021;IT;Travel;East;88593;97935;Bank Transfer;TXN109385
16/1/2023;IT;Marketing;East;141364;101577;Bank Transfer;TXN109476
4/8/2022;IT;Utilities;East;21573;155164;Bank Transfer;TXN109679
8/5/2023;IT;Travel;East;118872;45558;Bank Transfer;TXN109699
6/4/2021;IT;Salaries;East;114303;108585;Bank Transfer;TXN109976
10/10/2022;Operations;Training;East;85404;28850;Bank Transfer;TXN100076
18/10/2023;Operations;Salaries;East;138077;143377;Bank Transfer;TXN100115
16/4/2022;Operations;Utilities;East;56458;12223;Bank Transfer;TXN100494
13/9/2021;Operations;Travel;East;114700;123471;Bank Transfer;TXN100523
20/11/2022;Operations;Infrastructure;East;144530;33702;Bank Transfer;TXN100541
30/6/2022;Operations;Utilities;East;86069;65848;Bank Transfer;TXN100610
31/5/2022;Operations;Training;East;94541;34989;Bank Transfer;TXN100705
2/8/2022;Operations;Marketing;East;20695;44573;Bank Transfer;TXN100938
25/9/2023;Operations;Infrastructure;East;66218;116058;Bank Transfer;TXN101001
11/10/2023;Operations;Training;East;59659;13801;Bank Transfer;TXN101332
15/6/2021;Operations;Travel;East;114375;148726;Bank Transfer;TXN101344
3/3/2022;Operations;Infrastructure;East;32291;97166;Bank Transfer;TXN101597
26/10/2022;Operations;Salaries;East;61686;50732;Bank Transfer;TXN101652
10/7/2023;Operations;Marketing;East;55517;69988;Bank Transfer;TXN101675
14/1/2023;Operations;Infrastructure;East;103668;37129;Bank Transfer;TXN101877
13/9/2021;Operations;Travel;East;10937;87570;Bank Transfer;TXN101986
20/7/2022;Operations;Training;East;139244;10747;Bank Transfer;TXN102032
4/11/2023;Operations;Travel;East;148410;82659;Bank Transfer;TXN102035
15/7/2021;Operations;Utilities;East;38353;101011;Bank Transfer;TXN102147
21/4/2022;Operations;Utilities;East;105168;74124;Bank Transfer;TXN102239
24/5/2022;Operations;Travel;East;142703;35921;Bank Transfer;TXN102610
21/10/2021;Operations;Travel;East;78525;57172;Bank Transfer;TXN102753
8/6/2023;Operations;Travel;East;32167;66425;Bank Transfer;TXN102759
4/4/2022;Operations;Infrastructure;East;110071;155245;Bank Transfer;TXN102910
24/5/2023;Operations;Infrastructure;East;69395;50381;Bank Transfer;TXN103027
7/2/2022;Operations;Salaries;East;84165;144476;Bank Transfer;TXN103216
28/6/2022;Operations;Utilities;East;29067;135240;Bank Transfer;TXN103358
21/1/2023;Operations;Travel;East;16227;158913;Bank Transfer;TXN103481
23/5/2022;Operations;Utilities;East;96210;29996;Bank Transfer;TXN103616
15/3/2021;Operations;Salaries;East;118537;156759;Bank Transfer;TXN103635
10/2/2022;Operations;Training;East;37476;18996;Bank Transfer;TXN103667
7/8/2022;Operations;Utilities;East;107305;17040;Bank Transfer;TXN103737
20/4/2021;Operations;Training;East;42574;86938;Bank Transfer;TXN103741
8/8/2021;Operations;Utilities;East;56851;89232;Bank Transfer;TXN103812
19/10/2022;Operations;Travel;East;124419;28288;Bank Transfer;TXN104046
10/1/2022;Operations;Training;East;37849;33872;Bank Transfer;TXN104179
20/7/2021;Operations;Marketing;East;97515;151499;Bank Transfer;TXN104347
5/5/2021;Operations;Travel;East;141215;146460;Bank Transfer;TXN104360
4/2/2021;Operations;Travel;East;77216;61703;Bank Transfer;TXN104677
2/1/2023;Operations;Training;East;131415;160703;Bank Transfer;TXN104836
13/6/2023;Operations;Marketing;East;30843;81023;Bank Transfer;TXN104844
30/7/2021;Operations;Marketing;East;117662;134952;Bank Transfer;TXN105655
4/10/2021;Operations;Salaries;East;103006;11603;Bank Transfer;TXN105776
16/9/2021;Operations;Marketing;East;92542;37600;Bank Transfer;TXN105780
13/11/2022;Operations;Salaries;East;140949;16204;Bank Transfer;TXN105855
16/11/2023;Operations;Travel;East;80466;152584;Bank Transfer;TXN105939
22/3/2023;Operations;Marketing;East;109819;48439;Bank Transfer;TXN106184
5/10/2021;Operations;Travel;East;26519;99342;Bank Transfer;TXN106198
18/4/2023;Operations;Travel;East;122174;145061;Bank Transfer;TXN106276
31/5/2022;Operations;Marketing;East;84063;102569;Bank Transfer;TXN106413
8/4/2022;Operations;Travel;East;115010;69520;Bank Transfer;TXN106470
29/12/2023;Operations;Salaries;East;17629;63330;Bank Transfer;TXN106538
4/1/2022;Operations;Infrastructure;East;61167;42588;Bank Transfer;TXN106704
6/6/2022;Operations;Marketing;East;34107;137908;Bank Transfer;TXN107222
27/4/2022;Operations;Utilities;East;93271;81239;Bank Transfer;TXN107284
14/9/2021;Operations;Utilities;East;14460;160313;Bank Transfer;TXN107474
4/7/2022;Operations;Infrastructure;East;92139;139572;Bank Transfer;TXN107638
23/11/2021;Operations;Salaries;East;72273;73297;Bank Transfer;TXN107645
13/6/2022;Operations;Salaries;East;117378;51211;Bank Transfer;TXN107992
16/2/2021;Operations;Salaries;East;67676;24447;Bank Transfer;TXN108125
13/12/2023;Operations;Travel;East;45833;135337;Bank Transfer;TXN108169
21/3/2022;Operations;Training;East;109482;112929;Bank Transfer;TXN108280
15/12/2021;Operations;Training;East;112787;94940;Bank Transfer;TXN108387
27/1/2023;Operations;Utilities;East;35618;47715;Bank Transfer;TXN108397
15/7/2023;Operations;Salaries;East;72726;131809;Bank Transfer;TXN108469
21/12/2023;Operations;Travel;East;58394;149568;Bank Transfer;TXN108614
14/6/2022;Operations;Utilities;East;64390;56845;Bank Transfer;TXN108891
4/1/2023;Operations;Travel;East;145263;59794;Bank Transfer;TXN108896
17/1/2022;Operations;Utilities;East;35826;84077;Bank Transfer;TXN109086
15/6/2023;Operations;Training;East;12656;20027;Bank Transfer;TXN109496
16/5/2023;Operations;Marketing;East;97257;116453;Bank Transfer;TXN109516
13/12/2023;Operations;Utilities;East;48227;67766;Bank Transfer;TXN109631
16/2/2023;Operations;Training;East;125333;61471;Bank Transfer;TXN109641
21/8/2023;Operations;Utilities;East;147982;55976;Bank Transfer;TXN109686
10/9/2021;Operations;Marketing;East;57733;53123;Bank Transfer;TXN109694
31/10/2021;Operations;Utilities;East;67414;124298;Bank Transfer;TXN109893
29/5/2023;Operations;Travel;East;147211;125351;Bank Transfer;TXN109971
22/6/2022;Sales;Marketing;East;61529;129975;Bank Transfer;TXN100272
18/12/2023;Sales;Travel;East;138755;11219;Bank Transfer;TXN100469
30/11/2022;Sales;Infrastructure;East;76304;42179;Bank Transfer;TXN100667
23/5/2023;Sales;Training;East;38566;120179;Bank Transfer;TXN100766
6/6/2021;Sales;Salaries;East;132494;130152;Bank Transfer;TXN100802
4/8/2021;Sales;Infrastructure;East;143053;153573;Bank Transfer;TXN100815
6/8/2021;Sales;Infrastructure;East;95348;76595;Bank Transfer;TXN100837
8/12/2022;Sales;Utilities;East;29075;53699;Bank Transfer;TXN100965
21/6/2021;Sales;Utilities;East;149884;31871;Bank Transfer;TXN101053
30/12/2021;Sales;Salaries;East;36440;169235;Bank Transfer;TXN101103
5/10/2021;Sales;Training;East;136086;89290;Bank Transfer;TXN101254
5/7/2023;Sales;Infrastructure;East;113213;118030;Bank Transfer;TXN101255
19/4/2022;Sales;Training;East;99896;53763;Bank Transfer;TXN101266
27/4/2021;Sales;Training;East;66840;105493;Bank Transfer;TXN101334
22/9/2022;Sales;Travel;East;20586;108700;Bank Transfer;TXN101478
12/9/2022;Sales;Infrastructure;East;130536;12972;Bank Transfer;TXN101493
23/2/2022;Sales;Salaries;East;112657;50797;Bank Transfer;TXN101668
9/5/2023;Sales;Marketing;East;60087;135398;Bank Transfer;TXN101776
30/6/2022;Sales;Travel;East;11796;92099;Bank Transfer;TXN101874
5/9/2022;Sales;Utilities;East;14538;119712;Bank Transfer;TXN102262
7/5/2021;Sales;Utilities;East;16968;39325;Bank Transfer;TXN102475
17/8/2022;Sales;Infrastructure;East;40090;33710;Bank Transfer;TXN102495
27/12/2021;Sales;Utilities;East;114936;76670;Bank Transfer;TXN102909
3/8/2022;Sales;Marketing;East;114153;81075;Bank Transfer;TXN102933
5/5/2021;Sales;Travel;East;33357;153320;Bank Transfer;TXN102948
28/5/2021;Sales;Salaries;East;20125;150560;Bank Transfer;TXN103215
3/7/2022;Sales;Training;East;130761;114967;Bank Transfer;TXN103308
3/5/2021;Sales;Utilities;East;122212;45087;Bank Transfer;TXN103315
1/5/2021;Sales;Infrastructure;East;26825;159597;Bank Transfer;TXN103333
8/11/2023;Sales;Marketing;East;125539;163993;Bank Transfer;TXN103395
20/12/2022;Sales;Infrastructure;East;92639;85965;Bank Transfer;TXN103515
27/7/2022;Sales;Marketing;East;13664;119157;Bank Transfer;TXN103636
25/7/2022;Sales;Training;East;90195;105122;Bank Transfer;TXN103657
6/12/2021;Sales;Utilities;East;21391;28393;Bank Transfer;TXN103696
4/6/2021;Sales;Marketing;East;105376;127350;Bank Transfer;TXN103707
29/8/2022;Sales;Infrastructure;East;130331;94894;Bank Transfer;TXN103866
17/9/2022;Sales;Training;East;21238;68452;Bank Transfer;TXN103989
10/4/2022;Sales;Utilities;East;42860;141992;Bank Transfer;TXN104226
19/1/2022;Sales;Travel;East;26659;63965;Bank Transfer;TXN104289
26/4/2021;Sales;Salaries;East;116316;127362;Bank Transfer;TXN104484
28/5/2022;Sales;Training;East;54649;78010;Bank Transfer;TXN104527
1/1/2021;Sales;Training;East;135948;161114;Bank Transfer;TXN104637
20/3/2021;Sales;Utilities;East;81211;33218;Bank Transfer;TXN104802
19/2/2022;Sales;Salaries;East;110866;147337;Bank Transfer;TXN104910
5/4/2023;Sales;Utilities;East;22128;150641;Bank Transfer;TXN105366
30/6/2022;Sales;Utilities;East;44820;75584;Bank Transfer;TXN105416
6/4/2022;Sales;Marketing;East;41811;147048;Bank Transfer;TXN105465
19/4/2021;Sales;Utilities;East;92578;108626;Bank Transfer;TXN105648
11/2/2021;Sales;Marketing;East;126591;153941;Bank Transfer;TXN105658
23/2/2022;Sales;Infrastructure;East;61893;97096;Bank Transfer;TXN105694
29/1/2021;Sales;Travel;East;62582;83437;Bank Transfer;TXN105893
5/6/2023;Sales;Training;East;53930;141156;Bank Transfer;TXN105972
12/1/2023;Sales;Infrastructure;East;124643;99765;Bank Transfer;TXN106272
15/6/2021;Sales;Marketing;East;112542;43191;Bank Transfer;TXN106310
22/2/2021;Sales;Training;East;91280;24965;Bank Transfer;TXN106606
4/6/2021;Sales;Training;East;98148;133596;Bank Transfer;TXN106660
13/6/2023;Sales;Travel;East;44693;138257;Bank Transfer;TXN106816
13/1/2023;Sales;Infrastructure;East;107150;107749;Bank Transfer;TXN107105
30/10/2022;Sales;Training;East;38880;125704;Bank Transfer;TXN107277
15/10/2022;Sales;Utilities;East;38259;74968;Bank Transfer;TXN107443
11/5/2021;Sales;Salaries;East;95993;157787;Bank Transfer;TXN107561
17/2/2022;Sales;Salaries;East;71930;35342;Bank Transfer;TXN107739
18/4/2022;Sales;Travel;East;63664;15270;Bank Transfer;TXN107778
3/3/2022;Sales;Travel;East;93042;27560;Bank Transfer;TXN108127
26/6/2022;Sales;Salaries;East;116385;15747;Bank Transfer;TXN108139
1/1/2021;Sales;Travel;East;36730;94668;Bank Transfer;TXN108296
30/10/2021;Sales;Utilities;East;80669;75346;Bank Transfer;TXN108374
3/3/2021;Sales;Travel;East;50103;96594;Bank Transfer;TXN108531
7/2/2022;Sales;Training;East;147246;10389;Bank Transfer;TXN108601
17/5/2023;Sales;Infrastructure;East;37573;119635;Bank Transfer;TXN108790
27/4/2022;Sales;Travel;East;13740;114329;Bank Transfer;TXN108868
6/1/2022;Sales;Training;East;68889;133790;Bank Transfer;TXN108893
4/3/2023;Sales;Infrastructure;East;74076;142056;Bank Transfer;TXN108959
1/10/2023;Sales;Travel;East;75491;86251;Bank Transfer;TXN109090
25/5/2023;Sales;Infrastructure;East;108331;123983;Bank Transfer;TXN109256
20/9/2023;Sales;Salaries;East;113823;75136;Bank Transfer;TXN109576
24/7/2021;Sales;Training;East;147914;72577;Bank Transfer;TXN109698
3/1/2021;Sales;Utilities;East;110754;163556;Bank Transfer;TXN109753
11/11/2023;Marketing;Salaries;East;19702;87896;Bank Transfer;TXN100001
19/1/2023;Marketing;Utilities;East;72397;158604;Bank Transfer;TXN100119
13/12/2023;Marketing;Salaries;East;63368;53076;Bank Transfer;TXN100149
27/5/2023;Marketing;Infrastructure;East;139807;97194;Bank Transfer;TXN100308
16/2/2021;Marketing;Training;East;13900;121959;Bank Transfer;TXN100311
28/11/2022;Marketing;Salaries;East;40193;70124;Bank Transfer;TXN100341
26/3/2023;Marketing;Travel;East;59698;46419;Bank Transfer;TXN100487
25/2/2021;Marketing;Training;East;132188;70402;Bank Transfer;TXN100658
10/2/2021;Marketing;Training;East;65585;97125;Bank Transfer;TXN100997
7/9/2022;Marketing;Utilities;East;26037;71182;Bank Transfer;TXN101093
30/12/2022;Marketing;Training;East;67899;37817;Bank Transfer;TXN101346
4/2/2021;Marketing;Utilities;East;127859;29305;Bank Transfer;TXN101418
5/8/2023;Marketing;Travel;East;23763;85062;Bank Transfer;TXN101434
5/7/2021;Marketing;Utilities;East;71264;140561;Bank Transfer;TXN101443
10/1/2022;Marketing;Infrastructure;East;74932;136205;Bank Transfer;TXN101457
8/7/2022;Marketing;Training;East;20716;85121;Bank Transfer;TXN101683
8/4/2023;Marketing;Training;East;34121;72567;Bank Transfer;TXN101697
8/12/2021;Marketing;Utilities;East;115139;46910;Bank Transfer;TXN101761
11/8/2021;Marketing;Infrastructure;East;97473;50294;Bank Transfer;TXN102523
17/6/2022;Marketing;Salaries;East;144173;66929;Bank Transfer;TXN102788
16/4/2022;Marketing;Travel;East;88385;60454;Bank Transfer;TXN102879
29/9/2021;Marketing;Infrastructure;East;115825;140888;Bank Transfer;TXN102932
9/11/2023;Marketing;Utilities;East;68876;117364;Bank Transfer;TXN102940
3/6/2021;Marketing;Training;East;49276;129666;Bank Transfer;TXN103002
19/10/2022;Marketing;Utilities;East;33215;27499;Bank Transfer;TXN103255
15/6/2021;Marketing;Salaries;East;83978;14864;Bank Transfer;TXN103620
13/4/2023;Marketing;Infrastructure;East;58951;136298;Bank Transfer;TXN103662
6/4/2021;Marketing;Infrastructure;East;38039;90943;Bank Transfer;TXN103759
26/8/2021;Marketing;Utilities;East;66462;63341;Bank Transfer;TXN103864
24/7/2022;Marketing;Training;East;11615;68962;Bank Transfer;TXN104064
15/3/2023;Marketing;Salaries;East;27986;106172;Bank Transfer;TXN104232
24/6/2023;Marketing;Infrastructure;East;149030;153894;Bank Transfer;TXN104574
1/10/2021;Marketing;Travel;East;120665;42867;Bank Transfer;TXN104581
30/4/2023;Marketing;Utilities;East;140967;54788;Bank Transfer;TXN104670
20/4/2023;Marketing;Training;East;106617;169129;Bank Transfer;TXN104710
14/4/2023;Marketing;Training;East;43960;99884;Bank Transfer;TXN104753
21/4/2023;Marketing;Utilities;East;115620;88223;Bank Transfer;TXN104770
10/6/2021;Marketing;Salaries;East;103493;97535;Bank Transfer;TXN104981
9/8/2023;Marketing;Utilities;East;59724;106013;Bank Transfer;TXN105030
15/3/2021;Marketing;Travel;East;11104;62024;Bank Transfer;TXN105151
27/7/2023;Marketing;Travel;East;125513;121646;Bank Transfer;TXN105310
16/10/2021;Marketing;Travel;East;61384;46448;Bank Transfer;TXN105384
16/4/2023;Marketing;Utilities;East;80787;11213;Bank Transfer;TXN105497
7/2/2022;Marketing;Salaries;East;147062;27427;Bank Transfer;TXN105583
5/4/2021;Marketing;Marketing;East;18612;96255;Bank Transfer;TXN105622
25/3/2021;Marketing;Marketing;East;25648;60004;Bank Transfer;TXN105809
29/9/2022;Marketing;Infrastructure;East;19398;9777;Bank Transfer;TXN105884
15/10/2023;Marketing;Infrastructure;East;71140;96853;Bank Transfer;TXN105885
7/2/2023;Marketing;Salaries;East;51860;80934;Bank Transfer;TXN106174
10/3/2021;Marketing;Training;East;93661;150083;Bank Transfer;TXN106337
3/10/2023;Marketing;Infrastructure;East;47495;110140;Bank Transfer;TXN106565
16/9/2023;Marketing;Training;East;88233;169068;Bank Transfer;TXN106912
15/3/2022;Marketing;Travel;East;133754;73501;Bank Transfer;TXN107294
1/8/2023;Marketing;Training;East;104832;133506;Bank Transfer;TXN107476
9/9/2023;Marketing;Infrastructure;East;138566;112027;Bank Transfer;TXN107694
12/4/2022;Marketing;Utilities;East;19539;70739;Bank Transfer;TXN107880
25/10/2022;Marketing;Training;East;88216;155071;Bank Transfer;TXN107892
5/9/2021;Marketing;Salaries;East;108594;77530;Bank Transfer;TXN107928
8/5/2022;Marketing;Salaries;East;68656;146082;Bank Transfer;TXN108007
9/1/2021;Marketing;Training;East;133818;161640;Bank Transfer;TXN108038
19/6/2021;Marketing;Utilities;East;113940;93331;Bank Transfer;TXN108210
30/11/2023;Marketing;Salaries;East;58717;121032;Bank Transfer;TXN108250
29/10/2021;Marketing;Marketing;East;23147;65768;Bank Transfer;TXN108251
18/5/2022;Marketing;Infrastructure;East;30200;48198;Bank Transfer;TXN108372
24/10/2021;Marketing;Training;East;109760;157674;Bank Transfer;TXN108452
27/6/2022;Marketing;Marketing;East;38612;143100;Bank Transfer;TXN108498
18/10/2023;Marketing;Infrastructure;East;57036;154659;Bank Transfer;TXN108639
9/10/2021;Marketing;Infrastructure;East;89975;99294;Bank Transfer;TXN108661
22/2/2022;Marketing;Infrastructure;East;115847;143955;Bank Transfer;TXN108848
30/12/2021;Marketing;Marketing;East;102856;106232;Bank Transfer;TXN109257
19/7/2021;Marketing;Travel;East;138802;103408;Bank Transfer;TXN109281
20/1/2021;Marketing;Training;East;11604;136306;Bank Transfer;TXN109361
25/7/2022;Marketing;Marketing;East;131428;9464;Bank Transfer;TXN109434
10/10/2022;Marketing;Salaries;East;27822;163308;Bank Transfer;TXN109469
4/2/2023;Marketing;Salaries;East;41081;134343;Bank Transfer;TXN109595
27/5/2022;Marketing;Utilities;East;144850;103077;Bank Transfer;TXN109770
25/8/2023;Marketing;Utilities;East;108290;110222;Bank Transfer;TXN109782
2/7/2023;Marketing;Salaries;East;98013;71021;Bank Transfer;TXN109858
24/4/2021;Marketing;Training;East;46853;120463;Bank Transfer;TXN109884
24/8/2022;HR;Salaries;East;45864;130300;Bank Transfer;TXN100035
21/7/2021;HR;Travel;East;13480;67466;Bank Transfer;TXN100055
1/12/2023;HR;Marketing;East;111907;23332;Bank Transfer;TXN100072
19/8/2023;HR;Marketing;East;146529;132412;Bank Transfer;TXN100099
24/5/2021;HR;Salaries;East;87807;80583;Bank Transfer;TXN100182
27/7/2021;HR;Marketing;East;61159;25786;Bank Transfer;TXN100195
4/6/2023;HR;Training;East;122911;161528;Bank Transfer;TXN100428
1/8/2022;HR;Travel;East;33922;161424;Bank Transfer;TXN100583
26/6/2022;HR;Training;East;125763;127743;Bank Transfer;TXN100599
24/9/2023;HR;Infrastructure;East;22869;73592;Bank Transfer;TXN100805
25/3/2023;HR;Infrastructure;East;118050;130809;Bank Transfer;TXN100942
23/7/2023;HR;Travel;East;92680;84559;Bank Transfer;TXN100998
1/1/2023;HR;Travel;East;86427;131692;Bank Transfer;TXN101006
12/8/2021;HR;Marketing;East;60882;152823;Bank Transfer;TXN101202
2/2/2023;HR;Marketing;East;140480;150810;Bank Transfer;TXN101273
11/10/2023;HR;Salaries;East;97468;98915;Bank Transfer;TXN101399
15/8/2022;HR;Infrastructure;East;85012;151993;Bank Transfer;TXN101480
5/12/2022;HR;Travel;East;143959;74535;Bank Transfer;TXN101548
31/3/2023;HR;Travel;East;120212;156549;Bank Transfer;TXN101834
12/1/2023;HR;Infrastructure;East;71631;97191;Bank Transfer;TXN101851
14/8/2023;HR;Salaries;East;113963;150832;Bank Transfer;TXN101903
4/5/2021;HR;Travel;East;60396;86806;Bank Transfer;TXN101965
1/2/2021;HR;Utilities;East;90202;87152;Bank Transfer;TXN102203
4/12/2021;HR;Travel;East;141655;75618;Bank Transfer;TXN102305
12/7/2022;HR;Marketing;East;77310;33477;Bank Transfer;TXN102347
4/7/2022;HR;Marketing;East;125261;79126;Bank Transfer;TXN102348
14/3/2022;HR;Utilities;East;42791;27956;Bank Transfer;TXN102414
31/7/2023;HR;Salaries;East;134370;33443;Bank Transfer;TXN102597
30/9/2021;HR;Marketing;East;67211;150111;Bank Transfer;TXN102611
26/2/2023;HR;Infrastructure;East;97460;163424;Bank Transfer;TXN102614
30/7/2023;HR;Training;East;53403;88665;Bank Transfer;TXN102656
25/6/2022;HR;Infrastructure;East;56300;92646;Bank Transfer;TXN102837
2/4/2022;HR;Training;East;59602;162487;Bank Transfer;TXN102863
5/12/2023;HR;Travel;East;145891;98539;Bank Transfer;TXN102870
19/12/2023;HR;Salaries;East;83415;158544;Bank Transfer;TXN102871
11/8/2022;HR;Marketing;East;56660;129305;Bank Transfer;TXN103015
8/2/2022;HR;Utilities;East;33942;84057;Bank Transfer;TXN103186
6/8/2021;HR;Travel;East;95639;99205;Bank Transfer;TXN103193
7/8/2021;HR;Travel;East;55946;111825;Bank Transfer;TXN103209
1/9/2023;HR;Infrastructure;East;56094;75819;Bank Transfer;TXN103331
2/9/2021;HR;Salaries;East;94095;103129;Bank Transfer;TXN103435
29/7/2022;HR;Utilities;East;24802;123606;Bank Transfer;TXN103580
21/6/2022;HR;Utilities;East;75858;35154;Bank Transfer;TXN103630
25/4/2023;HR;Infrastructure;East;100883;144028;Bank Transfer;TXN103809
25/6/2023;HR;Salaries;East;145374;52476;Bank Transfer;TXN103826
20/12/2023;HR;Salaries;East;107360;142511;Bank Transfer;TXN104061
11/12/2022;HR;Travel;East;141460;136598;Bank Transfer;TXN104070
21/6/2021;HR;Salaries;East;139664;100350;Bank Transfer;TXN104580
26/7/2022;HR;Utilities;East;68141;114652;Bank Transfer;TXN104822
27/9/2021;HR;Infrastructure;East;43653;50177;Bank Transfer;TXN105123
25/3/2021;HR;Infrastructure;East;37118;59018;Bank Transfer;TXN105272
11/1/2023;HR;Salaries;East;78506;103795;Bank Transfer;TXN105410
29/1/2022;HR;Travel;East;87746;35973;Bank Transfer;TXN105604
27/1/2022;HR;Marketing;East;109018;54897;Bank Transfer;TXN105606
20/10/2022;HR;Training;East;109410;114331;Bank Transfer;TXN105744
29/10/2022;HR;Salaries;East;90643;77501;Bank Transfer;TXN105793
15/8/2021;HR;Travel;East;129741;60753;Bank Transfer;TXN105805
21/1/2021;HR;Travel;East;13949;17947;Bank Transfer;TXN105897
3/9/2022;HR;Infrastructure;East;57634;60984;Bank Transfer;TXN105905
2/11/2022;HR;Training;East;80793;10899;Bank Transfer;TXN105906
16/2/2021;HR;Salaries;East;78009;100820;Bank Transfer;TXN105945
24/6/2022;HR;Utilities;East;62050;61469;Bank Transfer;TXN106030
7/11/2021;HR;Infrastructure;East;59402;24679;Bank Transfer;TXN106162
14/11/2022;HR;Utilities;East;75636;12278;Bank Transfer;TXN106175
24/9/2023;HR;Utilities;East;25383;55395;Bank Transfer;TXN106176
18/12/2023;HR;Marketing;East;31274;39935;Bank Transfer;TXN106356
19/7/2021;HR;Utilities;East;69760;119486;Bank Transfer;TXN106384
8/7/2023;HR;Training;East;72030;32041;Bank Transfer;TXN106621
2/11/2023;HR;Training;East;143527;43348;Bank Transfer;TXN106904
19/2/2022;HR;Marketing;East;118316;151453;Bank Transfer;TXN107046
7/4/2023;HR;Marketing;East;142346;118073;Bank Transfer;TXN107286
4/3/2021;HR;Utilities;East;15423;159393;Bank Transfer;TXN107376
25/9/2023;HR;Marketing;East;74172;87119;Bank Transfer;TXN107669
29/4/2023;HR;Infrastructure;East;57141;146169;Bank Transfer;TXN107711
26/6/2022;HR;Travel;East;31677;137217;Bank Transfer;TXN108116
30/4/2022;HR;Travel;East;143673;31000;Bank Transfer;TXN108160
17/11/2023;HR;Marketing;East;146642;122158;Bank Transfer;TXN108174
29/1/2021;HR;Travel;East;117083;143369;Bank Transfer;TXN108506
21/6/2023;HR;Marketing;East;40671;76834;Bank Transfer;TXN108690
13/3/2021;HR;Utilities;East;93176;138651;Bank Transfer;TXN108815
2/9/2021;HR;Salaries;East;30517;105015;Bank Transfer;TXN108982
24/3/2023;HR;Salaries;East;11302;111183;Bank Transfer;TXN109002
4/9/2023;HR;Marketing;East;66020;168509;Bank Transfer;TXN109016
11/4/2021;HR;Marketing;East;28449;94706;Bank Transfer;TXN109232
11/1/2022;HR;Infrastructure;East;11096;164397;Bank Transfer;TXN109447
30/11/2022;HR;Marketing;East;10913;140412;Bank Transfer;TXN109578
17/4/2022;HR;Travel;East;35300;159476;Bank Transfer;TXN109826
21/4/2021;HR;Salaries;East;66993;165442;Bank Transfer;TXN109847
17/5/2022;HR;Utilities;East;15045;118750;Bank Transfer;TXN109888
4/6/2022;HR;Infrastructure;East;82586;74825;Bank Transfer;TXN109980
27/1/2022;HR;Marketing;East;69171;120442;Cash;TXN100079
30/9/2023;Operations;Marketing;East;67753;31128;Cash;TXN100299
29/12/2023;Marketing;Marketing;East;115302;137925;Cash;TXN100342
9/1/2022;Marketing;Marketing;East;128099;109120;Cash;TXN100532
20/12/2022;Operations;Marketing;East;21070;157732;Cash;TXN100655
16/10/2021;IT;Marketing;East;98724;113530;Cash;TXN100807
29/6/2023;Sales;Marketing;East;71171;30547;Cash;TXN100948
19/6/2022;Operations;Marketing;East;100986;106395;Cash;TXN101228
15/8/2022;Marketing;Marketing;East;16352;104527;Cash;TXN101355
2/9/2023;Marketing;Marketing;East;90078;94029;Cash;TXN101589
26/9/2023;Finance;Marketing;East;84963;92753;Cash;TXN101694
10/1/2023;IT;Marketing;East;130123;162254;Cash;TXN102081
19/2/2021;IT;Marketing;East;142430;16429;Cash;TXN102105
14/2/2023;HR;Marketing;East;48457;93973;Cash;TXN102250
14/7/2021;Operations;Marketing;East;32289;156382;Cash;TXN102531
5/9/2022;Marketing;Marketing;East;70014;77579;Cash;TXN102620
6/10/2022;IT;Marketing;East;100352;47378;Cash;TXN102872
4/12/2021;IT;Marketing;East;32319;80800;Cash;TXN103188
4/3/2021;IT;Marketing;East;41942;160376;Cash;TXN103320
28/1/2023;Finance;Marketing;East;70514;11475;Cash;TXN103429
1/4/2023;Finance;Marketing;East;19250;40014;Cash;TXN103446
13/2/2021;HR;Marketing;East;54180;57534;Cash;TXN103521
20/5/2022;Sales;Marketing;East;122467;129436;Cash;TXN103559
19/12/2023;Operations;Marketing;East;23920;78972;Cash;TXN103675
4/9/2021;Operations;Marketing;East;143446;114835;Cash;TXN103822
29/1/2023;IT;Marketing;East;21290;130582;Cash;TXN104154
23/2/2021;HR;Marketing;East;24143;59290;Cash;TXN104195
10/4/2023;Finance;Marketing;East;115932;28374;Cash;TXN104264
21/5/2022;Finance;Marketing;East;46779;50109;Cash;TXN104516
21/10/2021;Marketing;Marketing;East;51753;125233;Cash;TXN104701
10/7/2021;Finance;Marketing;East;48560;147831;Cash;TXN104810
27/10/2022;HR;Marketing;East;31940;93932;Cash;TXN104833
10/7/2023;Sales;Marketing;East;35194;48382;Cash;TXN104936
28/2/2021;Marketing;Marketing;East;81385;129288;Cash;TXN104980
21/7/2022;Sales;Marketing;East;98529;59947;Cash;TXN105102
29/3/2023;Marketing;Marketing;East;10603;21650;Cash;TXN105169
11/4/2021;Finance;Marketing;East;83336;82032;Cash;TXN105181
3/11/2021;Operations;Marketing;East;47212;124332;Cash;TXN105508
2/2/2023;Sales;Marketing;East;147700;72960;Cash;TXN105673
9/3/2021;Sales;Marketing;East;21807;44958;Cash;TXN105733
22/1/2022;HR;Marketing;East;20251;85437;Cash;TXN105932
16/3/2023;Marketing;Marketing;East;17586;52452;Cash;TXN106012
17/9/2021;Marketing;Marketing;East;91682;135376;Cash;TXN106116
21/12/2022;HR;Marketing;East;21654;56989;Cash;TXN106119
20/7/2023;Marketing;Marketing;East;93169;63991;Cash;TXN106298
5/3/2021;Marketing;Marketing;East;107465;41496;Cash;TXN106306
21/5/2022;Sales;Marketing;East;146714;61319;Cash;TXN106473
1/10/2021;HR;Marketing;East;91774;58182;Cash;TXN106576
27/10/2023;Marketing;Marketing;East;45917;37285;Cash;TXN106658
11/9/2023;Finance;Marketing;East;126837;46036;Cash;TXN106927
12/11/2023;Finance;Marketing;East;122070;92110;Cash;TXN107022
17/12/2022;IT;Marketing;East;129410;138387;Cash;TXN107186
2/8/2021;Finance;Marketing;East;24006;10554;Cash;TXN107765
11/7/2022;HR;Marketing;East;59015;57726;Cash;TXN107850
25/12/2021;Sales;Marketing;East;63569;168296;Cash;TXN108140
16/9/2022;Operations;Marketing;East;39008;32935;Cash;TXN108195
2/1/2023;Marketing;Marketing;East;18127;66794;Cash;TXN108321
17/10/2023;HR;Marketing;East;17596;161892;Cash;TXN108402
21/6/2023;HR;Marketing;East;34648;10075;Cash;TXN108497
7/5/2022;Sales;Marketing;East;85640;130149;Cash;TXN108923
11/11/2022;Operations;Marketing;East;138639;27220;Cash;TXN108941
11/1/2021;Finance;Marketing;East;26806;36753;Cash;TXN108947
30/10/2021;Finance;Marketing;East;126158;91081;Cash;TXN108999
13/12/2021;HR;Marketing;East;13074;91218;Cash;TXN109009
26/1/2022;HR;Marketing;East;143397;39321;Cash;TXN109026
17/1/2023;Finance;Marketing;East;83750;108330;Cash;TXN109078
20/4/2022;HR;Marketing;East;47707;26769;Cash;TXN109310
29/9/2023;HR;Marketing;East;123298;45888;Cash;TXN109522
26/2/2023;Operations;Marketing;East;21670;53433;Cash;TXN109788
24/4/2022;HR;Marketing;East;69973;19377;Cash;TXN109846
28/11/2022;Marketing;Marketing;East;123316;43319;Cash;TXN109996
20/4/2022;Operations;Training;East;99586;30720;Cash;TXN100019
13/8/2023;Sales;Training;East;49467;57941;Cash;TXN100169
11/10/2021;HR;Training;East;13450;94037;Cash;TXN100231
10/9/2021;Finance;Training;East;127485;129534;Cash;TXN100255
16/11/2022;Marketing;Training;East;49338;72652;Cash;TXN100279
29/4/2023;IT;Training;East;26147;91537;Cash;TXN100384
16/6/2021;HR;Training;East;64833;10013;Cash;TXN100462
18/6/2022;Finance;Training;East;71434;99679;Cash;TXN100632
11/12/2022;Marketing;Training;East;49512;64335;Cash;TXN100884
25/6/2023;Operations;Training;East;54056;31790;Cash;TXN101012
8/2/2021;Finance;Training;East;91163;166194;Cash;TXN101104
3/7/2023;IT;Training;East;148073;74931;Cash;TXN101194
31/3/2022;HR;Training;East;82296;10526;Cash;TXN101327
22/12/2022;Marketing;Training;East;35162;13599;Cash;TXN101339
8/9/2021;Marketing;Training;East;70916;89684;Cash;TXN101384
20/8/2023;Sales;Training;East;10553;62891;Cash;TXN101578
11/2/2022;Operations;Training;East;41969;165504;Cash;TXN101600
4/3/2023;HR;Training;East;87008;41243;Cash;TXN101780
26/4/2023;Finance;Training;East;78570;29139;Cash;TXN101803
8/10/2023;HR;Training;East;87632;147058;Cash;TXN101814
20/8/2021;HR;Training;East;111224;23019;Cash;TXN101893
2/12/2021;Marketing;Training;East;55108;91486;Cash;TXN102060
10/2/2021;IT;Training;East;69657;68777;Cash;TXN102302
23/5/2021;Finance;Training;East;117102;145045;Cash;TXN102334
28/6/2023;HR;Training;East;127769;97739;Cash;TXN102605
28/10/2022;HR;Training;East;64698;28382;Cash;TXN102633
31/3/2023;Operations;Training;East;106783;29170;Cash;TXN102635
25/6/2023;Marketing;Training;East;16251;40744;Cash;TXN102671
19/12/2022;Marketing;Training;East;128535;56332;Cash;TXN102991
14/3/2023;IT;Training;East;63750;32790;Cash;TXN103346
16/4/2022;Sales;Training;East;65516;10205;Cash;TXN103380
27/12/2022;Sales;Training;East;110492;133748;Cash;TXN103384
24/6/2021;Finance;Training;East;93595;72139;Cash;TXN103424
11/9/2022;Marketing;Training;East;77730;81203;Cash;TXN103506
30/12/2023;Operations;Training;East;10360;48353;Cash;TXN103582
7/4/2022;HR;Training;East;113715;153637;Cash;TXN103621
4/11/2023;HR;Training;East;39234;111516;Cash;TXN103648
30/8/2022;Finance;Training;East;123089;123057;Cash;TXN103715
17/2/2021;Marketing;Training;East;100853;19837;Cash;TXN103794
11/12/2021;Operations;Training;East;101922;15846;Cash;TXN104000
19/1/2022;Marketing;Training;East;133684;135073;Cash;TXN104078
18/4/2023;Sales;Training;East;70490;76959;Cash;TXN104252
11/3/2023;Sales;Training;East;62739;96781;Cash;TXN104409
7/12/2022;IT;Training;East;106711;116585;Cash;TXN104428
1/1/2022;Sales;Training;East;100415;102745;Cash;TXN104488
9/11/2021;Operations;Training;East;59271;40577;Cash;TXN104494
30/11/2021;Operations;Training;East;131104;78375;Cash;TXN104630
23/5/2022;Sales;Training;East;143347;8872;Cash;TXN104763
20/3/2021;Marketing;Training;East;118034;140910;Cash;TXN104931
5/1/2023;Finance;Training;East;138256;133232;Cash;TXN105186
18/6/2023;IT;Training;East;17353;122467;Cash;TXN105258
12/6/2023;Marketing;Training;East;63386;34874;Cash;TXN105294
2/1/2023;HR;Training;East;87716;99769;Cash;TXN105365
4/1/2021;Finance;Training;East;35534;126472;Cash;TXN105511
18/5/2022;Marketing;Training;East;45654;111733;Cash;TXN105569
26/5/2022;HR;Training;East;22288;163023;Cash;TXN105984
6/1/2021;Operations;Training;East;50593;109964;Cash;TXN106003
27/6/2021;Finance;Training;East;102334;63101;Cash;TXN106042
1/7/2022;HR;Training;East;79241;151744;Cash;TXN106060
10/7/2022;IT;Training;East;10389;79108;Cash;TXN106197
22/2/2021;Operations;Training;East;147008;51054;Cash;TXN106496
9/4/2021;HR;Training;East;49577;44507;Cash;TXN106774
9/6/2023;Finance;Training;East;42794;168732;Cash;TXN106840
12/2/2021;HR;Training;East;43875;41794;Cash;TXN107239
11/1/2022;Sales;Training;East;32794;139078;Cash;TXN107421
9/9/2022;HR;Training;East;48983;107962;Cash;TXN107466
4/9/2021;Finance;Training;East;139770;115245;Cash;TXN107754
15/5/2023;HR;Training;East;102928;79251;Cash;TXN107917
19/9/2023;Sales;Training;East;122141;103209;Cash;TXN107925
7/4/2021;Operations;Training;East;29423;16460;Cash;TXN108035
3/11/2021;Operations;Training;East;16224;14310;Cash;TXN108364
5/2/2021;Marketing;Training;East;71079;141646;Cash;TXN108393
26/10/2021;IT;Training;East;126583;114270;Cash;TXN108450
1/7/2022;Marketing;Training;East;115347;65407;Cash;TXN108715
13/9/2021;Operations;Training;East;13387;76701;Cash;TXN108730
5/2/2023;IT;Training;East;26025;85797;Cash;TXN108731
27/7/2021;IT;Training;East;115346;36874;Cash;TXN108945
22/7/2023;HR;Training;East;84424;95259;Cash;TXN109416
2/4/2023;Marketing;Training;East;82542;142267;Cash;TXN109538
6/12/2022;Sales;Training;East;110026;156883;Cash;TXN109653
10/3/2021;Sales;Training;East;140321;80191;Cash;TXN109890
25/4/2021;Marketing;Training;East;36820;155800;Cash;TXN109987
7/6/2021;HR;Infrastructure;East;136934;8958;Cash;TXN100241
30/8/2023;IT;Infrastructure;East;43755;41434;Cash;TXN100501
21/4/2022;IT;Infrastructure;East;50856;70766;Cash;TXN100548
20/2/2021;Finance;Infrastructure;East;34509;125877;Cash;TXN100852
23/10/2022;Finance;Infrastructure;East;21187;106635;Cash;TXN100863
11/7/2023;Finance;Infrastructure;East;98353;53241;Cash;TXN101013
7/12/2023;IT;Infrastructure;East;53413;42424;Cash;TXN101166
2/9/2023;Operations;Infrastructure;East;140268;66477;Cash;TXN101191
22/11/2022;IT;Infrastructure;East;144249;66385;Cash;TXN101509
27/3/2021;IT;Infrastructure;East;88598;149080;Cash;TXN101532
2/12/2021;IT;Infrastructure;East;18267;36338;Cash;TXN101603
18/11/2022;Sales;Infrastructure;East;58637;88179;Cash;TXN101661
15/9/2023;HR;Infrastructure;East;17676;78471;Cash;TXN101669
10/5/2021;Finance;Infrastructure;East;117941;48193;Cash;TXN101777
12/5/2022;Finance;Infrastructure;East;134679;99263;Cash;TXN101974
10/6/2022;IT;Infrastructure;East;49021;128161;Cash;TXN102059
5/9/2021;IT;Infrastructure;East;132184;128149;Cash;TXN102321
7/11/2022;Finance;Infrastructure;East;42945;32782;Cash;TXN102376
13/7/2021;Operations;Infrastructure;East;135182;76172;Cash;TXN102434
18/2/2023;HR;Infrastructure;East;125318;156593;Cash;TXN102473
14/5/2023;IT;Infrastructure;East;108829;38295;Cash;TXN102636
11/1/2023;IT;Infrastructure;East;124383;168243;Cash;TXN102800
15/2/2023;HR;Infrastructure;East;111437;50718;Cash;TXN102809
1/10/2021;IT;Infrastructure;East;20466;143480;Cash;TXN102810
14/7/2021;IT;Infrastructure;East;116860;30617;Cash;TXN102874
1/12/2022;IT;Infrastructure;East;106200;165487;Cash;TXN103018
9/6/2022;Finance;Infrastructure;East;38807;110037;Cash;TXN103144
9/11/2021;HR;Infrastructure;East;102151;74855;Cash;TXN103152
29/3/2021;Sales;Infrastructure;East;87781;14038;Cash;TXN103327
1/9/2023;IT;Infrastructure;East;75228;100965;Cash;TXN103405
29/5/2022;Marketing;Infrastructure;East;91210;139918;Cash;TXN103550
26/7/2021;Finance;Infrastructure;East;124996;139493;Cash;TXN103677
26/6/2021;Finance;Infrastructure;East;128236;30235;Cash;TXN103922
16/6/2023;Marketing;Infrastructure;East;40657;64909;Cash;TXN103930
27/7/2022;Operations;Infrastructure;East;25665;144526;Cash;TXN104004
13/10/2023;Sales;Infrastructure;East;138738;117790;Cash;TXN104059
18/5/2022;Sales;Infrastructure;East;132514;30091;Cash;TXN104188
14/10/2022;Finance;Infrastructure;East;130921;55030;Cash;TXN104477
14/12/2021;HR;Infrastructure;East;97485;14319;Cash;TXN104502
4/11/2022;Sales;Infrastructure;East;133769;32121;Cash;TXN104526
20/3/2022;IT;Infrastructure;East;75549;20594;Cash;TXN105146
1/9/2022;IT;Infrastructure;East;63696;29209;Cash;TXN105160
4/7/2023;HR;Infrastructure;East;10480;118170;Cash;TXN105408
8/9/2022;HR;Infrastructure;East;122602;10134;Cash;TXN105472
4/9/2021;HR;Infrastructure;East;143685;168893;Cash;TXN105550
19/4/2022;Operations;Infrastructure;East;71033;64948;Cash;TXN105558
24/2/2021;Operations;Infrastructure;East;29871;140416;Cash;TXN105598
14/12/2022;Operations;Infrastructure;East;38860;111425;Cash;TXN105716
19/12/2022;HR;Infrastructure;East;39103;92930;Cash;TXN105728
14/3/2023;Marketing;Infrastructure;East;93943;54541;Cash;TXN105786
16/9/2021;IT;Infrastructure;East;138298;101441;Cash;TXN105943
20/6/2022;Operations;Infrastructure;East;135017;144774;Cash;TXN106014
25/6/2022;Sales;Infrastructure;East;25542;25943;Cash;TXN106096
5/7/2022;Marketing;Infrastructure;East;68561;55342;Cash;TXN106239
12/12/2023;IT;Infrastructure;East;126552;118481;Cash;TXN106264
20/9/2023;Finance;Infrastructure;East;79133;49388;Cash;TXN106596
16/3/2023;Sales;Infrastructure;East;135815;98864;Cash;TXN106921
17/2/2022;Marketing;Infrastructure;East;116813;155821;Cash;TXN106975
18/2/2023;HR;Infrastructure;East;15126;145089;Cash;TXN107034
16/11/2021;HR;Infrastructure;East;57434;165268;Cash;TXN107165
29/9/2021;IT;Infrastructure;East;109437;129988;Cash;TXN107403
20/11/2021;IT;Infrastructure;East;31426;8421;Cash;TXN107490
29/11/2023;Marketing;Infrastructure;East;54055;119345;Cash;TXN107949
19/10/2021;Operations;Infrastructure;East;130526;163182;Cash;TXN108562
8/5/2023;Sales;Infrastructure;East;49218;64356;Cash;TXN108587
14/11/2021;HR;Infrastructure;East;43510;61228;Cash;TXN108632
11/6/2023;IT;Infrastructure;East;60296;96519;Cash;TXN108665
24/2/2023;HR;Infrastructure;East;46212;78180;Cash;TXN108772
4/9/2021;Operations;Infrastructure;East;26484;103354;Cash;TXN108838
10/1/2023;IT;Infrastructure;East;148589;9816;Cash;TXN108906
26/7/2023;HR;Infrastructure;East;69924;134821;Cash;TXN108935
14/12/2021;Operations;Infrastructure;East;60809;149949;Cash;TXN108958
7/1/2023;IT;Infrastructure;East;84045;39359;Cash;TXN108963
8/11/2023;Sales;Infrastructure;East;42915;80119;Cash;TXN108991
17/10/2023;Sales;Infrastructure;East;17484;18810;Cash;TXN109004
3/7/2022;Marketing;Infrastructure;East;45076;13817;Cash;TXN109053
8/6/2023;Sales;Infrastructure;East;149786;78378;Cash;TXN109287
28/12/2021;IT;Infrastructure;East;71891;154219;Cash;TXN109442
24/8/2021;Sales;Infrastructure;East;112202;102868;Cash;TXN109501
15/5/2023;Sales;Infrastructure;East;23055;33205;Cash;TXN109579
19/8/2023;IT;Infrastructure;East;123747;93607;Cash;TXN109697
7/8/2022;Finance;Infrastructure;East;86396;28312;Cash;TXN109900
14/12/2023;Marketing;Travel;East;114693;130779;Cash;TXN100298
29/3/2022;IT;Travel;East;86248;132779;Cash;TXN100348
9/7/2023;IT;Travel;East;103305;37658;Cash;TXN100400
14/3/2022;IT;Travel;East;118454;126307;Cash;TXN100569
11/9/2023;Sales;Travel;East;95862;154234;Cash;TXN100608
24/7/2021;Operations;Travel;East;116446;34841;Cash;TXN100612
30/6/2022;HR;Travel;East;145777;59755;Cash;TXN100639
6/1/2021;HR;Travel;East;69888;133044;Cash;TXN100717
25/5/2021;Marketing;Travel;East;148527;143662;Cash;TXN100788
20/4/2022;IT;Travel;East;66572;65512;Cash;TXN100874
15/7/2022;HR;Travel;East;29476;65355;Cash;TXN100900
5/3/2022;Operations;Travel;East;39224;146964;Cash;TXN100910
17/2/2023;HR;Travel;East;105120;47499;Cash;TXN101073
2/4/2021;Marketing;Travel;East;121672;113315;Cash;TXN101211
5/6/2023;IT;Travel;East;61734;117938;Cash;TXN101263
22/1/2021;Sales;Travel;East;135526;35544;Cash;TXN101265
29/7/2021;Finance;Travel;East;29498;106725;Cash;TXN101267
28/12/2022;Sales;Travel;East;67613;37081;Cash;TXN101709
1/4/2022;Marketing;Travel;East;69566;152406;Cash;TXN101740
10/7/2023;HR;Travel;East;113073;169161;Cash;TXN101935
20/6/2022;Sales;Travel;East;26544;165967;Cash;TXN102043
21/7/2021;Sales;Travel;East;22198;109927;Cash;TXN102049
17/12/2023;IT;Travel;East;73295;64092;Cash;TXN102053
18/5/2023;Marketing;Travel;East;105285;12667;Cash;TXN102078
22/4/2023;Finance;Travel;East;129788;57373;Cash;TXN102192
30/3/2022;IT;Travel;East;16938;13543;Cash;TXN102324
10/7/2021;Finance;Travel;East;30146;91724;Cash;TXN102331
16/5/2022;Operations;Travel;East;114775;20894;Cash;TXN102351
24/3/2021;HR;Travel;East;37682;9282;Cash;TXN102362
31/7/2023;Sales;Travel;East;129340;126164;Cash;TXN102698
15/1/2023;Finance;Travel;East;15765;126288;Cash;TXN102849
16/10/2023;Finance;Travel;East;126801;95878;Cash;TXN103200
31/5/2023;HR;Travel;East;33874;155968;Cash;TXN103244
13/4/2023;Marketing;Travel;East;117787;56617;Cash;TXN103296
20/2/2023;Finance;Travel;East;69000;56159;Cash;TXN103609
13/10/2022;IT;Travel;East;99083;43573;Cash;TXN103641
12/1/2023;HR;Travel;East;73903;102827;Cash;TXN103687
19/1/2023;Marketing;Travel;East;28055;85942;Cash;TXN103947
21/4/2023;Finance;Travel;East;17817;157104;Cash;TXN104269
8/9/2022;Marketing;Travel;East;33199;154895;Cash;TXN104399
28/10/2022;IT;Travel;East;72662;157487;Cash;TXN104462
23/8/2022;Finance;Travel;East;35191;13801;Cash;TXN104479
31/12/2022;Finance;Travel;East;63142;124734;Cash;TXN104534
26/12/2023;IT;Travel;East;69072;134009;Cash;TXN104554
14/6/2022;Marketing;Travel;East;107439;15452;Cash;TXN104972
1/10/2021;Operations;Travel;East;76386;168958;Cash;TXN105179
5/10/2021;Finance;Travel;East;128163;142343;Cash;TXN105263
1/7/2021;Operations;Travel;East;144120;28227;Cash;TXN105507
6/6/2022;IT;Travel;East;26000;8654;Cash;TXN105509
19/11/2022;Operations;Travel;East;148361;132321;Cash;TXN105784
3/10/2023;Marketing;Travel;East;93169;73540;Cash;TXN105934
6/4/2022;Marketing;Travel;East;26693;76116;Cash;TXN106133
10/9/2021;Finance;Travel;East;82626;27056;Cash;TXN106153
15/9/2023;Marketing;Travel;East;17184;146679;Cash;TXN106249
7/2/2021;HR;Travel;East;120324;116781;Cash;TXN106362
30/3/2023;Sales;Travel;East;76461;153556;Cash;TXN106368
16/1/2021;Marketing;Travel;East;58201;54418;Cash;TXN106451
10/5/2023;Sales;Travel;East;116940;147908;Cash;TXN106497
25/6/2022;Operations;Travel;East;39088;12755;Cash;TXN106510
22/5/2023;Finance;Travel;East;25271;104550;Cash;TXN106618
31/3/2021;Operations;Travel;East;134009;100064;Cash;TXN106744
28/8/2022;Finance;Travel;East;53226;44248;Cash;TXN106953
17/11/2021;IT;Travel;East;133571;16840;Cash;TXN107019
23/5/2023;IT;Travel;East;16073;91705;Cash;TXN107023
30/9/2022;Finance;Travel;East;50582;60717;Cash;TXN107127
27/7/2021;Marketing;Travel;East;95021;116387;Cash;TXN107655
14/7/2021;Finance;Travel;East;147843;137615;Cash;TXN107813
12/8/2022;Operations;Travel;East;131933;113136;Cash;TXN107921
20/7/2022;Sales;Travel;East;30885;37443;Cash;TXN107950
22/7/2021;Operations;Travel;East;141002;78290;Cash;TXN107977
11/5/2022;Marketing;Travel;East;96330;97128;Cash;TXN108036
14/4/2021;HR;Travel;East;137395;68748;Cash;TXN108162
14/6/2021;IT;Travel;East;63478;18777;Cash;TXN108173
24/2/2022;Marketing;Travel;East;61316;127233;Cash;TXN108207
28/3/2021;Sales;Travel;East;55219;121432;Cash;TXN108230
15/10/2023;Operations;Travel;East;111552;155818;Cash;TXN108589
28/2/2021;Sales;Travel;East;92423;12344;Cash;TXN108719
20/5/2021;IT;Travel;East;50668;132038;Cash;TXN108789
13/12/2021;Sales;Travel;East;74627;72666;Cash;TXN108812
16/9/2021;Sales;Travel;East;66109;152977;Cash;TXN109027
13/7/2022;Finance;Travel;East;17224;79194;Cash;TXN109316
13/1/2021;HR;Travel;East;82248;127077;Cash;TXN109483
6/3/2022;Marketing;Travel;East;42720;121455;Cash;TXN109504
3/12/2022;Sales;Travel;East;21110;154933;Cash;TXN109902
14/9/2022;HR;Travel;East;56002;69778;Cash;TXN109936
5/9/2021;Finance;Travel;East;99875;65338;Cash;TXN109998
7/7/2021;Marketing;Utilities;East;39527;37621;Cash;TXN100069
3/10/2022;Sales;Utilities;East;66788;118864;Cash;TXN100178
9/1/2021;Marketing;Utilities;East;119528;22104;Cash;TXN100193
14/8/2021;Marketing;Utilities;East;95240;120962;Cash;TXN100229
27/5/2022;HR;Utilities;East;12120;70577;Cash;TXN100282
15/3/2023;Finance;Utilities;East;108373;33363;Cash;TXN100652
13/4/2023;Marketing;Utilities;East;144924;96563;Cash;TXN100931
2/9/2021;IT;Utilities;East;34365;66053;Cash;TXN101124
15/9/2023;Sales;Utilities;East;59698;141076;Cash;TXN101183
18/2/2023;IT;Utilities;East;37883;154610;Cash;TXN101349
11/8/2022;Finance;Utilities;East;104188;77797;Cash;TXN101352
31/8/2022;Sales;Utilities;East;52105;10139;Cash;TXN101435
29/7/2023;Marketing;Utilities;East;29744;107379;Cash;TXN101453
10/6/2023;IT;Utilities;East;74899;42508;Cash;TXN101469
25/10/2021;Sales;Utilities;East;92036;153098;Cash;TXN101632
2/4/2021;Marketing;Utilities;East;57740;95975;Cash;TXN101801
13/3/2023;Operations;Utilities;East;48907;89818;Cash;TXN101897
11/4/2021;Sales;Utilities;East;113964;101446;Cash;TXN101910
18/6/2022;Sales;Utilities;East;22953;89892;Cash;TXN101990
11/4/2023;Operations;Utilities;East;18330;114594;Cash;TXN102085
22/4/2023;Finance;Utilities;East;126575;44615;Cash;TXN102187
8/4/2023;Sales;Utilities;East;24497;131444;Cash;TXN102247
29/9/2021;HR;Utilities;East;126363;12970;Cash;TXN102317
25/4/2022;Finance;Utilities;East;41856;49054;Cash;TXN102409
15/9/2022;IT;Utilities;East;37763;136239;Cash;TXN102861
29/7/2021;Finance;Utilities;East;109675;102543;Cash;TXN102920
3/6/2021;HR;Utilities;East;124266;128371;Cash;TXN102944
7/7/2022;Finance;Utilities;East;75285;23573;Cash;TXN103032
31/7/2021;Operations;Utilities;East;25950;151646;Cash;TXN103062
26/4/2023;Sales;Utilities;East;62994;81532;Cash;TXN103168
22/1/2021;Finance;Utilities;East;28898;97975;Cash;TXN103207
10/4/2022;Operations;Utilities;East;12325;71041;Cash;TXN103378
28/2/2021;IT;Utilities;East;91274;16217;Cash;TXN103501
6/7/2023;IT;Utilities;East;80029;78068;Cash;TXN103613
3/4/2022;Sales;Utilities;East;60012;79626;Cash;TXN103660
8/6/2023;Operations;Utilities;East;72594;153605;Cash;TXN103986
24/4/2023;IT;Utilities;East;93093;156934;Cash;TXN104191
13/3/2021;Sales;Utilities;East;126707;77193;Cash;TXN104216
21/8/2023;Finance;Utilities;East;127984;166502;Cash;TXN104504
1/3/2022;Operations;Utilities;East;45618;105786;Cash;TXN105037
6/12/2023;Finance;Utilities;East;132647;96665;Cash;TXN105215
25/1/2021;Marketing;Utilities;East;121009;46148;Cash;TXN105373
18/11/2022;Operations;Utilities;East;91968;49635;Cash;TXN105387
19/8/2022;Marketing;Utilities;East;121720;122236;Cash;TXN105390
13/4/2023;Marketing;Utilities;East;84144;93211;Cash;TXN105413
27/5/2021;IT;Utilities;East;148677;155759;Cash;TXN105617
9/9/2021;HR;Utilities;East;23356;83816;Cash;TXN105691
3/4/2023;Marketing;Utilities;East;100334;28099;Cash;TXN106023
7/1/2021;HR;Utilities;East;112900;146036;Cash;TXN106047
24/4/2022;IT;Utilities;East;88779;157452;Cash;TXN106082
20/3/2023;Marketing;Utilities;East;52245;89845;Cash;TXN106164
26/1/2021;HR;Utilities;East;104843;90383;Cash;TXN106181
12/2/2023;Operations;Utilities;East;117101;38299;Cash;TXN106207
30/7/2021;HR;Utilities;East;109610;28146;Cash;TXN106211
16/4/2021;IT;Utilities;East;121452;19021;Cash;TXN106247
31/1/2023;Operations;Utilities;East;31798;165407;Cash;TXN106316
17/7/2021;Operations;Utilities;East;90633;101784;Cash;TXN106320
21/10/2023;IT;Utilities;East;84090;40681;Cash;TXN106417
24/7/2023;Marketing;Utilities;East;136160;86245;Cash;TXN106529
27/9/2023;Marketing;Utilities;East;87159;52319;Cash;TXN106580
16/10/2023;Operations;Utilities;East;103353;147639;Cash;TXN106734
16/8/2021;IT;Utilities;East;20134;123831;Cash;TXN106970
22/4/2022;Marketing;Utilities;East;36513;11053;Cash;TXN107266
24/10/2022;Marketing;Utilities;East;24134;152669;Cash;TXN107395
19/3/2022;IT;Utilities;East;109299;103454;Cash;TXN107463
14/8/2021;HR;Utilities;East;82441;123412;Cash;TXN107704
3/11/2022;Operations;Utilities;East;63227;121026;Cash;TXN107734
23/10/2023;Sales;Utilities;East;63653;41742;Cash;TXN107741
6/4/2022;Operations;Utilities;East;132785;108216;Cash;TXN107803
28/3/2022;Marketing;Utilities;East;121404;51070;Cash;TXN107893
21/9/2023;Sales;Utilities;East;62916;47242;Cash;TXN107927
8/11/2021;Sales;Utilities;East;109943;74213;Cash;TXN107936
5/1/2023;HR;Utilities;East;88488;145472;Cash;TXN108005
7/2/2023;IT;Utilities;East;49842;163464;Cash;TXN108101
15/6/2021;Sales;Utilities;East;86798;26784;Cash;TXN108342
12/6/2021;HR;Utilities;East;97704;84473;Cash;TXN108356
23/10/2022;HR;Utilities;East;110003;151746;Cash;TXN108470
15/3/2021;Finance;Utilities;East;27354;118253;Cash;TXN108574
9/4/2022;Operations;Utilities;East;39215;125234;Cash;TXN108684
24/12/2022;Marketing;Utilities;East;12825;165098;Cash;TXN108706
30/6/2021;HR;Utilities;East;135836;147953;Cash;TXN108857
2/4/2021;HR;Utilities;East;146695;161812;Cash;TXN108897
1/5/2022;Sales;Utilities;East;21659;89633;Cash;TXN109077
31/3/2021;Operations;Utilities;East;97747;14551;Cash;TXN109184
3/11/2023;Sales;Utilities;East;107758;13085;Cash;TXN109187
20/8/2022;HR;Utilities;East;12460;37329;Cash;TXN109426
5/4/2021;IT;Utilities;East;12576;155926;Cash;TXN109479
25/1/2021;IT;Utilities;East;124265;75095;Cash;TXN109487
24/10/2023;Operations;Utilities;East;148080;39130;Cash;TXN109822
6/10/2021;Marketing;Utilities;East;40342;151936;Cash;TXN109845
19/5/2022;Operations;Utilities;East;99157;110142;Cash;TXN109942
10/12/2021;IT;Salaries;East;16857;153432;Cash;TXN100009
23/2/2022;HR;Salaries;East;39336;11827;Cash;TXN100080
16/10/2021;Operations;Salaries;East;22014;66889;Cash;TXN100081
27/11/2023;Finance;Salaries;East;50030;95768;Cash;TXN100191
9/6/2022;Marketing;Salaries;East;72475;37698;Cash;TXN100275
19/10/2022;Marketing;Salaries;East;75978;148532;Cash;TXN100319
1/2/2023;Finance;Salaries;East;92697;58261;Cash;TXN100359
11/4/2023;Finance;Salaries;East;132408;73777;Cash;TXN100648
28/10/2023;HR;Salaries;East;25095;90309;Cash;TXN100669
21/6/2022;Marketing;Salaries;East;10916;127591;Cash;TXN100684
21/4/2021;Sales;Salaries;East;135823;151241;Cash;TXN100690
31/3/2021;HR;Salaries;East;57740;8231;Cash;TXN100741
11/8/2022;Sales;Salaries;East;125194;131572;Cash;TXN100763
24/6/2023;Sales;Salaries;East;132656;37421;Cash;TXN100971
14/3/2021;Finance;Salaries;East;12632;25841;Cash;TXN101042
2/6/2023;HR;Salaries;East;57460;47128;Cash;TXN101083
12/5/2022;Sales;Salaries;East;98738;143470;Cash;TXN101105
12/1/2022;Operations;Salaries;East;56610;56068;Cash;TXN101128
29/12/2021;Operations;Salaries;East;126890;16701;Cash;TXN101216
17/1/2021;Operations;Salaries;East;34238;27088;Cash;TXN101237
29/1/2021;Finance;Salaries;East;28091;131579;Cash;TXN101278
12/3/2023;HR;Salaries;East;22167;72811;Cash;TXN101347
23/5/2021;Finance;Salaries;East;35063;125252;Cash;TXN101371
10/5/2022;Sales;Salaries;East;11775;139919;Cash;TXN101518
21/1/2023;HR;Salaries;East;13739;161003;Cash;TXN101617
6/10/2022;Finance;Salaries;East;18984;27938;Cash;TXN101623
8/4/2022;Finance;Salaries;East;134765;75698;Cash;TXN101995
4/12/2022;Sales;Salaries;East;17647;11515;Cash;TXN102005
23/1/2021;Operations;Salaries;East;90094;74171;Cash;TXN102007
11/6/2021;Marketing;Salaries;East;36745;18401;Cash;TXN102067
11/7/2023;IT;Salaries;East;101301;163977;Cash;TXN102112
20/7/2021;IT;Salaries;East;132285;15130;Cash;TXN102325
6/11/2023;Marketing;Salaries;East;141028;66617;Cash;TXN102394
21/11/2021;Finance;Salaries;East;12728;55369;Cash;TXN102757
21/5/2021;Marketing;Salaries;East;90286;88553;Cash;TXN102768
2/2/2022;Operations;Salaries;East;27854;146989;Cash;TXN102830
19/3/2021;HR;Salaries;East;47177;40938;Cash;TXN103129
11/4/2023;Marketing;Salaries;East;47123;165858;Cash;TXN103189
24/10/2023;Operations;Salaries;East;135158;79910;Cash;TXN103330
24/9/2021;Finance;Salaries;East;56733;22017;Cash;TXN103536
27/7/2022;Finance;Salaries;East;132346;71414;Cash;TXN103603
8/12/2023;Sales;Salaries;East;80195;158153;Cash;TXN103638
3/4/2021;Marketing;Salaries;East;25503;24777;Cash;TXN103670
15/4/2021;IT;Salaries;East;32856;44699;Cash;TXN103961
9/5/2021;HR;Salaries;East;96372;82294;Cash;TXN103970
20/5/2023;IT;Salaries;East;116243;15762;Cash;TXN104011
18/4/2021;IT;Salaries;East;32954;17240;Cash;TXN104017
21/3/2023;IT;Salaries;East;56963;124689;Cash;TXN104193
4/6/2022;Finance;Salaries;East;22468;129421;Cash;TXN104229
14/2/2022;HR;Salaries;East;23660;9563;Cash;TXN104317
17/2/2023;HR;Salaries;East;60794;162023;Cash;TXN104330
9/11/2021;Sales;Salaries;East;74115;76964;Cash;TXN104723
10/1/2023;IT;Salaries;East;34646;38373;Cash;TXN105331
3/8/2021;Marketing;Salaries;East;72467;160280;Cash;TXN105547
1/1/2021;Finance;Salaries;East;25427;18321;Cash;TXN105736
19/7/2022;Marketing;Salaries;East;119948;36794;Cash;TXN105872
15/9/2023;HR;Salaries;East;135443;55700;Cash;TXN105876
24/6/2023;IT;Salaries;East;37077;77568;Cash;TXN106154
30/7/2022;Sales;Salaries;East;118283;68092;Cash;TXN106166
27/3/2021;IT;Salaries;East;142031;162011;Cash;TXN106494
30/1/2022;IT;Salaries;East;103267;146651;Cash;TXN106527
11/10/2021;HR;Salaries;East;81060;87297;Cash;TXN106639
25/2/2022;Finance;Salaries;East;87207;11926;Cash;TXN106686
29/4/2023;Finance;Salaries;East;18814;106517;Cash;TXN106971
12/1/2022;Sales;Salaries;East;105848;13429;Cash;TXN106988
26/6/2021;Finance;Salaries;East;36207;14460;Cash;TXN106999
21/7/2021;IT;Salaries;East;146460;95720;Cash;TXN107148
13/11/2021;Finance;Salaries;East;103491;101493;Cash;TXN107218
10/12/2022;Sales;Salaries;East;15257;92336;Cash;TXN107227
31/8/2023;Finance;Salaries;East;30829;94053;Cash;TXN107279
16/8/2021;Operations;Salaries;East;136343;94547;Cash;TXN107315
6/8/2023;HR;Salaries;East;65015;160278;Cash;TXN107324
19/5/2023;Marketing;Salaries;East;91120;147326;Cash;TXN107425
21/5/2023;Operations;Salaries;East;17424;144759;Cash;TXN107621
18/7/2022;HR;Salaries;East;138489;100001;Cash;TXN107922
7/7/2023;Finance;Salaries;East;93633;75799;Cash;TXN107976
13/4/2023;Operations;Salaries;East;63974;30423;Cash;TXN108235
8/10/2022;Finance;Salaries;East;45431;22389;Cash;TXN108320
11/3/2023;IT;Salaries;East;26712;13835;Cash;TXN108322
1/9/2021;Sales;Salaries;East;50270;8166;Cash;TXN108340
31/8/2021;Sales;Salaries;East;71238;153065;Cash;TXN108370
17/2/2022;Operations;Salaries;East;92150;96855;Cash;TXN108383
9/7/2021;Marketing;Salaries;East;98441;155535;Cash;TXN108438
12/7/2023;Marketing;Salaries;East;115347;87063;Cash;TXN108487
15/12/2022;HR;Salaries;East;35563;165470;Cash;TXN108501
3/10/2022;Marketing;Salaries;East;91247;79502;Cash;TXN108667
9/4/2022;Marketing;Salaries;East;49880;120424;Cash;TXN108837
15/5/2023;Marketing;Salaries;East;68957;110794;Cash;TXN109074
27/5/2021;Sales;Salaries;East;131395;129433;Cash;TXN109220
22/8/2022;HR;Salaries;East;30705;105725;Cash;TXN109221
12/3/2023;Marketing;Salaries;East;57664;17232;Cash;TXN109443
20/5/2023;Finance;Salaries;East;63371;91620;Cash;TXN109627
24/8/2021;HR;Salaries;East;16170;75757;Cash;TXN109726
9/8/2022;Marketing;Salaries;East;23894;130471;Cash;TXN109779
8/12/2023;Operations;Salaries;East;67390;65554;Cash;TXN109875
6/7/2021;Marketing;Travel;East;14711;166755;UPI;TXN100165
23/12/2021;Marketing;Marketing;East;39940;123363;UPI;TXN100355
9/9/2022;Marketing;Marketing;East;65276;10237;UPI;TXN100392
13/10/2023;Marketing;Training;East;81449;166082;UPI;TXN100531
17/3/2023;Marketing;Infrastructure;East;145224;115873;UPI;TXN100674
16/9/2022;Marketing;Salaries;East;112524;95301;UPI;TXN100704
22/6/2021;Marketing;Infrastructure;East;69453;54152;UPI;TXN100731
16/8/2022;Marketing;Travel;East;44594;110460;UPI;TXN100975
1/4/2023;Marketing;Utilities;East;28564;116205;UPI;TXN101010
5/12/2021;Marketing;Training;East;41088;164218;UPI;TXN101065
8/1/2023;Marketing;Travel;East;132494;105757;UPI;TXN101286
24/12/2023;Marketing;Infrastructure;East;126921;16124;UPI;TXN101338
4/4/2022;Marketing;Marketing;East;34398;168423;UPI;TXN101387
22/1/2021;Marketing;Training;East;122096;111323;UPI;TXN101390
21/5/2021;Marketing;Marketing;East;57589;59674;UPI;TXN101610
16/1/2022;Marketing;Infrastructure;East;115734;151332;UPI;TXN101706
14/10/2021;Marketing;Infrastructure;East;129681;8216;UPI;TXN101716
17/8/2022;Marketing;Travel;East;28161;143080;UPI;TXN101768
22/8/2021;Marketing;Travel;East;19747;153525;UPI;TXN102029
7/12/2023;Marketing;Training;East;19604;159416;UPI;TXN102095
23/5/2023;Marketing;Travel;East;45540;28548;UPI;TXN102796
23/9/2022;Marketing;Marketing;East;142688;122400;UPI;TXN102882
11/9/2022;Marketing;Travel;East;123234;48577;UPI;TXN102949
18/8/2022;Marketing;Utilities;East;37207;76426;UPI;TXN103158
10/3/2021;Marketing;Infrastructure;East;57665;125210;UPI;TXN103278
24/6/2022;Marketing;Infrastructure;East;86003;131449;UPI;TXN103644
25/11/2022;Marketing;Salaries;East;21020;11386;UPI;TXN103652
11/12/2021;Marketing;Travel;East;120698;132542;UPI;TXN103798
6/9/2023;Marketing;Marketing;East;51592;130227;UPI;TXN103804
31/8/2022;Marketing;Travel;East;63525;135763;UPI;TXN103862
11/7/2021;Marketing;Utilities;East;73041;9308;UPI;TXN103906
3/7/2021;Marketing;Training;East;143286;141655;UPI;TXN103919
31/10/2023;Marketing;Infrastructure;East;84881;25985;UPI;TXN103955
17/8/2023;Marketing;Training;East;27753;156342;UPI;TXN104146
7/12/2021;Marketing;Travel;East;118382;149557;UPI;TXN104306
25/2/2022;Marketing;Marketing;East;115704;119004;UPI;TXN104338
9/2/2023;Marketing;Infrastructure;East;49428;117491;UPI;TXN104579
26/4/2022;Marketing;Salaries;East;54845;132168;UPI;TXN104658
2/8/2021;Marketing;Travel;East;29503;46959;UPI;TXN104712
26/8/2021;Marketing;Infrastructure;East;66549;96402;UPI;TXN105262
20/9/2022;Marketing;Marketing;East;108170;97220;UPI;TXN106018
6/12/2022;Marketing;Training;East;73856;104691;UPI;TXN106035
3/12/2022;Marketing;Salaries;East;81842;94058;UPI;TXN106676
17/3/2022;Marketing;Utilities;East;142380;100859;UPI;TXN106907
20/11/2021;Marketing;Salaries;East;126038;162852;UPI;TXN106933
28/7/2023;Marketing;Training;East;78800;13434;UPI;TXN106996
19/4/2023;Marketing;Utilities;East;142922;119479;UPI;TXN107062
21/3/2023;Marketing;Travel;East;62254;121036;UPI;TXN107064
7/12/2023;Marketing;Marketing;East;99254;93211;UPI;TXN107273
16/4/2023;Marketing;Marketing;East;107115;67868;UPI;TXN107533
6/8/2021;Marketing;Salaries;East;58437;114556;UPI;TXN107542
14/9/2021;Marketing;Salaries;East;30954;70391;UPI;TXN107620
21/11/2021;Marketing;Marketing;East;77585;156683;UPI;TXN107642
14/8/2022;Marketing;Utilities;East;102349;77110;UPI;TXN107865
7/5/2022;Marketing;Utilities;East;139599;28918;UPI;TXN107877
12/6/2022;Marketing;Marketing;East;96344;111403;UPI;TXN107954
19/6/2023;Marketing;Training;East;68552;156534;UPI;TXN108165
12/8/2022;Marketing;Infrastructure;East;19479;9984;UPI;TXN108454
5/8/2022;Marketing;Travel;East;14655;49375;UPI;TXN108646
20/7/2022;Marketing;Marketing;East;32989;47457;UPI;TXN108741
27/5/2023;Marketing;Utilities;East;93160;29600;UPI;TXN108902
18/10/2022;Marketing;Marketing;East;54449;105223;UPI;TXN108976
27/10/2023;Marketing;Marketing;East;46417;135507;UPI;TXN109334
20/6/2022;Marketing;Marketing;East;74597;101122;UPI;TXN109799
7/3/2022;Marketing;Infrastructure;East;33135;91884;UPI;TXN109848
23/12/2021;Marketing;Training;East;61469;64248;UPI;TXN109874
30/10/2021;Marketing;Utilities;East;23594;70100;UPI;TXN109928
29/11/2023;IT;Marketing;East;90567;41136;UPI;TXN100435
24/2/2023;IT;Utilities;East;98541;155627;UPI;TXN100756
12/9/2023;IT;Marketing;East;13881;23410;UPI;TXN100840
19/11/2023;IT;Infrastructure;East;35497;92028;UPI;TXN100853
4/5/2023;IT;Marketing;East;138877;27235;UPI;TXN100974
1/12/2021;IT;Infrastructure;East;96245;27553;UPI;TXN101080
2/4/2021;IT;Travel;East;110475;157473;UPI;TXN101356
19/1/2021;IT;Salaries;East;70262;22275;UPI;TXN101557
25/12/2023;IT;Training;East;36520;160374;UPI;TXN101564
26/2/2023;IT;Training;East;71807;46461;UPI;TXN101612
12/8/2022;IT;Marketing;East;38353;65969;UPI;TXN101622
5/2/2021;IT;Marketing;East;142454;156844;UPI;TXN101687
30/5/2022;IT;Utilities;East;59508;79974;UPI;TXN101729
11/2/2021;IT;Travel;East;38722;81775;UPI;TXN101766
4/12/2021;IT;Marketing;East;10372;55617;UPI;TXN101860
30/9/2022;IT;Salaries;East;97163;9609;UPI;TXN102119
21/4/2023;IT;Utilities;East;67540;132172;UPI;TXN102143
21/11/2022;IT;Marketing;East;58531;74811;UPI;TXN102148
3/9/2022;IT;Travel;East;130996;40378;UPI;TXN102199
24/8/2022;IT;Infrastructure;East;29412;124199;UPI;TXN102230
10/10/2023;IT;Training;East;123982;67785;UPI;TXN102275
13/9/2023;IT;Marketing;East;98904;99659;UPI;TXN102297
26/8/2023;IT;Salaries;East;78163;126639;UPI;TXN102328
28/1/2022;IT;Utilities;East;94393;123758;UPI;TXN102340
17/7/2022;IT;Training;East;17931;15439;UPI;TXN102508
2/7/2023;IT;Marketing;East;21682;123874;UPI;TXN102722
9/10/2023;IT;Training;East;108702;138611;UPI;TXN102737
7/6/2022;IT;Infrastructure;East;88451;112356;UPI;TXN102785
22/5/2022;IT;Training;East;127200;146730;UPI;TXN102892
28/4/2023;IT;Infrastructure;East;47783;10670;UPI;TXN102951
9/5/2021;IT;Marketing;East;112748;103827;UPI;TXN102984
7/11/2023;IT;Marketing;East;124438;116955;UPI;TXN102992
5/6/2022;IT;Marketing;East;63166;117594;UPI;TXN103089
2/9/2021;IT;Marketing;East;22721;123671;UPI;TXN103116
17/2/2022;IT;Utilities;East;87510;162784;UPI;TXN103229
29/9/2023;IT;Infrastructure;East;115572;109664;UPI;TXN103425
28/10/2023;IT;Infrastructure;East;86769;123213;UPI;TXN103444
27/1/2022;IT;Training;East;129602;10777;UPI;TXN103578
19/11/2022;IT;Utilities;East;34234;13632;UPI;TXN103597
15/1/2022;IT;Infrastructure;East;25941;23759;UPI;TXN103719
20/12/2023;IT;Salaries;East;36631;51209;UPI;TXN103746
28/1/2023;IT;Training;East;106279;24551;UPI;TXN103857
3/1/2022;IT;Travel;East;128429;78808;UPI;TXN103969
2/2/2022;IT;Utilities;East;70683;15408;UPI;TXN104098
3/9/2023;IT;Travel;East;134518;101425;UPI;TXN104120
16/9/2022;IT;Salaries;East;121875;31909;UPI;TXN104141
13/11/2021;IT;Utilities;East;114854;104962;UPI;TXN104391
6/5/2022;IT;Utilities;East;48005;89330;UPI;TXN104764
8/9/2021;IT;Training;East;132691;169629;UPI;TXN104970
23/3/2022;IT;Marketing;East;100302;38504;UPI;TXN105147
16/12/2022;IT;Utilities;East;79638;41516;UPI;TXN105150
3/3/2021;IT;Travel;East;144358;158960;UPI;TXN105587
13/10/2023;IT;Infrastructure;East;47329;123206;UPI;TXN105618
28/1/2023;IT;Utilities;East;26401;129909;UPI;TXN105672
26/12/2022;IT;Salaries;East;132419;54692;UPI;TXN105696
2/5/2021;IT;Utilities;East;37235;30909;UPI;TXN105749
19/10/2022;IT;Marketing;East;78721;147961;UPI;TXN105768
8/1/2023;IT;Salaries;East;76545;69292;UPI;TXN105877
13/11/2022;IT;Travel;East;74662;153727;UPI;TXN106113
17/10/2022;IT;Salaries;East;98897;60473;UPI;TXN106301
16/1/2021;IT;Marketing;East;44388;78621;UPI;TXN106388
12/3/2023;IT;Marketing;East;21841;52504;UPI;TXN106433
17/11/2021;IT;Travel;East;128108;82988;UPI;TXN106575
13/10/2021;IT;Training;East;47727;60314;UPI;TXN106597
12/10/2023;IT;Training;East;47741;9270;UPI;TXN106766
25/8/2023;IT;Salaries;East;63638;132289;UPI;TXN106839
24/10/2021;IT;Salaries;East;47030;78210;UPI;TXN107287
15/12/2021;IT;Travel;East;12000;12045;UPI;TXN107422
31/7/2022;IT;Infrastructure;East;61060;35491;UPI;TXN107511
16/9/2023;IT;Utilities;East;126918;37535;UPI;TXN107513
20/1/2022;IT;Infrastructure;East;116517;137450;UPI;TXN107689
10/3/2021;IT;Utilities;East;48984;144841;UPI;TXN107730
5/7/2023;IT;Salaries;East;23586;18701;UPI;TXN107744
12/1/2022;IT;Travel;East;70376;158573;UPI;TXN108079
10/3/2022;IT;Training;East;45216;36853;UPI;TXN108226
16/11/2023;IT;Training;East;109796;50607;UPI;TXN108343
4/11/2022;IT;Utilities;East;28855;8911;UPI;TXN108404
9/8/2021;IT;Training;East;35820;142795;UPI;TXN108457
31/3/2023;IT;Training;East;107251;156667;UPI;TXN108577
4/7/2023;IT;Marketing;East;82251;29360;UPI;TXN108854
14/11/2023;IT;Infrastructure;East;52970;88181;UPI;TXN108861
2/10/2021;IT;Salaries;East;124926;29681;UPI;TXN109204
4/12/2022;IT;Training;East;136478;106111;UPI;TXN109313
14/9/2022;IT;Salaries;East;59009;59406;UPI;TXN109368
21/8/2021;IT;Travel;East;50816;67345;UPI;TXN109877
6/2/2023;Finance;Utilities;East;136878;35045;UPI;TXN100104
2/3/2023;Finance;Travel;East;124113;107754;UPI;TXN100325
14/5/2022;Finance;Training;East;104526;135000;UPI;TXN100380
1/2/2022;Finance;Salaries;East;29088;111845;UPI;TXN100415
22/6/2021;Finance;Utilities;East;53691;123184;UPI;TXN100466
21/6/2021;Finance;Marketing;East;56567;55635;UPI;TXN100751
4/7/2022;Finance;Training;East;99022;18691;UPI;TXN100829
22/12/2021;Finance;Infrastructure;East;81185;146898;UPI;TXN100845
28/7/2023;Finance;Infrastructure;East;46395;118131;UPI;TXN101047
28/11/2022;Finance;Marketing;East;58817;141442;UPI;TXN101126
4/8/2021;Finance;Utilities;East;101025;140605;UPI;TXN101174
13/8/2023;Finance;Travel;East;101529;49312;UPI;TXN101189
4/4/2022;Finance;Training;East;111800;41795;UPI;TXN101679
3/10/2023;Finance;Infrastructure;East;98499;15800;UPI;TXN101686
27/2/2021;Finance;Marketing;East;47118;94896;UPI;TXN101707
14/10/2023;Finance;Salaries;East;132573;112857;UPI;TXN101717
27/7/2021;Finance;Travel;East;10877;37910;UPI;TXN101719
24/2/2023;Finance;Training;East;21808;165108;UPI;TXN101831
11/4/2021;Finance;Salaries;East;74945;151502;UPI;TXN101832
1/12/2022;Finance;Utilities;East;119435;137175;UPI;TXN101867
1/3/2022;Finance;Utilities;East;122642;54295;UPI;TXN101887
5/8/2021;Finance;Infrastructure;East;67230;168449;UPI;TXN101943
21/8/2022;Finance;Training;East;27673;91801;UPI;TXN101987
15/8/2021;Finance;Infrastructure;East;28700;46710;UPI;TXN102227
15/6/2023;Finance;Marketing;East;38364;78539;UPI;TXN102308
13/9/2023;Finance;Marketing;East;125095;27238;UPI;TXN102520
29/12/2023;Finance;Marketing;East;29259;39660;UPI;TXN102587
20/4/2023;Finance;Travel;East;143264;96284;UPI;TXN102660
26/3/2022;Finance;Infrastructure;East;49342;27630;UPI;TXN102710
16/6/2021;Finance;Infrastructure;East;29311;37153;UPI;TXN103107
27/11/2021;Finance;Marketing;East;106128;126000;UPI;TXN103163
28/4/2021;Finance;Travel;East;82778;9913;UPI;TXN103170
26/1/2022;Finance;Marketing;East;91798;38411;UPI;TXN103181
2/6/2022;Finance;Infrastructure;East;14445;153373;UPI;TXN103197
24/10/2022;Finance;Infrastructure;East;84460;40344;UPI;TXN103234
5/12/2021;Finance;Marketing;East;65270;27770;UPI;TXN103464
9/10/2023;Finance;Marketing;East;43857;23796;UPI;TXN103611
1/5/2022;Finance;Utilities;East;49967;19911;UPI;TXN103810
5/10/2021;Finance;Salaries;East;92559;167670;UPI;TXN104032
29/12/2021;Finance;Salaries;East;49064;141413;UPI;TXN104092
7/12/2023;Finance;Salaries;East;96008;80428;UPI;TXN104168
6/10/2022;Finance;Utilities;East;44812;8799;UPI;TXN104531
18/3/2022;Finance;Salaries;East;16747;60009;UPI;TXN104563
3/11/2023;Finance;Salaries;East;54146;64338;UPI;TXN104834
3/9/2022;Finance;Salaries;East;144413;120510;UPI;TXN104907
18/5/2022;Finance;Travel;East;12420;148437;UPI;TXN104954
24/5/2023;Finance;Travel;East;109006;90109;UPI;TXN104987
11/8/2022;Finance;Infrastructure;East;33892;125897;UPI;TXN105207
4/11/2023;Finance;Marketing;East;21015;36505;UPI;TXN105297
11/5/2022;Finance;Marketing;East;17005;131509;UPI;TXN105461
21/5/2023;Finance;Marketing;East;32312;9578;UPI;TXN106090
9/1/2021;Finance;Salaries;East;67813;167292;UPI;TXN106106
9/2/2022;Finance;Training;East;39884;139023;UPI;TXN106695
11/10/2021;Finance;Marketing;East;98128;123279;UPI;TXN106758
24/8/2021;Finance;Infrastructure;East;17996;45439;UPI;TXN106809
8/5/2021;Finance;Infrastructure;East;22406;89297;UPI;TXN106849
4/4/2021;Finance;Infrastructure;East;10594;42955;UPI;TXN107330
23/5/2022;Finance;Utilities;East;130880;137611;UPI;TXN107336
18/2/2021;Finance;Salaries;East;136745;88752;UPI;TXN107413
11/7/2023;Finance;Marketing;East;35657;82983;UPI;TXN107431
28/5/2021;Finance;Marketing;East;63529;118079;UPI;TXN107448
17/2/2023;Finance;Training;East;73402;115484;UPI;TXN107505
18/6/2023;Finance;Salaries;East;81898;17964;UPI;TXN107622
14/9/2021;Finance;Infrastructure;East;76722;98215;UPI;TXN107714
15/6/2023;Finance;Travel;East;86051;58971;UPI;TXN107828
19/12/2023;Finance;Infrastructure;East;92146;137740;UPI;TXN107844
23/7/2021;Finance;Travel;East;105918;127683;UPI;TXN108045
18/9/2023;Finance;Salaries;East;84088;164936;UPI;TXN108148
11/10/2022;Finance;Salaries;East;62025;165351;UPI;TXN108208
23/11/2023;Finance;Travel;East;104362;105783;UPI;TXN108255
18/2/2023;Finance;Travel;East;65820;93332;UPI;TXN108472
30/8/2022;Finance;Marketing;East;74279;61137;UPI;TXN108533
24/11/2023;Finance;Salaries;East;10141;155879;UPI;TXN108645
24/11/2023;Finance;Salaries;East;80675;23367;UPI;TXN108697
21/6/2021;Finance;Marketing;East;102703;158702;UPI;TXN108899
4/5/2022;Finance;Infrastructure;East;130709;74276;UPI;TXN109012
14/9/2021;Finance;Salaries;East;73318;108775;UPI;TXN109021
19/8/2021;Finance;Training;East;66413;13108;UPI;TXN109168
21/8/2021;Finance;Travel;East;86419;57310;UPI;TXN109245
26/8/2023;Finance;Infrastructure;East;89077;23606;UPI;TXN109263
21/4/2023;Finance;Utilities;East;29819;107270;UPI;TXN109284
18/8/2023;Finance;Salaries;East;104689;22879;UPI;TXN109399
12/7/2022;Finance;Utilities;East;142189;126892;UPI;TXN109424
16/6/2022;Finance;Marketing;East;93349;98421;UPI;TXN109539
22/7/2022;Finance;Training;East;105490;9724;UPI;TXN109882
3/9/2023;Finance;Training;East;115668;15342;UPI;TXN109924
12/7/2023;Finance;Salaries;East;35927;50013;UPI;TXN109964
3/12/2023;Finance;Salaries;East;86685;91238;UPI;TXN109982
25/12/2021;Finance;Utilities;East;115870;38190;UPI;TXN109999
4/10/2021;HR;Training;East;99145;51102;UPI;TXN100013
24/2/2023;HR;Salaries;East;119660;82433;UPI;TXN100268
20/1/2021;HR;Marketing;East;103004;76664;UPI;TXN100280
7/12/2023;HR;Salaries;East;24464;99354;UPI;TXN100343
15/1/2022;HR;Travel;East;36293;49834;UPI;TXN100373
4/2/2021;HR;Marketing;East;108395;148653;UPI;TXN100382
3/2/2023;HR;Salaries;East;141290;126276;UPI;TXN100491
2/6/2022;HR;Training;East;140803;154310;UPI;TXN100547
30/10/2021;HR;Salaries;East;87080;119001;UPI;TXN100656
28/10/2022;HR;Travel;East;82889;64834;UPI;TXN100665
15/9/2022;HR;Infrastructure;East;118996;66912;UPI;TXN101031
12/4/2021;HR;Travel;East;80943;129233;UPI;TXN101054
23/2/2021;HR;Travel;East;76583;47064;UPI;TXN101165
8/1/2023;HR;Utilities;East;67797;45014;UPI;TXN101185
11/7/2022;HR;Marketing;East;122988;48851;UPI;TXN101224
15/8/2023;HR;Infrastructure;East;106381;156036;UPI;TXN101425
31/10/2022;HR;Infrastructure;East;136625;153373;UPI;TXN101530
21/9/2022;HR;Infrastructure;East;120183;154357;UPI;TXN101585
13/7/2022;HR;Marketing;East;115528;127351;UPI;TXN101635
26/4/2022;HR;Marketing;East;141421;132395;UPI;TXN101747
1/9/2021;HR;Salaries;East;31091;43749;UPI;TXN101762
1/8/2022;HR;Training;East;109459;49993;UPI;TXN101775
28/2/2023;HR;Salaries;East;96765;131592;UPI;TXN101894
14/10/2023;HR;Travel;East;97878;64602;UPI;TXN102171
3/6/2023;HR;Utilities;East;79574;109818;UPI;TXN102209
2/10/2023;HR;Utilities;East;140604;154454;UPI;TXN102488
28/6/2022;HR;Infrastructure;East;78832;134846;UPI;TXN102731
24/6/2022;HR;Salaries;East;97333;61346;UPI;TXN102815
21/12/2022;HR;Utilities;East;39992;167187;UPI;TXN102856
4/10/2023;HR;Training;East;76513;54604;UPI;TXN102897
17/10/2021;HR;Training;East;52083;111646;UPI;TXN103046
1/3/2022;HR;Travel;East;127606;138383;UPI;TXN103199
2/4/2021;HR;Travel;East;125446;111431;UPI;TXN103319
16/1/2023;HR;Salaries;East;39590;71827;UPI;TXN103353
28/1/2023;HR;Infrastructure;East;42234;112169;UPI;TXN103414
2/10/2022;HR;Travel;East;61524;10462;UPI;TXN103439
5/3/2022;HR;Travel;East;109456;39327;UPI;TXN103467
2/6/2022;HR;Marketing;East;78998;29673;UPI;TXN103479
28/7/2023;HR;Training;East;83101;67225;UPI;TXN103637
2/7/2023;HR;Infrastructure;East;64101;68149;UPI;TXN103859
28/3/2023;HR;Training;East;84484;112406;UPI;TXN103912
4/9/2023;HR;Training;East;54143;77454;UPI;TXN103925
1/6/2021;HR;Training;East;12070;141378;UPI;TXN103956
2/9/2021;HR;Training;East;36510;89498;UPI;TXN104301
2/9/2022;HR;Infrastructure;East;130741;130569;UPI;TXN104466
14/9/2022;HR;Utilities;East;48733;71713;UPI;TXN104509
7/8/2023;HR;Marketing;East;129137;50884;UPI;TXN104528
12/9/2021;HR;Utilities;East;20687;111056;UPI;TXN104559
29/7/2022;HR;Travel;East;55275;140832;UPI;TXN104900
23/7/2022;HR;Utilities;East;121473;126265;UPI;TXN105047
11/3/2023;HR;Training;East;133754;66036;UPI;TXN105083
2/4/2023;HR;Utilities;East;55134;62930;UPI;TXN105220
28/5/2021;HR;Travel;East;43897;34684;UPI;TXN105227
16/5/2023;HR;Training;East;63784;12471;UPI;TXN105311
26/2/2021;HR;Infrastructure;East;55423;44227;UPI;TXN105361
2/12/2021;HR;Salaries;East;96253;66491;UPI;TXN105473
13/5/2023;HR;Salaries;East;109895;126639;UPI;TXN105512
19/8/2021;HR;Utilities;East;126505;161477;UPI;TXN105602
18/9/2021;HR;Travel;East;74254;168669;UPI;TXN106376
28/11/2022;HR;Training;East;103264;106249;UPI;TXN106377
15/1/2022;HR;Marketing;East;50256;81961;UPI;TXN106581
6/11/2022;HR;Travel;East;77407;124702;UPI;TXN106584
3/5/2023;HR;Training;East;57388;156158;UPI;TXN106696
5/4/2023;HR;Training;East;19899;49915;UPI;TXN106700
6/4/2021;HR;Travel;East;29299;113897;UPI;TXN106815
28/10/2022;HR;Marketing;East;148667;65547;UPI;TXN106965
16/3/2023;HR;Marketing;East;19545;71823;UPI;TXN107017
9/6/2023;HR;Marketing;East;130652;150813;UPI;TXN107234
31/7/2023;HR;Utilities;East;59652;146594;UPI;TXN107388
9/5/2021;HR;Utilities;East;149511;151130;UPI;TXN107872
12/7/2022;HR;Travel;East;136786;104587;UPI;TXN107916
18/6/2021;HR;Salaries;East;89863;165097;UPI;TXN108077
31/1/2021;HR;Travel;East;138619;114825;UPI;TXN108276
5/10/2022;HR;Salaries;East;146479;131633;UPI;TXN108429
29/3/2023;HR;Infrastructure;East;26582;94134;UPI;TXN108588
19/3/2022;HR;Marketing;East;10085;83531;UPI;TXN108658
19/12/2021;HR;Training;East;101126;46972;UPI;TXN108774
7/8/2022;HR;Marketing;East;143027;39446;UPI;TXN108846
28/4/2023;HR;Salaries;East;140329;143940;UPI;TXN108986
27/10/2021;HR;Training;East;23930;133522;UPI;TXN108990
7/4/2022;HR;Infrastructure;East;28678;126190;UPI;TXN109151
22/8/2021;HR;Utilities;East;132520;167609;UPI;TXN109173
29/6/2021;HR;Salaries;East;31013;104159;UPI;TXN109360
9/12/2021;HR;Infrastructure;East;47907;53083;UPI;TXN109506
26/10/2022;HR;Training;East;148825;101062;UPI;TXN109666
8/3/2022;HR;Travel;East;84601;129045;UPI;TXN109756
7/1/2022;HR;Utilities;East;78500;86499;UPI;TXN109851
1/2/2022;HR;Infrastructure;East;115892;131052;UPI;TXN109885
19/10/2023;Operations;Utilities;East;136531;20801;UPI;TXN100049
5/10/2022;Operations;Utilities;East;103230;27184;UPI;TXN100101
14/7/2022;Operations;Travel;East;120398;8566;UPI;TXN100331
3/5/2022;Operations;Training;East;139611;44526;UPI;TXN100332
21/3/2022;Operations;Travel;East;116442;44018;UPI;TXN100420
31/8/2021;Operations;Travel;East;90634;160490;UPI;TXN100711
10/1/2021;Operations;Travel;East;44421;157659;UPI;TXN100749
5/4/2021;Operations;Training;East;40214;157196;UPI;TXN100822
10/3/2021;Operations;Marketing;East;82516;27049;UPI;TXN100826
23/11/2021;Operations;Training;East;82597;10150;UPI;TXN100901
21/11/2023;Operations;Utilities;East;111922;166082;UPI;TXN101227
25/8/2021;Operations;Salaries;East;117815;121840;UPI;TXN101730
21/4/2022;Operations;Salaries;East;58119;107350;UPI;TXN102087
27/2/2021;Operations;Marketing;East;14854;98051;UPI;TXN102220
17/6/2022;Operations;Travel;East;33196;35603;UPI;TXN102424
24/6/2022;Operations;Travel;East;36198;64686;UPI;TXN102429
25/8/2022;Operations;Utilities;East;58121;103160;UPI;TXN102482
25/7/2023;Operations;Infrastructure;East;65828;119590;UPI;TXN102706
23/5/2022;Operations;Marketing;East;79810;124821;UPI;TXN102714
29/7/2023;Operations;Utilities;East;50043;108576;UPI;TXN102814
26/2/2021;Operations;Travel;East;124068;48723;UPI;TXN103472
23/4/2023;Operations;Marketing;East;21593;59812;UPI;TXN103505
25/2/2021;Operations;Utilities;East;95825;8827;UPI;TXN103589
19/11/2023;Operations;Salaries;East;130938;117963;UPI;TXN103691
14/7/2023;Operations;Utilities;East;104631;55172;UPI;TXN103723
24/8/2021;Operations;Marketing;East;63027;113285;UPI;TXN103738
29/3/2022;Operations;Marketing;East;70059;99311;UPI;TXN103760
11/10/2022;Operations;Marketing;East;48195;88106;UPI;TXN103880
9/1/2023;Operations;Training;East;61689;33268;UPI;TXN103995
22/1/2023;Operations;Infrastructure;East;70835;12426;UPI;TXN104013
22/6/2021;Operations;Marketing;East;120455;66669;UPI;TXN104128
10/9/2022;Operations;Travel;East;84441;14998;UPI;TXN104244
1/3/2021;Operations;Training;East;137212;102679;UPI;TXN104352
17/1/2023;Operations;Utilities;East;41860;98147;UPI;TXN104492
16/7/2021;Operations;Training;East;105847;13350;UPI;TXN104606
22/6/2022;Operations;Salaries;East;57112;14548;UPI;TXN104679
28/7/2023;Operations;Travel;East;144438;100146;UPI;TXN104687
6/5/2022;Operations;Training;East;28809;166391;UPI;TXN104722
8/7/2023;Operations;Salaries;East;144137;114062;UPI;TXN104725
6/12/2021;Operations;Travel;East;91273;159827;UPI;TXN104732
23/10/2021;Operations;Salaries;East;59843;141823;UPI;TXN104739
8/5/2022;Operations;Salaries;East;17305;44936;UPI;TXN104832
5/11/2022;Operations;Salaries;East;28561;51582;UPI;TXN104968
10/2/2021;Operations;Infrastructure;East;123145;107444;UPI;TXN105156
19/7/2022;Operations;Marketing;East;36218;99164;UPI;TXN105273
12/5/2023;Operations;Travel;East;125016;57801;UPI;TXN105411
11/10/2023;Operations;Salaries;East;98973;72698;UPI;TXN105510
1/9/2022;Operations;Salaries;East;131820;37598;UPI;TXN105619
21/3/2021;Operations;Marketing;East;26335;73108;UPI;TXN105629
19/4/2022;Operations;Infrastructure;East;72519;145178;UPI;TXN105801
11/12/2023;Operations;Infrastructure;East;63726;135182;UPI;TXN105913
29/8/2022;Operations;Marketing;East;149103;87859;UPI;TXN106287
10/7/2022;Operations;Training;East;16381;45299;UPI;TXN106323
25/4/2021;Operations;Travel;East;63621;67574;UPI;TXN106347
7/10/2021;Operations;Salaries;East;14867;131371;UPI;TXN106570
1/12/2023;Operations;Infrastructure;East;128187;130452;UPI;TXN106628
15/2/2022;Operations;Infrastructure;East;107139;34065;UPI;TXN106987
11/6/2023;Operations;Training;East;61107;115843;UPI;TXN107006
12/1/2023;Operations;Training;East;29193;154140;UPI;TXN107190
12/7/2022;Operations;Infrastructure;East;84361;17806;UPI;TXN107386
20/11/2022;Operations;Travel;East;122892;36199;UPI;TXN107460
8/10/2021;Operations;Infrastructure;East;141512;95610;UPI;TXN107462
13/11/2021;Operations;Marketing;East;76138;151839;UPI;TXN107540
13/2/2023;Operations;Infrastructure;East;39712;125704;UPI;TXN107566
22/2/2023;Operations;Infrastructure;East;73532;132520;UPI;TXN107583
5/3/2023;Operations;Travel;East;85489;124176;UPI;TXN107616
18/5/2023;Operations;Training;East;72584;91138;UPI;TXN107801
12/10/2021;Operations;Salaries;East;89398;122321;UPI;TXN107881
1/8/2021;Operations;Salaries;East;65730;106412;UPI;TXN107895
5/11/2021;Operations;Training;East;149518;140306;UPI;TXN107937
7/1/2021;Operations;Travel;East;110773;24767;UPI;TXN108113
15/8/2022;Operations;Infrastructure;East;57378;73691;UPI;TXN108218
16/1/2023;Operations;Marketing;East;36108;124932;UPI;TXN108264
20/7/2023;Operations;Travel;East;91392;112770;UPI;TXN108348
1/9/2022;Operations;Utilities;East;16276;72336;UPI;TXN108363
12/5/2022;Operations;Travel;East;117904;68600;UPI;TXN108417
16/4/2023;Operations;Utilities;East;78721;89655;UPI;TXN108581
18/4/2023;Operations;Travel;East;146993;102850;UPI;TXN108681
23/1/2022;Operations;Training;East;120930;128202;UPI;TXN108737
20/11/2022;Operations;Salaries;East;140606;78581;UPI;TXN108895
27/10/2021;Operations;Travel;East;42371;129950;UPI;TXN108925
3/8/2021;Operations;Training;East;120464;26716;UPI;TXN108978
9/3/2021;Operations;Training;East;76548;63090;UPI;TXN109023
30/8/2021;Operations;Salaries;East;18896;77181;UPI;TXN109112
9/9/2023;Operations;Salaries;East;55703;125032;UPI;TXN109231
1/12/2021;Operations;Infrastructure;East;130210;135924;UPI;TXN109253
24/3/2022;Operations;Utilities;East;25023;90583;UPI;TXN109283
26/10/2022;Operations;Marketing;East;54664;104469;UPI;TXN109647
21/7/2021;Operations;Marketing;East;100771;36728;UPI;TXN109713
3/11/2021;Operations;Utilities;East;114661;152365;UPI;TXN109755
28/10/2022;Operations;Infrastructure;East;146687;19543;UPI;TXN109761
4/5/2022;Operations;Travel;East;89967;160232;UPI;TXN109792
30/9/2023;Operations;Infrastructure;East;109692;37036;UPI;TXN109813
29/4/2022;Operations;Training;East;45196;151012;UPI;TXN109872
20/6/2021;Operations;Marketing;East;117803;168162;UPI;TXN109946
5/2/2021;Sales;Infrastructure;East;46362;13080;UPI;TXN100278
18/12/2022;Sales;Travel;East;83150;169161;UPI;TXN100560
18/4/2023;Sales;Utilities;East;66125;11817;UPI;TXN100633
16/8/2021;Sales;Travel;East;62995;50373;UPI;TXN100814
24/4/2023;Sales;Marketing;East;80791;84357;UPI;TXN100820
28/5/2021;Sales;Infrastructure;East;57229;32373;UPI;TXN100896
25/1/2021;Sales;Utilities;East;49190;15489;UPI;TXN101049
18/3/2023;Sales;Utilities;East;66536;111789;UPI;TXN101151
16/4/2021;Sales;Utilities;East;81011;107386;UPI;TXN101373
13/11/2021;Sales;Utilities;East;127488;64335;UPI;TXN101376
16/6/2022;Sales;Travel;East;26158;41590;UPI;TXN101431
23/8/2021;Sales;Utilities;East;82957;72156;UPI;TXN101989
12/6/2021;Sales;Utilities;East;132047;53209;UPI;TXN102137
13/4/2022;Sales;Marketing;East;140337;111068;UPI;TXN102248
31/5/2022;Sales;Travel;East;32371;76861;UPI;TXN102332
30/4/2023;Sales;Infrastructure;East;139940;124815;UPI;TXN102491
24/2/2022;Sales;Marketing;East;105133;62042;UPI;TXN102494
10/11/2022;Sales;Travel;East;129660;166037;UPI;TXN102539
22/1/2022;Sales;Training;East;78823;149964;UPI;TXN102832
21/9/2022;Sales;Training;East;17918;122035;UPI;TXN102990
13/10/2023;Sales;Training;East;112539;100516;UPI;TXN103007
18/11/2021;Sales;Training;East;33407;72816;UPI;TXN103196
19/6/2021;Sales;Salaries;East;143227;121702;UPI;TXN103269
6/10/2022;Sales;Utilities;East;31118;101597;UPI;TXN103504
18/6/2023;Sales;Infrastructure;East;49358;126670;UPI;TXN103530
26/9/2023;Sales;Training;East;75410;58782;UPI;TXN103570
9/5/2023;Sales;Infrastructure;East;86227;148510;UPI;TXN103606
31/3/2021;Sales;Utilities;East;12925;44544;UPI;TXN103682
16/3/2023;Sales;Infrastructure;East;53101;97130;UPI;TXN103685
30/1/2021;Sales;Infrastructure;East;53064;145061;UPI;TXN104016
8/4/2022;Sales;Marketing;East;114526;160826;UPI;TXN104100
6/1/2021;Sales;Training;East;19637;93868;UPI;TXN104136
21/4/2023;Sales;Marketing;East;50954;10794;UPI;TXN104164
26/4/2021;Sales;Marketing;East;59021;102198;UPI;TXN104182
11/10/2022;Sales;Utilities;East;96036;153175;UPI;TXN104283
29/11/2023;Sales;Marketing;East;36738;8072;UPI;TXN104351
3/9/2022;Sales;Utilities;East;15306;123658;UPI;TXN104424
14/12/2023;Sales;Travel;East;62406;49204;UPI;TXN104497
24/4/2023;Sales;Salaries;East;149418;56101;UPI;TXN104576
23/5/2021;Sales;Infrastructure;East;30529;126967;UPI;TXN104798
22/6/2021;Sales;Marketing;East;146051;26989;UPI;TXN104862
18/1/2022;Sales;Salaries;East;132656;112609;UPI;TXN104902
13/3/2023;Sales;Utilities;East;35282;139867;UPI;TXN104986
28/7/2022;Sales;Infrastructure;East;118030;10664;UPI;TXN105137
23/10/2022;Sales;Marketing;East;32346;129207;UPI;TXN105173
27/3/2023;Sales;Utilities;East;55018;121628;UPI;TXN105276
22/1/2023;Sales;Training;East;52971;70896;UPI;TXN105340
12/8/2022;Sales;Marketing;East;147552;130587;UPI;TXN105430
16/4/2023;Sales;Training;East;129972;11386;UPI;TXN105545
9/3/2022;Sales;Infrastructure;East;30247;148334;UPI;TXN105697
18/6/2022;Sales;Infrastructure;East;122707;66090;UPI;TXN105802
23/7/2021;Sales;Salaries;East;103984;96737;UPI;TXN106010
8/2/2022;Sales;Travel;East;92833;26309;UPI;TXN106013
3/7/2023;Sales;Travel;East;118286;143092;UPI;TXN106073
6/3/2022;Sales;Marketing;East;16275;165349;UPI;TXN106158
26/2/2022;Sales;Salaries;East;116055;24737;UPI;TXN106242
25/3/2021;Sales;Travel;East;129770;119203;UPI;TXN106511
23/10/2022;Sales;Salaries;East;98312;58439;UPI;TXN106543
6/1/2022;Sales;Infrastructure;East;146581;97229;UPI;TXN106566
29/11/2023;Sales;Salaries;East;27851;115212;UPI;TXN106634
29/10/2021;Sales;Training;East;115636;100520;UPI;TXN106702
27/9/2022;Sales;Training;East;134591;59980;UPI;TXN106789
19/5/2023;Sales;Infrastructure;East;37073;72908;UPI;TXN106945
15/5/2023;Sales;Marketing;East;78867;71506;UPI;TXN107076
9/4/2022;Sales;Travel;East;104471;17395;UPI;TXN107130
13/4/2023;Sales;Utilities;East;15749;67003;UPI;TXN107158
21/9/2023;Sales;Travel;East;89414;50994;UPI;TXN107178
22/2/2023;Sales;Salaries;East;80505;134746;UPI;TXN107210
4/3/2023;Sales;Salaries;East;37915;108779;UPI;TXN107235
25/5/2021;Sales;Utilities;East;130925;129897;UPI;TXN107262
24/5/2022;Sales;Salaries;East;41171;17379;UPI;TXN107264
28/9/2021;Sales;Infrastructure;East;149930;132019;UPI;TXN107423
23/7/2021;Sales;Utilities;East;34942;157749;UPI;TXN107515
11/3/2023;Sales;Utilities;East;78391;10407;UPI;TXN107571
17/6/2022;Sales;Salaries;East;60939;67343;UPI;TXN107684
17/7/2021;Sales;Travel;East;18359;127696;UPI;TXN107691
2/12/2023;Sales;Utilities;East;68472;99913;UPI;TXN107958
20/2/2022;Sales;Training;East;45280;73004;UPI;TXN107979
24/9/2023;Sales;Salaries;East;132793;17396;UPI;TXN107985
8/4/2023;Sales;Infrastructure;East;143229;112673;UPI;TXN108144
17/5/2023;Sales;Infrastructure;East;75921;74986;UPI;TXN108271
28/4/2022;Sales;Marketing;East;113241;76157;UPI;TXN108346
21/6/2021;Sales;Training;East;97555;62622;UPI;TXN108420
28/5/2021;Sales;Utilities;East;146973;133936;UPI;TXN108504
2/2/2023;Sales;Travel;East;56995;139424;UPI;TXN108546
14/2/2022;Sales;Training;East;104152;41974;UPI;TXN108569
17/1/2023;Sales;Training;East;23171;9495;UPI;TXN108580
28/1/2022;Sales;Utilities;East;146347;65858;UPI;TXN108615
29/5/2021;Sales;Salaries;East;26620;64713;UPI;TXN108725
29/12/2023;Sales;Infrastructure;East;127000;28392;UPI;TXN108787
19/11/2021;Sales;Travel;East;54342;138982;UPI;TXN108805
6/8/2023;Sales;Marketing;East;139196;77498;UPI;TXN108862
29/5/2021;Sales;Utilities;East;84528;85337;UPI;TXN109059
2/2/2022;Sales;Travel;East;37736;130164;UPI;TXN109070
5/5/2023;Sales;Salaries;East;134592;80235;UPI;TXN109431
5/5/2021;Sales;Marketing;East;108408;8764;UPI;TXN109529
2/3/2021;Sales;Marketing;East;31720;90481;UPI;TXN109564
6/6/2022;Sales;Training;East;105142;168688;UPI;TXN109791
30/11/2022;Sales;Travel;East;26665;65201;UPI;TXN109959
29/5/2023;Marketing;Training;East;56841;85906;Card;TXN100064
18/3/2022;Marketing;Marketing;East;139848;67309;Card;TXN100139
22/10/2022;Marketing;Training;East;86732;159108;Card;TXN100167
20/5/2022;Marketing;Utilities;East;117030;11602;Card;TXN100478
2/6/2023;Marketing;Training;East;98233;8608;Card;TXN100522
31/1/2023;Marketing;Infrastructure;East;37307;13444;Card;TXN100616
13/4/2022;Marketing;Infrastructure;East;34525;142733;Card;TXN100718
6/1/2022;Marketing;Marketing;East;142565;103887;Card;TXN100861
3/9/2023;Marketing;Travel;East;15100;150502;Card;TXN101068
26/1/2022;Marketing;Training;East;57881;89870;Card;TXN101079
28/12/2022;Marketing;Travel;East;37588;17349;Card;TXN101086
16/3/2023;Marketing;Training;East;50865;103457;Card;TXN101098
24/7/2022;Marketing;Travel;East;67668;81850;Card;TXN101285
13/7/2023;Marketing;Training;East;65197;103772;Card;TXN101416
15/6/2022;Marketing;Training;East;84299;59238;Card;TXN101653
2/4/2023;Marketing;Salaries;East;119573;111885;Card;TXN101787
25/10/2022;Marketing;Travel;East;78892;124958;Card;TXN101811
15/2/2023;Marketing;Salaries;East;65421;32621;Card;TXN101898
21/9/2022;Marketing;Salaries;East;108059;156902;Card;TXN102168
21/2/2023;Marketing;Utilities;East;79034;104663;Card;TXN102217
13/7/2022;Marketing;Utilities;East;75109;65941;Card;TXN102545
30/1/2022;Marketing;Travel;East;113658;152335;Card;TXN102549
17/11/2021;Marketing;Marketing;East;58473;55068;Card;TXN102721
25/9/2022;Marketing;Utilities;East;136218;81360;Card;TXN102761
10/1/2021;Marketing;Marketing;East;15656;101850;Card;TXN102980
5/4/2023;Marketing;Training;East;48222;18043;Card;TXN103057
4/3/2022;Marketing;Travel;East;81796;8845;Card;TXN103149
16/7/2021;Marketing;Travel;East;35699;44229;Card;TXN103177
15/9/2023;Marketing;Salaries;East;118670;10775;Card;TXN103328
4/8/2023;Marketing;Travel;East;16381;110602;Card;TXN103427
18/3/2023;Marketing;Marketing;East;25586;158334;Card;TXN103519
6/1/2022;Marketing;Travel;East;139443;121515;Card;TXN103552
19/9/2023;Marketing;Travel;East;68825;155420;Card;TXN103624
19/1/2021;Marketing;Infrastructure;East;95620;74170;Card;TXN103633
30/7/2021;Marketing;Infrastructure;East;124836;119145;Card;TXN103639
14/10/2023;Marketing;Salaries;East;30855;36986;Card;TXN103886
16/10/2022;Marketing;Travel;East;92802;133186;Card;TXN103946
8/3/2023;Marketing;Training;East;30162;85911;Card;TXN104240
29/12/2021;Marketing;Utilities;East;49488;9494;Card;TXN104342
30/11/2021;Marketing;Infrastructure;East;120061;105572;Card;TXN104500
16/11/2022;Marketing;Utilities;East;41084;88195;Card;TXN104507
10/9/2021;Marketing;Training;East;147868;102376;Card;TXN104560
11/8/2022;Marketing;Travel;East;75865;133076;Card;TXN104674
6/3/2021;Marketing;Marketing;East;118819;167054;Card;TXN104716
12/6/2022;Marketing;Infrastructure;East;117575;44800;Card;TXN104769
3/8/2023;Marketing;Marketing;East;23854;132819;Card;TXN104854
19/11/2022;Marketing;Infrastructure;East;119950;87027;Card;TXN104878
28/7/2021;Marketing;Marketing;East;57197;35692;Card;TXN104903
1/11/2022;Marketing;Infrastructure;East;75415;94027;Card;TXN105128
20/9/2023;Marketing;Training;East;132293;132500;Card;TXN105149
7/6/2022;Marketing;Salaries;East;120485;82554;Card;TXN105280
26/11/2021;Marketing;Travel;East;31131;109581;Card;TXN105319
10/7/2022;Marketing;Training;East;95280;120254;Card;TXN105353
16/5/2023;Marketing;Salaries;East;111393;10445;Card;TXN105532
30/6/2023;Marketing;Utilities;East;99865;153741;Card;TXN105560
31/3/2023;Marketing;Travel;East;10217;98034;Card;TXN105590
15/9/2021;Marketing;Infrastructure;East;49119;15821;Card;TXN105665
13/2/2022;Marketing;Utilities;East;104359;10004;Card;TXN105725
27/4/2021;Marketing;Marketing;East;25020;73763;Card;TXN106017
10/5/2022;Marketing;Training;East;117983;34315;Card;TXN106091
27/9/2021;Marketing;Training;East;127575;146960;Card;TXN106097
28/11/2022;Marketing;Infrastructure;East;61442;100272;Card;TXN106107
3/12/2022;Marketing;Utilities;East;81863;97060;Card;TXN106217
14/8/2021;Marketing;Training;East;32343;144874;Card;TXN106268
4/3/2023;Marketing;Utilities;East;87411;59528;Card;TXN106312
21/2/2023;Marketing;Travel;East;99301;13481;Card;TXN106420
8/2/2023;Marketing;Marketing;East;126953;168845;Card;TXN106466
5/11/2023;Marketing;Training;East;59612;168206;Card;TXN106534
24/11/2021;Marketing;Salaries;East;50526;88316;Card;TXN106598
14/9/2021;Marketing;Infrastructure;East;97535;44106;Card;TXN106661
20/12/2021;Marketing;Utilities;East;72959;101743;Card;TXN106748
11/11/2021;Marketing;Training;East;45176;58964;Card;TXN106858
23/2/2023;Marketing;Marketing;East;15283;107709;Card;TXN106879
25/1/2022;Marketing;Utilities;East;124379;119391;Card;TXN107020
13/5/2021;Marketing;Salaries;East;98664;109090;Card;TXN107065
14/5/2022;Marketing;Training;East;20183;79268;Card;TXN107317
26/10/2022;Marketing;Salaries;East;128891;70116;Card;TXN107447
26/2/2023;Marketing;Salaries;East;28834;142091;Card;TXN107597
23/10/2023;Marketing;Marketing;East;60118;98849;Card;TXN107665
22/8/2023;Marketing;Infrastructure;East;12030;97124;Card;TXN107748
27/5/2021;Marketing;Salaries;East;90727;63892;Card;TXN107791
4/3/2021;Marketing;Infrastructure;East;19519;31799;Card;TXN107797
17/4/2022;Marketing;Utilities;East;18651;44183;Card;TXN107919
15/9/2022;Marketing;Training;East;50708;165443;Card;TXN108059
12/9/2021;Marketing;Training;East;10414;42075;Card;TXN108430
26/3/2023;Marketing;Infrastructure;East;23234;105251;Card;TXN108926
7/1/2022;Marketing;Infrastructure;East;24189;67681;Card;TXN109014
15/11/2021;Marketing;Salaries;East;26351;61536;Card;TXN109098
28/9/2021;Marketing;Travel;East;72784;107743;Card;TXN109156
16/5/2022;Marketing;Salaries;East;17739;104843;Card;TXN109158
7/9/2021;Marketing;Training;East;93127;9386;Card;TXN109193
5/12/2022;Marketing;Marketing;East;66764;160243;Card;TXN109252
15/1/2023;Marketing;Infrastructure;East;86092;56489;Card;TXN109417
30/11/2023;Marketing;Travel;East;82103;26897;Card;TXN109507
17/10/2021;Marketing;Training;East;89935;157210;Card;TXN109643
28/7/2021;Marketing;Infrastructure;East;11698;8750;Card;TXN109644
13/9/2022;Marketing;Infrastructure;East;118656;102717;Card;TXN109680
3/3/2021;Marketing;Utilities;East;84950;124227;Card;TXN109690
20/7/2021;IT;Training;East;120463;69643;Card;TXN100088
6/10/2021;IT;Marketing;East;84178;34678;Card;TXN100408
4/8/2023;IT;Infrastructure;East;21054;71406;Card;TXN100451
14/7/2023;IT;Infrastructure;East;42831;96170;Card;TXN100519
8/7/2023;IT;Utilities;East;77448;109374;Card;TXN100581
21/8/2021;IT;Salaries;East;71521;80018;Card;TXN100635
19/3/2021;IT;Marketing;East;129075;35780;Card;TXN100772
25/8/2023;IT;Marketing;East;149674;26908;Card;TXN100893
7/10/2023;IT;Salaries;East;70312;18802;Card;TXN100916
31/8/2023;IT;Infrastructure;East;70310;22675;Card;TXN101199
6/11/2022;IT;Marketing;East;35482;51606;Card;TXN101244
17/11/2023;IT;Training;East;104968;119388;Card;TXN101315
3/10/2021;IT;Infrastructure;East;29249;160821;Card;TXN101512
12/8/2022;IT;Training;East;38821;92430;Card;TXN101553
30/12/2023;IT;Infrastructure;East;101730;50229;Card;TXN101692
17/11/2021;IT;Salaries;East;53591;162636;Card;TXN101735
13/4/2023;IT;Marketing;East;48966;118252;Card;TXN101785
21/6/2022;IT;Infrastructure;East;70131;136557;Card;TXN101798
11/12/2021;IT;Utilities;East;12094;47164;Card;TXN101816
24/8/2021;IT;Salaries;East;128880;54386;Card;TXN101984
29/8/2023;IT;Marketing;East;47603;121260;Card;TXN102089
7/3/2021;IT;Salaries;East;14960;150737;Card;TXN102224
17/9/2023;IT;Utilities;East;34432;22741;Card;TXN102267
9/5/2022;IT;Marketing;East;40793;126676;Card;TXN102402
14/7/2022;IT;Training;East;123917;160458;Card;TXN102537
3/4/2021;IT;Utilities;East;50124;47670;Card;TXN102964
20/5/2021;IT;Utilities;East;125040;162592;Card;TXN103164
18/2/2022;IT;Marketing;East;82433;150632;Card;TXN103241
20/5/2023;IT;Marketing;East;132874;77739;Card;TXN103295
5/10/2023;IT;Infrastructure;East;34849;49181;Card;TXN103335
8/10/2022;IT;Infrastructure;East;106003;101371;Card;TXN103393
26/11/2022;IT;Travel;East;130241;55131;Card;TXN103643
29/4/2023;IT;Marketing;East;133912;87826;Card;TXN103781
23/3/2022;IT;Training;East;87704;29802;Card;TXN103789
21/6/2022;IT;Travel;East;113306;106034;Card;TXN103948
26/12/2021;IT;Marketing;East;135622;75010;Card;TXN104014
13/3/2021;IT;Utilities;East;66745;54943;Card;TXN104055
14/7/2021;IT;Utilities;East;109731;32932;Card;TXN104321
1/10/2022;IT;Salaries;East;63955;42727;Card;TXN104372
12/1/2023;IT;Marketing;East;112462;89041;Card;TXN104470
31/10/2021;IT;Training;East;25738;60734;Card;TXN104550
21/8/2022;IT;Utilities;East;147300;32962;Card;TXN104568
12/8/2022;IT;Infrastructure;East;93366;103644;Card;TXN104618
12/6/2023;IT;Travel;East;146459;96109;Card;TXN104756
8/6/2023;IT;Infrastructure;East;69024;165743;Card;TXN104933
16/8/2022;IT;Travel;East;75370;67657;Card;TXN104958
10/12/2022;IT;Travel;East;55231;28323;Card;TXN104964
29/12/2021;IT;Infrastructure;East;87790;52603;Card;TXN105018
30/9/2021;IT;Infrastructure;East;131837;149187;Card;TXN105043
7/5/2022;IT;Travel;East;93280;80033;Card;TXN105057
28/4/2023;IT;Salaries;East;102274;62917;Card;TXN105061
9/8/2022;IT;Travel;East;33165;39882;Card;TXN105064
10/3/2022;IT;Training;East;48381;69741;Card;TXN105079
8/6/2022;IT;Salaries;East;103181;149876;Card;TXN105265
11/12/2023;IT;Marketing;East;71282;47744;Card;TXN105268
14/2/2022;IT;Salaries;East;19147;156250;Card;TXN105351
8/1/2023;IT;Infrastructure;East;149828;104673;Card;TXN105376
11/3/2022;IT;Travel;East;81359;93183;Card;TXN105391
2/4/2023;IT;Marketing;East;21070;84056;Card;TXN105711
14/2/2021;IT;Travel;East;107211;145452;Card;TXN105757
26/9/2023;IT;Infrastructure;East;129554;152961;Card;TXN105849
12/7/2023;IT;Training;East;138686;41375;Card;TXN105870
21/5/2022;IT;Travel;East;56892;68235;Card;TXN106311
12/6/2022;IT;Marketing;East;56661;27585;Card;TXN106416
5/10/2023;IT;Travel;East;35344;131969;Card;TXN106456
4/12/2021;IT;Training;East;117008;112323;Card;TXN106487
15/4/2023;IT;Marketing;East;100524;40868;Card;TXN106612
31/3/2022;IT;Marketing;East;33519;143515;Card;TXN106622
25/4/2021;IT;Utilities;East;141382;136183;Card;TXN106698
5/2/2022;IT;Travel;East;10005;91320;Card;TXN106952
20/2/2023;IT;Infrastructure;East;64653;30905;Card;TXN107497
30/1/2021;IT;Utilities;East;61628;16698;Card;TXN107553
27/8/2021;IT;Utilities;East;57018;131243;Card;TXN107716
23/6/2022;IT;Utilities;East;45579;149760;Card;TXN107764
24/7/2023;IT;Salaries;East;82978;153696;Card;TXN107848
3/5/2023;IT;Travel;East;59283;16949;Card;TXN107891
22/3/2021;IT;Salaries;East;143827;103695;Card;TXN108392
27/8/2023;IT;Salaries;East;144562;152529;Card;TXN108563
9/11/2021;IT;Travel;East;35975;97890;Card;TXN108583
13/2/2022;IT;Marketing;East;94064;64657;Card;TXN108602
8/10/2022;IT;Travel;East;127117;108166;Card;TXN108779
19/7/2022;IT;Marketing;East;120839;168335;Card;TXN108921
11/6/2021;IT;Utilities;East;149426;22606;Card;TXN109198
3/11/2023;IT;Salaries;East;97525;58342;Card;TXN109290
16/7/2022;IT;Utilities;East;78326;137679;Card;TXN109366
17/6/2023;IT;Salaries;East;20104;70230;Card;TXN109466
20/9/2023;IT;Utilities;East;95089;152820;Card;TXN109512
6/3/2021;IT;Training;East;98523;27999;Card;TXN109744
19/12/2023;Finance;Infrastructure;East;49080;167039;Card;TXN100020
20/9/2022;Finance;Utilities;East;56096;59269;Card;TXN100199
29/5/2023;Finance;Marketing;East;18418;166403;Card;TXN100232
18/12/2023;Finance;Utilities;East;39899;39709;Card;TXN100327
2/1/2023;Finance;Travel;East;105614;55318;Card;TXN100517
6/9/2021;Finance;Marketing;East;66605;85034;Card;TXN100595
10/3/2021;Finance;Infrastructure;East;120475;161582;Card;TXN100609
28/1/2021;Finance;Infrastructure;East;119972;149095;Card;TXN100662
28/7/2022;Finance;Training;East;69328;121051;Card;TXN100726
23/1/2021;Finance;Infrastructure;East;30592;51860;Card;TXN100831
14/6/2021;Finance;Salaries;East;89462;24621;Card;TXN100945
13/12/2023;Finance;Training;East;126292;96238;Card;TXN100972
22/4/2022;Finance;Salaries;East;47261;92921;Card;TXN101122
8/6/2022;Finance;Utilities;East;132114;85912;Card;TXN101260
18/1/2023;Finance;Marketing;East;130975;108465;Card;TXN101297
14/6/2023;Finance;Salaries;East;21412;59879;Card;TXN101392
8/11/2021;Finance;Salaries;East;125250;115317;Card;TXN101413
11/6/2023;Finance;Marketing;East;10819;70338;Card;TXN101525
10/9/2021;Finance;Utilities;East;145046;130192;Card;TXN101781
12/10/2022;Finance;Utilities;East;114084;45088;Card;TXN101853
15/8/2021;Finance;Salaries;East;29566;150604;Card;TXN102045
17/4/2023;Finance;Infrastructure;East;85861;64557;Card;TXN102310
17/3/2022;Finance;Travel;East;48013;49019;Card;TXN102444
21/8/2021;Finance;Travel;East;95793;112826;Card;TXN102465
30/3/2022;Finance;Training;East;18635;12588;Card;TXN102511
29/10/2022;Finance;Training;East;55252;92039;Card;TXN102512
24/2/2022;Finance;Training;East;33836;49930;Card;TXN102526
14/9/2021;Finance;Utilities;East;39482;92346;Card;TXN102693
13/5/2023;Finance;Utilities;East;82258;161948;Card;TXN102898
8/1/2021;Finance;Utilities;East;75923;47932;Card;TXN102956
24/8/2022;Finance;Salaries;East;93366;120716;Card;TXN102985
21/1/2023;Finance;Utilities;East;116350;128145;Card;TXN103068
23/4/2021;Finance;Infrastructure;East;28674;147716;Card;TXN103161
23/7/2022;Finance;Infrastructure;East;115219;94176;Card;TXN103192
1/3/2022;Finance;Salaries;East;38547;85260;Card;TXN103374
6/8/2022;Finance;Travel;East;136633;50249;Card;TXN103523
19/1/2022;Finance;Utilities;East;28696;100373;Card;TXN103557
14/5/2022;Finance;Utilities;East;76145;107720;Card;TXN103907
25/5/2022;Finance;Travel;East;139947;168637;Card;TXN103951
29/8/2022;Finance;Infrastructure;East;40412;164309;Card;TXN104024
15/4/2023;Finance;Marketing;East;32368;127294;Card;TXN104144
16/1/2021;Finance;Travel;East;94012;63300;Card;TXN104299
30/1/2021;Finance;Training;East;17122;25422;Card;TXN104329
21/6/2023;Finance;Marketing;East;114618;74706;Card;TXN104468
26/1/2022;Finance;Salaries;East;40342;168139;Card;TXN104522
24/3/2023;Finance;Infrastructure;East;129932;134833;Card;TXN104672
9/1/2022;Finance;Marketing;East;35479;130472;Card;TXN104682
1/10/2021;Finance;Marketing;East;123496;55374;Card;TXN104787
22/3/2023;Finance;Infrastructure;East;53015;141427;Card;TXN105229
6/7/2023;Finance;Infrastructure;East;67369;60172;Card;TXN105579
19/1/2021;Finance;Infrastructure;East;63098;136041;Card;TXN105591
9/8/2021;Finance;Marketing;East;64044;105335;Card;TXN105621
17/4/2023;Finance;Infrastructure;East;120967;14758;Card;TXN105670
19/4/2021;Finance;Marketing;East;25507;47241;Card;TXN105698
18/12/2023;Finance;Salaries;East;111525;150593;Card;TXN105995
14/8/2021;Finance;Salaries;East;86519;27347;Card;TXN106550
18/8/2022;Finance;Utilities;East;50857;27228;Card;TXN106909
22/11/2021;Finance;Salaries;East;95650;163516;Card;TXN106930
29/7/2023;Finance;Utilities;East;105504;156232;Card;TXN107247
29/7/2023;Finance;Training;East;27829;60904;Card;TXN107331
15/3/2021;Finance;Utilities;East;36402;46687;Card;TXN107481
16/6/2021;Finance;Training;East;59279;48345;Card;TXN107672
8/1/2023;Finance;Marketing;East;144150;97617;Card;TXN107759
12/4/2023;Finance;Marketing;East;115233;56718;Card;TXN107859
5/11/2023;Finance;Infrastructure;East;73566;121341;Card;TXN108137
12/11/2023;Finance;Travel;East;148577;151079;Card;TXN108177
13/2/2021;Finance;Utilities;East;144428;72002;Card;TXN108269
1/7/2022;Finance;Travel;East;87320;163573;Card;TXN108358
27/7/2021;Finance;Utilities;East;101535;17850;Card;TXN108431
1/9/2021;Finance;Training;East;74050;146744;Card;TXN108748
1/4/2023;Finance;Utilities;East;137307;36328;Card;TXN108849
6/8/2022;Finance;Travel;East;149759;14977;Card;TXN108875
16/12/2023;Finance;Marketing;East;109370;51228;Card;TXN108972
8/7/2023;Finance;Utilities;East;43144;64600;Card;TXN109084
30/6/2021;Finance;Infrastructure;East;44388;81397;Card;TXN109099
27/11/2021;Finance;Infrastructure;East;45371;34231;Card;TXN109133
26/9/2023;Finance;Training;East;141403;76430;Card;TXN109264
24/5/2022;Finance;Travel;East;136423;110400;Card;TXN109266
19/3/2021;Finance;Travel;East;60710;65408;Card;TXN109468
15/6/2022;Finance;Training;East;41608;84767;Card;TXN109601
21/9/2021;Finance;Travel;East;98953;80285;Card;TXN109618
5/1/2022;Finance;Travel;East;27665;58657;Card;TXN109652
7/11/2023;Finance;Marketing;East;127208;19467;Card;TXN109702
11/9/2022;Finance;Utilities;East;69111;102712;Card;TXN109827
30/12/2023;Finance;Travel;East;59834;22763;Card;TXN109933
30/12/2023;Finance;Infrastructure;East;86682;73527;Card;TXN109935
25/1/2021;Finance;Marketing;East;118801;152289;Card;TXN109966
1/12/2022;HR;Travel;East;21531;97010;Card;TXN100252
4/5/2023;HR;Marketing;East;96023;126901;Card;TXN100264
12/1/2021;HR;Salaries;East;52582;89396;Card;TXN100379
17/8/2023;HR;Training;East;89722;159689;Card;TXN100514
5/11/2022;HR;Utilities;East;100170;163461;Card;TXN100568
22/2/2021;HR;Training;East;138979;79664;Card;TXN100611
20/5/2021;HR;Training;East;11100;85585;Card;TXN100738
18/9/2021;HR;Salaries;East;134586;17089;Card;TXN100750
6/8/2023;HR;Infrastructure;East;92567;100527;Card;TXN100816
26/6/2023;HR;Utilities;East;16715;167739;Card;TXN101279
5/8/2023;HR;Training;East;15861;113010;Card;TXN101283
25/7/2021;HR;Salaries;East;48593;95359;Card;TXN101326
21/9/2023;HR;Marketing;East;68009;130829;Card;TXN101372
3/11/2021;HR;Infrastructure;East;31402;124185;Card;TXN101409
23/3/2022;HR;Salaries;East;129168;21011;Card;TXN101805
17/2/2023;HR;Training;East;49468;148607;Card;TXN101815
25/5/2022;HR;Utilities;East;64086;25491;Card;TXN101847
16/12/2022;HR;Marketing;East;79703;11914;Card;TXN101895
29/5/2021;HR;Utilities;East;104903;116005;Card;TXN101949
9/10/2022;HR;Marketing;East;77512;167839;Card;TXN101982
7/7/2021;HR;Training;East;119791;29339;Card;TXN102052
20/6/2022;HR;Training;East;15236;90836;Card;TXN102066
17/8/2022;HR;Training;East;147697;127585;Card;TXN102068
22/10/2022;HR;Marketing;East;14928;79996;Card;TXN102094
19/1/2022;HR;Marketing;East;86855;116693;Card;TXN102164
2/12/2022;HR;Salaries;East;79080;105702;Card;TXN102287
28/9/2023;HR;Training;East;115356;119443;Card;TXN102386
8/12/2023;HR;Travel;East;141015;131113;Card;TXN102653
7/7/2021;HR;Training;East;23214;18853;Card;TXN102691
28/3/2022;HR;Training;East;19041;123684;Card;TXN103148
26/8/2022;HR;Travel;East;131298;13384;Card;TXN103298
3/9/2023;HR;Infrastructure;East;138991;119112;Card;TXN103702
24/4/2022;HR;Utilities;East;46881;100031;Card;TXN103873
8/6/2021;HR;Travel;East;59711;129646;Card;TXN104112
26/5/2023;HR;Travel;East;108802;113026;Card;TXN104116
29/8/2021;HR;Travel;East;79662;135185;Card;TXN104198
7/1/2022;HR;Salaries;East;96980;125387;Card;TXN104397
23/12/2022;HR;Training;East;52020;12746;Card;TXN104588
16/1/2022;HR;Salaries;East;143281;30112;Card;TXN104790
5/8/2023;HR;Travel;East;141959;117532;Card;TXN104877
29/8/2021;HR;Infrastructure;East;35814;72505;Card;TXN105026
8/5/2023;HR;Training;East;81384;90702;Card;TXN105197
9/3/2021;HR;Utilities;East;138112;141124;Card;TXN105237
15/5/2021;HR;Training;East;108412;97471;Card;TXN105349
14/10/2023;HR;Travel;East;112008;61025;Card;TXN105371
30/4/2022;HR;Training;East;57232;71448;Card;TXN105431
27/7/2022;HR;Utilities;East;88571;35714;Card;TXN105519
14/6/2022;HR;Training;East;70837;61641;Card;TXN105707
30/12/2023;HR;Training;East;39520;158874;Card;TXN105842
20/11/2022;HR;Utilities;East;145266;99072;Card;TXN105931
21/5/2022;HR;Travel;East;70765;12708;Card;TXN106008
25/8/2022;HR;Marketing;East;70197;48343;Card;TXN106079
18/1/2021;HR;Infrastructure;East;134177;78342;Card;TXN106236
19/8/2021;HR;Infrastructure;East;123506;36630;Card;TXN106332
27/1/2023;HR;Marketing;East;78105;167154;Card;TXN106419
9/2/2023;HR;Marketing;East;138941;94142;Card;TXN106557
7/2/2022;HR;Training;East;38026;62012;Card;TXN106624
22/2/2021;HR;Travel;East;43622;160726;Card;TXN106716
11/12/2021;HR;Utilities;East;36392;72641;Card;TXN106751
19/2/2022;HR;Infrastructure;East;33019;146699;Card;TXN106818
11/3/2023;HR;Training;East;28736;108793;Card;TXN107095
6/11/2023;HR;Utilities;East;44942;107304;Card;TXN107372
18/4/2023;HR;Marketing;East;91094;103734;Card;TXN107552
8/8/2022;HR;Utilities;East;76951;84089;Card;TXN107586
15/2/2021;HR;Utilities;East;52636;99896;Card;TXN107750
5/2/2023;HR;Utilities;East;113232;167838;Card;TXN107825
3/11/2021;HR;Marketing;East;86042;147264;Card;TXN108000
28/1/2022;HR;Utilities;East;46376;111043;Card;TXN108080
30/12/2023;HR;Utilities;East;61207;54174;Card;TXN108216
19/10/2023;HR;Training;East;69388;19633;Card;TXN108735
12/11/2023;HR;Marketing;East;12293;74322;Card;TXN108898
3/11/2021;HR;Travel;East;101837;139319;Card;TXN109028
18/7/2022;HR;Marketing;East;106581;78603;Card;TXN109163
26/3/2023;HR;Training;East;10843;25962;Card;TXN109348
1/2/2023;HR;Utilities;East;130263;136919;Card;TXN109358
30/12/2022;HR;Salaries;East;114582;150979;Card;TXN109480
30/9/2022;HR;Travel;East;96276;121633;Card;TXN109492
23/4/2021;HR;Training;East;44429;65115;Card;TXN109530
11/5/2022;HR;Training;East;57373;50516;Card;TXN109569
9/6/2021;HR;Training;East;18828;22160;Card;TXN109696
1/4/2023;HR;Travel;East;95557;98182;Card;TXN109746
26/4/2023;HR;Travel;East;68332;38184;Card;TXN109867
20/9/2021;HR;Utilities;East;105238;132798;Card;TXN109907
21/3/2023;HR;Marketing;East;50887;161570;Card;TXN109913
4/2/2021;Operations;Infrastructure;East;45738;156344;Card;TXN100046
11/6/2021;Operations;Travel;East;129180;166687;Card;TXN100054
6/4/2021;Operations;Training;East;143034;61202;Card;TXN100116
11/9/2021;Operations;Utilities;East;20487;24791;Card;TXN100202
14/12/2021;Operations;Travel;East;43202;36288;Card;TXN100476
2/11/2023;Operations;Travel;East;14180;57339;Card;TXN100496
26/7/2023;Operations;Marketing;East;27619;137149;Card;TXN100868
6/1/2023;Operations;Utilities;East;146883;38119;Card;TXN100980
8/5/2021;Operations;Marketing;East;20208;63088;Card;TXN100995
8/9/2021;Operations;Infrastructure;East;95375;107079;Card;TXN101116
18/9/2021;Operations;Salaries;East;143527;53432;Card;TXN101472
2/10/2023;Operations;Infrastructure;East;38497;87597;Card;TXN101598
23/9/2022;Operations;Infrastructure;East;22185;112620;Card;TXN101664
26/9/2023;Operations;Utilities;East;130782;132865;Card;TXN101680
3/11/2022;Operations;Infrastructure;East;112173;130636;Card;TXN101807
9/7/2021;Operations;Training;East;24748;142873;Card;TXN101825
5/10/2021;Operations;Training;East;80086;46811;Card;TXN102001
30/9/2021;Operations;Salaries;East;30232;95594;Card;TXN102056
15/12/2023;Operations;Salaries;East;95305;41247;Card;TXN102062
1/8/2023;Operations;Training;East;30122;46880;Card;TXN102304
16/3/2022;Operations;Training;East;128481;156283;Card;TXN102540
5/11/2022;Operations;Marketing;East;90099;120220;Card;TXN102589
12/7/2022;Operations;Salaries;East;27363;109076;Card;TXN102629
7/2/2022;Operations;Salaries;East;43260;44460;Card;TXN103017
20/7/2022;Operations;Utilities;East;59033;73655;Card;TXN103059
17/7/2022;Operations;Travel;East;83147;14761;Card;TXN103100
19/4/2021;Operations;Travel;East;11939;32955;Card;TXN103119
9/4/2022;Operations;Infrastructure;East;61775;68842;Card;TXN103160
19/12/2022;Operations;Salaries;East;119293;139695;Card;TXN103463
26/6/2022;Operations;Marketing;East;68316;60791;Card;TXN103471
18/5/2023;Operations;Utilities;East;23341;68501;Card;TXN103568
3/7/2023;Operations;Travel;East;62943;60693;Card;TXN103651
14/8/2021;Operations;Salaries;East;119314;108702;Card;TXN103771
24/3/2021;Operations;Salaries;East;39287;145583;Card;TXN103927
3/1/2023;Operations;Utilities;East;122627;53122;Card;TXN104124
27/12/2022;Operations;Salaries;East;102539;30985;Card;TXN104151
22/8/2022;Operations;Utilities;East;25908;119206;Card;TXN104160
11/6/2023;Operations;Marketing;East;96090;169258;Card;TXN104220
13/7/2022;Operations;Utilities;East;61350;90032;Card;TXN104313
31/5/2023;Operations;Utilities;East;109941;22026;Card;TXN104324
5/8/2023;Operations;Training;East;111560;107835;Card;TXN104510
10/9/2022;Operations;Travel;East;120482;28945;Card;TXN104512
19/11/2021;Operations;Salaries;East;35632;13229;Card;TXN104662
22/10/2023;Operations;Salaries;East;130720;147874;Card;TXN104929
31/3/2023;Operations;Travel;East;147606;27251;Card;TXN105049
11/9/2023;Operations;Utilities;East;97496;31376;Card;TXN105166
2/9/2022;Operations;Travel;East;127527;99558;Card;TXN105245
12/9/2021;Operations;Marketing;East;12410;100565;Card;TXN105453
18/12/2022;Operations;Salaries;East;32423;133933;Card;TXN105774
29/5/2022;Operations;Training;East;142157;83956;Card;TXN105863
23/3/2021;Operations;Travel;East;70624;140395;Card;TXN106117
28/8/2021;Operations;Travel;East;148142;168214;Card;TXN106743
13/9/2022;Operations;Utilities;East;92186;166464;Card;TXN106768
9/8/2021;Operations;Marketing;East;28030;70785;Card;TXN106827
11/6/2021;Operations;Travel;East;47820;58828;Card;TXN106834
2/8/2023;Operations;Training;East;60971;24698;Card;TXN106882
14/11/2022;Operations;Travel;East;57596;62148;Card;TXN106883
22/9/2023;Operations;Utilities;East;85813;63351;Card;TXN106991
29/1/2022;Operations;Utilities;East;65830;105969;Card;TXN107157
24/3/2021;Operations;Marketing;East;88509;25396;Card;TXN107419
12/7/2023;Operations;Marketing;East;137938;67717;Card;TXN107440
27/5/2021;Operations;Salaries;East;46236;97483;Card;TXN107467
25/12/2023;Operations;Infrastructure;East;135489;149650;Card;TXN107760
14/12/2022;Operations;Marketing;East;49489;153841;Card;TXN107762
3/7/2021;Operations;Marketing;East;11737;122084;Card;TXN107870
26/4/2022;Operations;Utilities;East;135857;91985;Card;TXN108261
17/6/2023;Operations;Travel;East;28941;18727;Card;TXN108278
21/8/2021;Operations;Salaries;East;28323;68421;Card;TXN108306
31/5/2021;Operations;Marketing;East;130424;85122;Card;TXN108413
17/8/2023;Operations;Travel;East;145362;54951;Card;TXN108518
7/12/2021;Operations;Utilities;East;138852;30624;Card;TXN108671
22/10/2022;Operations;Training;East;113141;37452;Card;TXN109145
26/1/2021;Operations;Training;East;100262;75745;Card;TXN109215
1/3/2021;Operations;Salaries;East;51280;67924;Card;TXN109258
24/2/2023;Operations;Utilities;East;144606;102661;Card;TXN109560
1/2/2022;Operations;Infrastructure;East;133303;28637;Card;TXN109793
12/9/2023;Operations;Training;East;122716;138305;Card;TXN109844
27/5/2023;Sales;Training;East;142910;97511;Card;TXN100529
21/4/2021;Sales;Infrastructure;East;20892;123643;Card;TXN100692
30/11/2023;Sales;Infrastructure;East;84426;143537;Card;TXN100713
8/9/2022;Sales;Training;East;140747;152768;Card;TXN100780
4/10/2023;Sales;Utilities;East;76598;155537;Card;TXN100789
25/8/2021;Sales;Travel;East;108340;114318;Card;TXN100985
11/8/2022;Sales;Salaries;East;35006;148105;Card;TXN101002
2/10/2021;Sales;Salaries;East;20971;77919;Card;TXN101057
28/3/2023;Sales;Salaries;East;96850;126357;Card;TXN101059
26/12/2021;Sales;Salaries;East;135636;159774;Card;TXN101238
13/1/2022;Sales;Marketing;East;83969;94914;Card;TXN101644
19/10/2022;Sales;Infrastructure;East;106629;33435;Card;TXN101727
14/5/2022;Sales;Training;East;29733;10984;Card;TXN101924
1/2/2022;Sales;Training;East;105781;168096;Card;TXN102472
20/11/2023;Sales;Salaries;East;83080;33413;Card;TXN102530
22/7/2023;Sales;Salaries;East;110957;67525;Card;TXN102541
27/10/2021;Sales;Training;East;19650;97015;Card;TXN102600
7/9/2023;Sales;Marketing;East;15642;91184;Card;TXN102988
26/4/2022;Sales;Travel;East;13875;91028;Card;TXN103222
21/10/2023;Sales;Travel;East;98987;30830;Card;TXN103276
4/12/2021;Sales;Training;East;27816;29028;Card;TXN103288
15/5/2023;Sales;Utilities;East;21305;147035;Card;TXN103307
30/4/2022;Sales;Salaries;East;123508;10809;Card;TXN103392
5/11/2022;Sales;Training;East;21292;48871;Card;TXN103410
9/11/2022;Sales;Infrastructure;East;98867;58368;Card;TXN103562
19/2/2023;Sales;Training;East;105385;102635;Card;TXN103646
11/9/2023;Sales;Training;East;143002;61483;Card;TXN103985
23/3/2022;Sales;Training;East;70207;11750;Card;TXN104143
2/2/2023;Sales;Marketing;East;92155;44066;Card;TXN104157
5/9/2023;Sales;Salaries;East;41034;164679;Card;TXN104194
25/10/2021;Sales;Training;East;18431;93826;Card;TXN104209
14/8/2022;Sales;Marketing;East;83134;131440;Card;TXN104215
17/3/2021;Sales;Utilities;East;85794;56515;Card;TXN104235
16/8/2021;Sales;Marketing;East;26761;78899;Card;TXN104242
8/10/2021;Sales;Travel;East;12500;46506;Card;TXN104251
23/2/2023;Sales;Travel;East;106296;163629;Card;TXN104256
5/7/2023;Sales;Infrastructure;East;149583;34905;Card;TXN104278
2/11/2021;Sales;Infrastructure;East;131024;152337;Card;TXN104308
29/3/2023;Sales;Marketing;East;135189;89363;Card;TXN104318
7/10/2021;Sales;Training;East;81337;54959;Card;TXN104362
10/5/2022;Sales;Infrastructure;East;122168;92403;Card;TXN104393
5/8/2022;Sales;Travel;East;125129;68079;Card;TXN104566
26/1/2023;Sales;Travel;East;57993;122909;Card;TXN104786
30/3/2021;Sales;Training;East;110835;52939;Card;TXN104827
21/11/2022;Sales;Salaries;East;37947;116607;Card;TXN104899
14/12/2023;Sales;Infrastructure;East;73580;60091;Card;TXN105059
26/11/2022;Sales;Training;East;91478;101306;Card;TXN105174
14/3/2021;Sales;Training;East;82111;131286;Card;TXN105183
16/8/2023;Sales;Travel;East;90117;132343;Card;TXN105305
4/10/2022;Sales;Training;East;137568;86505;Card;TXN105317
18/7/2023;Sales;Marketing;East;110157;71711;Card;TXN105388
29/7/2021;Sales;Utilities;East;132879;72450;Card;TXN105409
30/11/2023;Sales;Marketing;East;148578;157450;Card;TXN105450
7/8/2021;Sales;Utilities;East;63737;47209;Card;TXN105464
11/4/2021;Sales;Marketing;East;63546;148544;Card;TXN105517
24/1/2023;Sales;Salaries;East;119602;101082;Card;TXN105568
25/11/2021;Sales;Travel;East;133315;75083;Card;TXN105661
20/6/2021;Sales;Salaries;East;58378;32503;Card;TXN105800
13/8/2021;Sales;Travel;East;87132;66327;Card;TXN105859
1/7/2023;Sales;Travel;East;74021;111136;Card;TXN106033
30/6/2021;Sales;Utilities;East;111781;76766;Card;TXN106071
11/5/2022;Sales;Travel;East;14226;168745;Card;TXN106299
11/10/2023;Sales;Training;East;110258;24964;Card;TXN106300
11/4/2023;Sales;Infrastructure;East;142412;91237;Card;TXN106408
14/3/2023;Sales;Salaries;East;104499;82774;Card;TXN106453
9/3/2022;Sales;Utilities;East;19227;17903;Card;TXN106499
30/10/2022;Sales;Infrastructure;East;19192;114023;Card;TXN106579
29/7/2021;Sales;Marketing;East;14892;12806;Card;TXN106627
22/8/2021;Sales;Utilities;East;98340;94623;Card;TXN106631
7/2/2021;Sales;Training;East;68269;137659;Card;TXN106684
16/10/2023;Sales;Infrastructure;East;60851;68855;Card;TXN106738
19/9/2022;Sales;Infrastructure;East;140092;17282;Card;TXN106990
24/3/2022;Sales;Salaries;East;14980;148450;Card;TXN107001
20/12/2021;Sales;Marketing;East;10207;151461;Card;TXN107204
13/8/2023;Sales;Salaries;East;25928;21135;Card;TXN107380
5/1/2023;Sales;Travel;East;99219;105828;Card;TXN107392
6/6/2023;Sales;Infrastructure;East;16782;25751;Card;TXN107426
30/10/2022;Sales;Training;East;70853;150847;Card;TXN107525
4/7/2022;Sales;Utilities;East;41488;85051;Card;TXN107626
4/8/2021;Sales;Infrastructure;East;134411;64875;Card;TXN107846
21/4/2023;Sales;Utilities;East;61538;16357;Card;TXN107961
16/12/2021;Sales;Salaries;East;105339;147298;Card;TXN107997
31/10/2023;Sales;Infrastructure;East;38975;122407;Card;TXN108027
23/12/2022;Sales;Utilities;East;55100;111900;Card;TXN108082
17/9/2021;Sales;Infrastructure;East;65935;27782;Card;TXN108109
19/1/2021;Sales;Training;East;28569;101217;Card;TXN108176
11/1/2023;Sales;Training;East;63737;80948;Card;TXN108297
16/11/2021;Sales;Training;East;127410;53330;Card;TXN108298
29/12/2022;Sales;Infrastructure;East;63054;135328;Card;TXN108345
31/1/2022;Sales;Infrastructure;East;44136;99064;Card;TXN108388
29/1/2021;Sales;Salaries;East;141990;167152;Card;TXN108409
19/4/2023;Sales;Utilities;East;146057;106357;Card;TXN108434
22/11/2023;Sales;Marketing;East;136934;163899;Card;TXN108539
1/1/2021;Sales;Infrastructure;East;61218;140876;Card;TXN108541
17/7/2022;Sales;Utilities;East;73927;103013;Card;TXN108669
15/12/2022;Sales;Training;East;123204;113419;Card;TXN108766
22/7/2023;Sales;Infrastructure;East;122123;48450;Card;TXN108817
13/7/2022;Sales;Travel;East;81565;131634;Card;TXN108844
8/7/2022;Sales;Salaries;East;53485;54512;Card;TXN109066
16/12/2022;Sales;Marketing;East;43461;134072;Card;TXN109435
7/10/2022;Sales;Travel;East;39100;49032;Card;TXN109519
29/10/2022;Sales;Travel;East;34759;40767;Card;TXN109832
27/5/2023;Operations;Training;South;12128;18921;Bank Transfer;TXN100701
11/1/2022;Operations;Training;South;138171;25743;Cash;TXN100762
21/7/2021;Operations;Training;South;49454;122094;Bank Transfer;TXN100865
8/2/2023;Operations;Training;South;86768;23479;Bank Transfer;TXN100914
18/9/2021;Operations;Training;South;136562;36389;Card;TXN100968
25/9/2021;Operations;Training;South;134668;69105;Cash;TXN101009
27/9/2022;Operations;Training;South;95849;44426;UPI;TXN101377
2/8/2023;Operations;Training;South;96034;72849;UPI;TXN101592
30/12/2021;Operations;Training;South;78402;19992;UPI;TXN101595
8/11/2021;Operations;Training;South;140094;161156;Bank Transfer;TXN101630
6/6/2023;Operations;Training;South;138219;41038;Bank Transfer;TXN101638
7/8/2022;Operations;Training;South;53210;17294;Cash;TXN101646
14/1/2023;Operations;Training;South;145239;58064;Cash;TXN101688
14/8/2023;Operations;Training;South;81736;100904;UPI;TXN101698
2/11/2023;Operations;Training;South;85450;24983;Card;TXN101726
29/10/2021;Operations;Training;South;109294;85737;Card;TXN102019
17/11/2022;Operations;Training;South;74889;70693;UPI;TXN102127
2/8/2021;Operations;Training;South;52932;126463;Card;TXN102210
2/8/2022;Operations;Training;South;95275;93425;Bank Transfer;TXN102432
11/5/2023;Operations;Training;South;130148;68926;Card;TXN102996
19/3/2022;Operations;Training;South;46346;33544;Cash;TXN103085
28/12/2023;Operations;Training;South;88905;89794;Cash;TXN103246
24/9/2022;Operations;Training;South;34242;86271;Card;TXN103456
2/12/2021;Operations;Training;South;66235;34539;Card;TXN103458
9/2/2021;Operations;Training;South;113513;100573;UPI;TXN103784
13/2/2021;Operations;Training;South;100256;130986;UPI;TXN104089
18/6/2022;Operations;Training;South;21294;165740;UPI;TXN104266
4/6/2022;Operations;Training;South;108417;37398;Bank Transfer;TXN104621
23/10/2022;Operations;Training;South;135981;39943;UPI;TXN105248
29/9/2022;Operations;Training;South;95692;19110;UPI;TXN105323
6/2/2021;Operations;Training;South;111262;44032;UPI;TXN105581
15/4/2023;Operations;Training;South;107987;110744;Cash;TXN105804
22/6/2021;Operations;Training;South;60657;72176;Bank Transfer;TXN105818
11/6/2021;Operations;Training;South;119410;148127;Bank Transfer;TXN105826
16/12/2021;Operations;Training;South;106225;83490;UPI;TXN105864
2/2/2023;Operations;Training;South;120491;148390;Cash;TXN106016
30/5/2022;Operations;Training;South;35786;118927;UPI;TXN106157
10/5/2021;Operations;Training;South;71663;30417;Card;TXN106169
22/12/2021;Operations;Training;South;100907;108041;Cash;TXN106324
18/6/2021;Operations;Training;South;117345;107591;UPI;TXN106410
2/8/2021;Operations;Training;South;106422;29983;Cash;TXN106551
14/12/2022;Operations;Training;South;42771;80682;UPI;TXN106650
13/8/2021;Operations;Training;South;88292;15914;Cash;TXN106651
19/5/2021;Operations;Training;South;54459;168682;UPI;TXN106942
3/12/2023;Operations;Training;South;92755;35033;UPI;TXN107061
14/9/2023;Operations;Training;South;113232;165206;Card;TXN107171
15/8/2022;Operations;Training;South;84777;159171;UPI;TXN107209
28/1/2022;Operations;Training;South;131927;67925;Card;TXN107534
27/3/2021;Operations;Training;South;17120;132147;Card;TXN107555
16/1/2023;Operations;Training;South;42864;83047;Card;TXN107736
18/7/2023;Operations;Training;South;26620;162638;Cash;TXN107944
22/12/2023;Operations;Training;South;145182;159945;Bank Transfer;TXN107956
12/1/2021;Operations;Training;South;40366;28057;Bank Transfer;TXN107959
22/1/2022;Operations;Training;South;63117;118825;Bank Transfer;TXN107968
18/9/2022;Operations;Training;South;103553;133665;UPI;TXN108330
18/5/2022;Operations;Training;South;22974;79817;Cash;TXN108496
18/7/2023;Operations;Training;South;89613;72991;Cash;TXN108554
7/4/2021;Operations;Training;South;127572;52699;Card;TXN108564
28/6/2023;Operations;Training;South;28406;84787;Card;TXN108740
28/10/2023;Operations;Training;South;127391;131053;Cash;TXN109079
4/9/2023;Operations;Training;South;117738;76594;UPI;TXN109244
2/5/2022;Operations;Training;South;67704;163370;UPI;TXN109330
6/2/2022;Operations;Training;South;109565;9140;Card;TXN109736
28/12/2021;Operations;Training;South;90279;47310;Cash;TXN109821
11/5/2021;Operations;Training;South;103170;103440;UPI;TXN109943
6/2/2022;Finance;Training;South;34685;11985;Cash;TXN100052
19/2/2023;Finance;Training;South;95847;85319;UPI;TXN100089
26/11/2023;Finance;Training;South;65770;96074;Bank Transfer;TXN100121
4/5/2022;Finance;Training;South;37217;107377;Card;TXN100173
9/3/2023;HR;Training;South;94377;151877;Bank Transfer;TXN100230
30/8/2023;Marketing;Training;South;66925;86117;Cash;TXN100285
27/4/2021;HR;Training;South;19413;111099;Card;TXN100324
6/10/2023;Sales;Training;South;93323;46451;Card;TXN100344
17/3/2021;IT;Training;South;113666;93487;UPI;TXN100421
19/4/2021;Finance;Training;South;110848;166634;Cash;TXN100436
6/1/2023;IT;Training;South;19766;144374;Cash;TXN100497
30/10/2022;Finance;Training;South;131925;49892;Cash;TXN100502
14/12/2023;Finance;Training;South;57271;163348;Card;TXN100573
11/3/2022;Sales;Training;South;121837;82639;Card;TXN100593
26/9/2022;Marketing;Training;South;101837;22707;Cash;TXN100627
8/6/2022;HR;Training;South;99485;63353;Bank Transfer;TXN100636
5/3/2023;IT;Training;South;41834;19691;Bank Transfer;TXN100640
10/6/2022;IT;Training;South;28018;108905;Cash;TXN100660
23/5/2021;Sales;Training;South;24469;59329;Card;TXN100785
21/5/2021;Marketing;Training;South;97524;36797;Cash;TXN100838
29/7/2022;Marketing;Training;South;83298;32996;Card;TXN100869
24/10/2022;Marketing;Training;South;84759;74534;Cash;TXN100889
31/5/2021;Sales;Training;South;117362;161679;UPI;TXN100955
25/7/2023;Marketing;Training;South;136023;158651;Bank Transfer;TXN101099
2/7/2021;Finance;Training;South;140555;107114;Bank Transfer;TXN101101
18/1/2023;Sales;Training;South;120127;141023;UPI;TXN101125
10/11/2023;IT;Training;South;140393;39247;UPI;TXN101169
17/12/2022;Sales;Training;South;119885;106552;Bank Transfer;TXN101272
12/8/2022;Sales;Training;South;85923;67546;UPI;TXN101364
13/7/2021;Finance;Training;South;45316;39966;Card;TXN101367
19/12/2023;Marketing;Training;South;81097;141207;Card;TXN101415
5/3/2023;IT;Training;South;122695;57352;Bank Transfer;TXN101449
27/9/2021;IT;Training;South;104479;106427;Cash;TXN101479
25/11/2023;Sales;Training;South;34082;53649;Cash;TXN101503
22/10/2023;Marketing;Training;South;15033;27387;Card;TXN101543
13/5/2022;Sales;Training;South;50677;82585;UPI;TXN101594
15/10/2021;IT;Training;South;70644;87628;UPI;TXN101684
30/12/2021;Marketing;Training;South;102345;89475;Card;TXN101734
29/5/2021;Finance;Training;South;103411;131873;Cash;TXN101737
24/4/2021;Marketing;Training;South;102798;150988;Bank Transfer;TXN101748
23/12/2023;Marketing;Training;South;15062;33862;UPI;TXN101838
22/2/2023;IT;Training;South;58949;75314;Bank Transfer;TXN101959
10/11/2023;Marketing;Training;South;116873;133084;Cash;TXN102055
3/3/2023;IT;Training;South;10540;42688;UPI;TXN102124
3/5/2023;IT;Training;South;60570;58450;Card;TXN102188
13/6/2021;Marketing;Training;South;72985;137238;Bank Transfer;TXN102240
21/1/2022;HR;Training;South;148911;113391;Bank Transfer;TXN102249
3/11/2021;IT;Training;South;10571;51419;Cash;TXN102303
12/5/2023;HR;Training;South;15126;38666;Card;TXN102312
5/4/2022;Finance;Training;South;93253;113388;Cash;TXN102338
5/8/2023;Marketing;Training;South;137776;156719;Bank Transfer;TXN102363
11/10/2021;Marketing;Training;South;106401;45214;Cash;TXN102365
10/4/2022;HR;Training;South;144738;67837;Bank Transfer;TXN102378
4/11/2022;Sales;Training;South;90168;94611;Cash;TXN102382
27/4/2022;IT;Training;South;96047;157522;UPI;TXN102407
10/2/2022;Finance;Training;South;100105;142176;Card;TXN102422
12/5/2021;Sales;Training;South;20934;117551;UPI;TXN102427
17/3/2021;Finance;Training;South;57787;100524;Card;TXN102431
19/2/2023;Finance;Training;South;45225;28177;Bank Transfer;TXN102439
19/1/2023;IT;Training;South;122172;43183;Card;TXN102449
30/3/2023;HR;Training;South;127004;133839;Cash;TXN102469
3/9/2022;IT;Training;South;70420;73602;Bank Transfer;TXN102527
3/11/2022;Finance;Training;South;44341;120047;Bank Transfer;TXN102538
5/5/2021;HR;Training;South;111911;109679;UPI;TXN102565
1/11/2021;IT;Training;South;59179;48877;Cash;TXN102588
11/3/2022;Finance;Training;South;95002;76692;UPI;TXN102609
26/6/2022;Finance;Training;South;116083;51750;UPI;TXN102682
3/11/2023;HR;Training;South;129863;76492;Bank Transfer;TXN102798
9/6/2021;Sales;Training;South;131727;13572;Card;TXN102864
16/2/2022;Marketing;Training;South;12961;124076;Cash;TXN102878
28/12/2021;HR;Training;South;124676;98847;UPI;TXN102889
18/7/2022;IT;Training;South;55272;136600;Cash;TXN102901
8/5/2022;HR;Training;South;54940;114103;Bank Transfer;TXN102926
21/9/2023;Sales;Training;South;16089;84520;Card;TXN103043
19/1/2022;HR;Training;South;106081;137848;Card;TXN103063
24/5/2022;Finance;Training;South;58175;147563;Cash;TXN103108
13/3/2023;Finance;Training;South;141713;144337;Card;TXN103219
28/3/2023;Marketing;Training;South;27202;52417;Cash;TXN103248
10/9/2022;Marketing;Training;South;44657;51271;Cash;TXN103251
24/2/2022;HR;Training;South;147152;102266;Bank Transfer;TXN103318
14/5/2022;Finance;Training;South;146082;106606;UPI;TXN103460
10/6/2021;Finance;Training;South;32659;78672;Cash;TXN103577
14/3/2023;HR;Training;South;44125;107572;Cash;TXN103618
1/8/2023;HR;Training;South;61973;25898;Bank Transfer;TXN103668
18/1/2022;Sales;Training;South;24835;137285;UPI;TXN103755
13/12/2022;Sales;Training;South;112518;109488;Bank Transfer;TXN103821
14/10/2021;Sales;Training;South;113013;54016;UPI;TXN103832
15/5/2022;Finance;Training;South;21166;19251;Bank Transfer;TXN103842
21/7/2023;IT;Training;South;116371;70939;Bank Transfer;TXN103845
9/9/2021;IT;Training;South;117006;153188;Cash;TXN103928
5/4/2022;Sales;Training;South;57305;119182;Bank Transfer;TXN103935
29/4/2023;IT;Training;South;116856;18539;Bank Transfer;TXN104048
11/5/2022;HR;Training;South;127507;149917;Bank Transfer;TXN104049
1/6/2023;Marketing;Training;South;40971;24931;Bank Transfer;TXN104123
8/9/2021;Marketing;Training;South;79522;84151;Bank Transfer;TXN104163
4/12/2022;Marketing;Training;South;64389;70341;Card;TXN104217
8/10/2023;Finance;Training;South;103917;73657;Cash;TXN104270
12/8/2022;HR;Training;South;98898;55774;Bank Transfer;TXN104282
12/11/2021;Marketing;Training;South;123713;11331;Card;TXN104297
16/3/2022;Sales;Training;South;22300;32223;UPI;TXN104374
24/2/2023;Sales;Training;South;117582;58819;Bank Transfer;TXN104405
11/5/2021;HR;Training;South;74690;48123;Bank Transfer;TXN104433
27/5/2023;HR;Training;South;15097;19632;Cash;TXN104446
24/12/2021;Finance;Training;South;113810;87975;UPI;TXN104511
1/9/2021;Finance;Training;South;139612;18681;Cash;TXN104515
22/9/2021;Finance;Training;South;78847;132198;Cash;TXN104601
5/3/2022;Finance;Training;South;120914;156544;Cash;TXN104666
21/8/2021;Sales;Training;South;118460;20467;Cash;TXN104684
26/7/2023;IT;Training;South;56403;104116;Card;TXN104745
9/8/2021;Sales;Training;South;16385;30388;Bank Transfer;TXN104766
31/5/2022;IT;Training;South;31008;25158;Cash;TXN104793
29/12/2023;Marketing;Training;South;25631;59005;Card;TXN104799
9/6/2022;Marketing;Training;South;59639;129679;UPI;TXN104804
18/1/2023;HR;Training;South;28663;15954;Card;TXN104830
12/4/2022;Marketing;Training;South;99217;121806;Bank Transfer;TXN104856
10/10/2021;Marketing;Training;South;137107;35710;Card;TXN104893
9/4/2022;HR;Training;South;20007;118150;Card;TXN104895
4/9/2023;Finance;Training;South;125485;165047;UPI;TXN105001
13/8/2022;HR;Training;South;32298;135804;UPI;TXN105072
14/8/2021;Finance;Training;South;71719;12439;Card;TXN105127
28/10/2021;HR;Training;South;34107;122313;UPI;TXN105234
17/4/2022;Marketing;Training;South;104529;119711;UPI;TXN105293
30/4/2023;Marketing;Training;South;117443;159922;UPI;TXN105314
27/3/2021;Marketing;Training;South;148150;24082;Bank Transfer;TXN105352
23/4/2023;HR;Training;South;87745;48619;Bank Transfer;TXN105374
1/6/2023;Marketing;Training;South;108655;48807;Cash;TXN105392
9/6/2022;HR;Training;South;135527;131923;Bank Transfer;TXN105406
26/2/2022;Marketing;Training;South;89112;32761;Cash;TXN105496
5/3/2022;Sales;Training;South;68467;142321;Bank Transfer;TXN105526
8/7/2023;IT;Training;South;111706;164338;Bank Transfer;TXN105541
17/6/2023;Finance;Training;South;73897;46933;Card;TXN105548
4/3/2022;Marketing;Training;South;109771;70943;UPI;TXN105594
26/5/2022;Sales;Training;South;74569;32975;Card;TXN105714
8/4/2022;Marketing;Training;South;113568;96123;Card;TXN105747
29/12/2022;Marketing;Training;South;26773;151069;Card;TXN105808
7/5/2022;Finance;Training;South;74456;51380;UPI;TXN105916
8/7/2021;Sales;Training;South;72268;44941;UPI;TXN105923
3/5/2021;Finance;Training;South;15472;55262;Bank Transfer;TXN105941
21/9/2022;Sales;Training;South;33289;69961;UPI;TXN105957
19/7/2021;Finance;Training;South;55154;168553;UPI;TXN105961
5/9/2021;Finance;Training;South;137058;51224;Cash;TXN105965
3/7/2022;Finance;Training;South;131211;59706;Bank Transfer;TXN105973
18/11/2023;Marketing;Training;South;104658;159900;Card;TXN106057
22/11/2023;Marketing;Training;South;77326;109901;Cash;TXN106144
9/11/2021;IT;Training;South;112863;127925;Cash;TXN106182
20/10/2022;Finance;Training;South;72214;79971;Bank Transfer;TXN106192
16/1/2022;IT;Training;South;33497;100124;Card;TXN106201
9/3/2023;HR;Training;South;89671;17686;Cash;TXN106238
17/6/2023;HR;Training;South;120423;16962;UPI;TXN106265
14/4/2023;Marketing;Training;South;83516;63932;UPI;TXN106309
13/4/2023;HR;Training;South;111320;144646;UPI;TXN106317
11/10/2022;Sales;Training;South;83915;166484;UPI;TXN106399
21/11/2022;Marketing;Training;South;16282;35006;Cash;TXN106402
5/9/2023;Finance;Training;South;42088;133174;UPI;TXN106411
16/11/2021;Finance;Training;South;127120;50028;UPI;TXN106492
26/9/2023;HR;Training;South;78580;51640;UPI;TXN106500
28/9/2021;Finance;Training;South;137393;15788;Card;TXN106512
29/4/2023;Sales;Training;South;115152;155772;Bank Transfer;TXN106548
11/2/2022;HR;Training;South;14437;45482;Cash;TXN106558
14/11/2023;Finance;Training;South;71138;114213;Bank Transfer;TXN106574
24/1/2023;Sales;Training;South;140202;23966;UPI;TXN106607
17/2/2023;Sales;Training;South;51063;14255;Cash;TXN106697
9/5/2023;IT;Training;South;90532;40606;Bank Transfer;TXN106764
11/1/2022;IT;Training;South;65472;58250;Cash;TXN106793
2/7/2023;Finance;Training;South;94195;76224;Bank Transfer;TXN106799
30/6/2021;Marketing;Training;South;43526;27399;Card;TXN106874
22/8/2021;Sales;Training;South;54265;33829;Bank Transfer;TXN106896
15/10/2022;Sales;Training;South;116435;16144;Card;TXN106908
11/6/2022;HR;Training;South;44992;129416;UPI;TXN106914
4/8/2021;Finance;Training;South;143162;46252;Card;TXN107009
17/7/2021;Sales;Training;South;42068;146431;Cash;TXN107047
25/3/2021;HR;Training;South;127412;117555;UPI;TXN107059
24/12/2022;Sales;Training;South;53675;36709;Card;TXN107125
9/7/2023;IT;Training;South;124509;121047;Bank Transfer;TXN107149
2/3/2022;Sales;Training;South;22727;110669;Card;TXN107191
13/11/2021;Marketing;Training;South;34427;132452;Cash;TXN107206
25/12/2023;Marketing;Training;South;139513;147935;Bank Transfer;TXN107207
15/6/2022;Finance;Training;South;140467;160310;UPI;TXN107269
10/3/2023;Finance;Training;South;105564;29144;Card;TXN107280
6/4/2023;Marketing;Training;South;12751;52102;Cash;TXN107347
2/7/2023;Sales;Training;South;51729;151480;UPI;TXN107359
14/4/2022;Finance;Training;South;121366;23218;Bank Transfer;TXN107436
22/9/2022;IT;Training;South;49241;23806;Cash;TXN107469
14/8/2022;Marketing;Training;South;10622;25506;Card;TXN107578
23/3/2021;Sales;Training;South;29330;130357;UPI;TXN107602
4/12/2023;Marketing;Training;South;130784;91092;Bank Transfer;TXN107606
18/9/2023;HR;Training;South;139129;94424;Bank Transfer;TXN107611
27/6/2022;Marketing;Training;South;113731;113848;Card;TXN107658
25/12/2023;HR;Training;South;41363;121243;Cash;TXN107675
24/7/2021;Marketing;Training;South;84600;125906;Card;TXN107692
9/5/2023;Finance;Training;South;100743;126428;Cash;TXN107696
25/2/2021;HR;Training;South;84918;152625;UPI;TXN107727
12/1/2021;IT;Training;South;126570;42296;Cash;TXN107769
1/2/2021;HR;Training;South;137634;72095;Bank Transfer;TXN107771
1/7/2023;Sales;Training;South;28089;127324;Card;TXN107806
14/1/2022;Marketing;Training;South;52132;137899;UPI;TXN107807
29/4/2023;Finance;Training;South;136421;91125;Cash;TXN107836
19/10/2022;HR;Training;South;42054;63777;Bank Transfer;TXN107847
22/1/2022;Finance;Training;South;24976;85993;UPI;TXN107890
21/11/2023;Marketing;Training;South;11434;133099;UPI;TXN107914
25/10/2022;HR;Training;South;82150;98662;UPI;TXN107934
16/4/2021;Marketing;Training;South;73628;121262;UPI;TXN107963
4/1/2021;Sales;Training;South;63258;61245;Cash;TXN108012
7/9/2023;Marketing;Training;South;113661;151790;Cash;TXN108025
2/4/2023;Finance;Training;South;83402;91566;Card;TXN108171
11/12/2022;Finance;Training;South;21480;33289;Cash;TXN108244
15/11/2022;Marketing;Training;South;135417;130116;UPI;TXN108247
9/1/2023;IT;Training;South;23787;126698;UPI;TXN108257
7/5/2022;IT;Training;South;118722;77737;Cash;TXN108499
8/6/2023;Finance;Training;South;62095;104672;Bank Transfer;TXN108613
17/2/2022;Sales;Training;South;114883;28525;Bank Transfer;TXN108701
20/12/2022;HR;Training;South;29023;155923;Card;TXN108723
27/3/2023;IT;Training;South;80254;48806;Card;TXN108750
27/3/2023;HR;Training;South;61113;133008;Card;TXN108835
16/10/2023;IT;Training;South;16944;124609;Cash;TXN108909
25/6/2022;Sales;Training;South;143669;36531;Bank Transfer;TXN109000
24/1/2021;Sales;Training;South;128957;128219;Cash;TXN109005
26/2/2021;Finance;Training;South;87539;141735;Cash;TXN109044
29/5/2021;Marketing;Training;South;23785;129909;UPI;TXN109113
27/11/2022;Finance;Training;South;116688;19782;Card;TXN109142
22/8/2022;Sales;Training;South;137242;59826;Cash;TXN109147
30/6/2023;HR;Training;South;50902;13896;Cash;TXN109226
4/7/2023;Marketing;Training;South;106003;92248;UPI;TXN109262
31/12/2023;Sales;Training;South;63025;82277;Bank Transfer;TXN109285
2/9/2021;HR;Training;South;57919;151148;Card;TXN109401
6/12/2023;Sales;Training;South;91836;36606;Bank Transfer;TXN109423
30/11/2021;Finance;Training;South;101321;161963;Bank Transfer;TXN109440
15/7/2021;IT;Training;South;74086;100161;UPI;TXN109453
17/12/2021;Finance;Training;South;102504;26245;Bank Transfer;TXN109509
9/12/2021;HR;Training;South;27048;142634;UPI;TXN109515
22/9/2021;Marketing;Training;South;137635;70027;Cash;TXN109612
22/3/2021;IT;Training;South;37932;22661;Cash;TXN109625
27/1/2023;Sales;Training;South;104187;18152;Cash;TXN109626
2/10/2023;Finance;Training;South;59914;54108;UPI;TXN109655
15/9/2022;Finance;Training;South;77541;141342;Bank Transfer;TXN109668
13/5/2021;HR;Training;South;39930;85322;Cash;TXN109704
16/5/2022;Marketing;Training;South;110210;169645;UPI;TXN109786
21/7/2023;Sales;Training;South;30649;161696;UPI;TXN109812
13/2/2022;Marketing;Training;South;141497;65616;Cash;TXN109820
10/7/2023;IT;Training;South;142572;151821;Card;TXN109912
20/12/2023;Sales;Training;South;99233;122116;Card;TXN109969
16/4/2021;HR;Training;South;89634;8032;UPI;TXN109975
18/4/2022;Operations;Infrastructure;South;19583;157338;UPI;TXN100179
12/10/2023;IT;Infrastructure;South;46636;32039;UPI;TXN100192
27/1/2021;Operations;Infrastructure;South;41793;69790;UPI;TXN100228
6/10/2023;Sales;Infrastructure;South;148227;35948;UPI;TXN100404
20/2/2021;Sales;Infrastructure;South;99146;32029;UPI;TXN100558
17/2/2021;Sales;Infrastructure;South;18828;143404;UPI;TXN100649
17/3/2023;Finance;Infrastructure;South;78797;45674;UPI;TXN100812
28/3/2021;Marketing;Infrastructure;South;14610;62069;UPI;TXN100928
1/12/2022;Operations;Infrastructure;South;66725;60576;UPI;TXN100958
6/2/2021;Operations;Infrastructure;South;148227;148609;UPI;TXN101252
24/4/2023;Marketing;Infrastructure;South;100507;99546;UPI;TXN101481
14/9/2023;Marketing;Infrastructure;South;26978;113737;UPI;TXN101539
26/4/2021;Sales;Infrastructure;South;52146;63255;UPI;TXN101713
10/9/2022;Sales;Infrastructure;South;72718;30757;UPI;TXN101720
13/6/2021;Operations;Infrastructure;South;138058;11856;UPI;TXN101863
28/3/2021;Finance;Infrastructure;South;136833;129223;UPI;TXN101913
31/12/2021;IT;Infrastructure;South;71980;50472;UPI;TXN102590
2/2/2021;Operations;Infrastructure;South;40761;144268;UPI;TXN102851
22/3/2022;Operations;Infrastructure;South;129410;58592;UPI;TXN102936
8/7/2021;Sales;Infrastructure;South;77949;117308;UPI;TXN103042
8/2/2021;Finance;Infrastructure;South;132606;130902;UPI;TXN103271
4/1/2022;Finance;Infrastructure;South;137927;134547;UPI;TXN103272
13/6/2022;HR;Infrastructure;South;69734;94750;UPI;TXN103448
29/10/2023;Finance;Infrastructure;South;139017;57401;UPI;TXN103690
8/5/2023;Marketing;Infrastructure;South;132243;126007;UPI;TXN104105
6/1/2022;Marketing;Infrastructure;South;65499;70842;UPI;TXN104117
30/3/2022;Sales;Infrastructure;South;73279;128655;UPI;TXN104152
2/7/2023;Sales;Infrastructure;South;86123;8636;UPI;TXN104530
17/9/2021;HR;Infrastructure;South;103069;164209;UPI;TXN104548
6/11/2023;Sales;Infrastructure;South;99271;11542;UPI;TXN104628
4/7/2022;HR;Infrastructure;South;57275;27299;UPI;TXN104751
30/6/2022;HR;Infrastructure;South;105832;146717;UPI;TXN104930
21/11/2021;Sales;Infrastructure;South;134309;15223;UPI;TXN104960
2/10/2021;IT;Infrastructure;South;82754;38089;UPI;TXN105654
27/3/2023;Operations;Infrastructure;South;138578;17800;UPI;TXN105729
15/3/2021;Finance;Infrastructure;South;42293;54311;UPI;TXN105764
15/3/2022;HR;Infrastructure;South;21590;148838;UPI;TXN105803
3/7/2021;Operations;Infrastructure;South;39792;135631;UPI;TXN105825
2/4/2023;Operations;Infrastructure;South;65552;37445;UPI;TXN105861
24/10/2023;Operations;Infrastructure;South;109154;82084;UPI;TXN105890
25/1/2022;HR;Infrastructure;South;17212;107118;UPI;TXN106111
31/12/2023;Sales;Infrastructure;South;140771;152905;UPI;TXN106178
24/9/2022;Operations;Infrastructure;South;120538;122769;UPI;TXN106275
6/1/2022;Marketing;Infrastructure;South;32975;14550;UPI;TXN106374
10/8/2021;Operations;Infrastructure;South;87974;64248;UPI;TXN106447
14/11/2023;HR;Infrastructure;South;19747;16989;UPI;TXN106483
14/1/2022;Marketing;Infrastructure;South;47307;144958;UPI;TXN106588
6/8/2021;IT;Infrastructure;South;106066;30903;UPI;TXN106717
26/10/2022;Marketing;Infrastructure;South;47256;108653;UPI;TXN106752
6/12/2023;HR;Infrastructure;South;14529;74141;UPI;TXN106973
7/10/2023;IT;Infrastructure;South;27940;20202;UPI;TXN107036
17/3/2021;IT;Infrastructure;South;111380;8586;UPI;TXN107427
31/12/2022;HR;Infrastructure;South;70157;118932;UPI;TXN107682
30/8/2023;Sales;Infrastructure;South;17624;99207;UPI;TXN107851
16/6/2021;Finance;Infrastructure;South;89370;30864;UPI;TXN107981
17/1/2023;Operations;Infrastructure;South;65561;51654;UPI;TXN108065
9/6/2021;Finance;Infrastructure;South;72034;79752;UPI;TXN108290
6/11/2022;Sales;Infrastructure;South;42035;118996;UPI;TXN108493
27/9/2022;HR;Infrastructure;South;119512;157898;UPI;TXN108642
13/4/2023;Operations;Infrastructure;South;99643;107257;UPI;TXN108659
22/4/2022;Finance;Infrastructure;South;34652;56366;UPI;TXN109018
17/1/2022;Marketing;Infrastructure;South;62266;66354;UPI;TXN109019
12/2/2022;HR;Infrastructure;South;66582;153935;UPI;TXN109036
12/9/2022;Finance;Infrastructure;South;68385;82206;UPI;TXN109115
11/5/2023;Operations;Infrastructure;South;131101;57921;UPI;TXN109514
26/2/2021;Sales;Infrastructure;South;31118;120945;UPI;TXN109590
8/11/2022;Operations;Infrastructure;South;46194;41610;UPI;TXN109646
29/5/2022;Finance;Infrastructure;South;143484;66538;UPI;TXN109675
3/4/2021;Sales;Infrastructure;South;48639;124473;UPI;TXN109741
14/11/2023;Marketing;Infrastructure;South;99220;81467;UPI;TXN109747
8/12/2022;Marketing;Infrastructure;South;18801;44286;UPI;TXN109825
21/10/2021;Operations;Infrastructure;South;136489;111467;Cash;TXN100157
20/9/2023;Finance;Infrastructure;South;38783;28321;Cash;TXN100253
5/5/2022;IT;Infrastructure;South;60141;145673;Cash;TXN100267
3/3/2023;IT;Infrastructure;South;56999;68928;Cash;TXN100365
29/11/2022;HR;Infrastructure;South;130041;21533;Cash;TXN100507
18/7/2023;Marketing;Infrastructure;South;18549;140422;Cash;TXN100515
27/4/2023;HR;Infrastructure;South;20410;49738;Cash;TXN100728
7/1/2021;Marketing;Infrastructure;South;144569;141526;Cash;TXN100952
4/1/2021;Finance;Infrastructure;South;45107;112265;Cash;TXN100987
12/10/2021;Operations;Infrastructure;South;53518;133637;Cash;TXN101271
27/3/2023;Operations;Infrastructure;South;35804;166200;Cash;TXN101583
3/2/2022;Sales;Infrastructure;South;49812;31929;Cash;TXN101604
29/5/2021;Sales;Infrastructure;South;26888;16133;Cash;TXN101824
18/6/2021;Finance;Infrastructure;South;128463;10471;Cash;TXN101942
4/9/2022;IT;Infrastructure;South;18837;124199;Cash;TXN102125
1/4/2023;Operations;Infrastructure;South;11258;134109;Cash;TXN102385
31/1/2023;Finance;Infrastructure;South;106442;153518;Cash;TXN102644
19/9/2021;Finance;Infrastructure;South;33802;57698;Cash;TXN103115
10/6/2023;Sales;Infrastructure;South;140634;67826;Cash;TXN103238
6/5/2023;Sales;Infrastructure;South;48996;27616;Cash;TXN103440
18/6/2023;Finance;Infrastructure;South;23472;41055;Cash;TXN103468
6/1/2023;Finance;Infrastructure;South;14257;32031;Cash;TXN103556
4/6/2023;IT;Infrastructure;South;104191;22264;Cash;TXN103716
22/10/2022;Marketing;Infrastructure;South;28306;57004;Cash;TXN103785
28/1/2023;IT;Infrastructure;South;69123;145742;Cash;TXN103814
3/10/2021;Sales;Infrastructure;South;14857;107087;Cash;TXN103841
16/1/2022;HR;Infrastructure;South;84482;14599;Cash;TXN104090
19/3/2023;HR;Infrastructure;South;70791;130960;Cash;TXN104101
29/9/2023;Finance;Infrastructure;South;91567;116556;Cash;TXN104158
21/12/2022;Marketing;Infrastructure;South;100343;44579;Cash;TXN104231
3/8/2022;IT;Infrastructure;South;12345;48085;Cash;TXN104286
8/7/2022;Operations;Infrastructure;South;139242;65265;Cash;TXN104336
23/7/2022;Marketing;Infrastructure;South;126003;120548;Cash;TXN104356
12/1/2021;IT;Infrastructure;South;116325;59702;Cash;TXN104641
11/4/2021;Operations;Infrastructure;South;123903;79779;Cash;TXN104742
15/11/2023;Finance;Infrastructure;South;13569;130021;Cash;TXN104768
23/8/2022;Marketing;Infrastructure;South;66565;61106;Cash;TXN104789
1/9/2023;Sales;Infrastructure;South;141070;110723;Cash;TXN104942
29/10/2022;Operations;Infrastructure;South;19757;61254;Cash;TXN105138
13/7/2023;Marketing;Infrastructure;South;54568;110733;Cash;TXN105249
30/8/2021;Sales;Infrastructure;South;108644;103847;Cash;TXN105356
1/10/2022;Operations;Infrastructure;South;27577;119961;Cash;TXN105449
1/8/2023;Finance;Infrastructure;South;32425;129171;Cash;TXN105664
21/7/2023;HR;Infrastructure;South;110194;148030;Cash;TXN105712
21/3/2023;Finance;Infrastructure;South;142191;94179;Cash;TXN105741
9/2/2021;Marketing;Infrastructure;South;129436;95895;Cash;TXN105816
19/8/2022;Marketing;Infrastructure;South;40604;80283;Cash;TXN105911
28/8/2022;Finance;Infrastructure;South;104697;88551;Cash;TXN105970
18/8/2023;Marketing;Infrastructure;South;39904;92041;Cash;TXN106025
10/7/2023;IT;Infrastructure;South;85447;138382;Cash;TXN106110
1/12/2021;HR;Infrastructure;South;57672;85053;Cash;TXN106115
12/10/2023;Operations;Infrastructure;South;117656;60960;Cash;TXN106321
9/3/2022;Sales;Infrastructure;South;103142;57375;Cash;TXN106421
11/4/2021;IT;Infrastructure;South;74407;164819;Cash;TXN106542
29/10/2023;HR;Infrastructure;South;90496;24950;Cash;TXN106679
16/8/2021;Operations;Infrastructure;South;143911;108865;Cash;TXN106860
23/7/2021;Marketing;Infrastructure;South;104848;140048;Cash;TXN106870
12/7/2022;Finance;Infrastructure;South;72793;24473;Cash;TXN106982
14/10/2023;Operations;Infrastructure;South;77235;18199;Cash;TXN107156
13/3/2021;Finance;Infrastructure;South;16591;137945;Cash;TXN107480
17/4/2021;IT;Infrastructure;South;97579;41761;Cash;TXN107581
13/1/2021;Sales;Infrastructure;South;124214;168665;Cash;TXN107594
5/5/2022;Sales;Infrastructure;South;14695;79780;Cash;TXN107735
24/8/2022;Operations;Infrastructure;South;13970;141977;Cash;TXN107763
24/8/2022;Sales;Infrastructure;South;130263;152390;Cash;TXN107882
7/7/2023;Finance;Infrastructure;South;13910;126262;Cash;TXN108338
2/3/2023;Marketing;Infrastructure;South;77127;42024;Cash;TXN108502
1/5/2021;Operations;Infrastructure;South;118500;43541;Cash;TXN108727
18/9/2022;HR;Infrastructure;South;88294;129178;Cash;TXN108780
10/6/2022;IT;Infrastructure;South;17447;62077;Cash;TXN109425
18/9/2023;Finance;Infrastructure;South;144095;72531;Cash;TXN109439
15/7/2021;IT;Infrastructure;South;96609;12435;Cash;TXN109592
1/3/2023;Marketing;Infrastructure;South;29163;99836;Cash;TXN109610
7/12/2022;Marketing;Infrastructure;South;74042;12747;Cash;TXN109638
23/4/2022;Sales;Infrastructure;South;30300;35050;Cash;TXN109695
25/7/2021;Finance;Infrastructure;South;29270;128836;Cash;TXN109738
16/9/2021;Marketing;Infrastructure;South;47893;12233;Cash;TXN109854
15/2/2023;Sales;Infrastructure;South;61747;122329;Card;TXN100045
18/7/2022;Operations;Infrastructure;South;106726;141649;Card;TXN100114
30/4/2022;Marketing;Infrastructure;South;138373;100276;Card;TXN100117
3/4/2023;Operations;Infrastructure;South;110185;112353;Card;TXN100708
19/9/2022;Marketing;Infrastructure;South;104244;56877;Card;TXN100823
24/11/2021;IT;Infrastructure;South;100578;138387;Card;TXN101193
7/7/2023;IT;Infrastructure;South;69263;71039;Card;TXN101366
3/7/2022;Finance;Infrastructure;South;40505;50468;Card;TXN101412
5/5/2022;HR;Infrastructure;South;139988;133251;Card;TXN101511
23/2/2023;Finance;Infrastructure;South;123400;87468;Card;TXN101743
8/5/2021;Finance;Infrastructure;South;117127;92997;Card;TXN101800
6/5/2023;Marketing;Infrastructure;South;131299;35297;Card;TXN101904
21/8/2023;Operations;Infrastructure;South;55248;34544;Card;TXN101940
19/10/2023;Sales;Infrastructure;South;80071;50329;Card;TXN101978
12/5/2021;Sales;Infrastructure;South;28919;65335;Card;TXN102041
7/9/2021;Sales;Infrastructure;South;106774;118235;Card;TXN102145
1/8/2023;Sales;Infrastructure;South;60184;33558;Card;TXN102291
7/8/2021;Marketing;Infrastructure;South;100487;10949;Card;TXN102344
25/7/2023;Marketing;Infrastructure;South;13243;71444;Card;TXN102377
29/5/2022;Sales;Infrastructure;South;90544;28329;Card;TXN102392
27/11/2022;Marketing;Infrastructure;South;77344;59435;Card;TXN102676
1/10/2021;HR;Infrastructure;South;81812;153019;Card;TXN102939
2/9/2021;Marketing;Infrastructure;South;95321;35501;Card;TXN102950
4/6/2022;Finance;Infrastructure;South;126839;58763;Card;TXN102954
8/2/2022;HR;Infrastructure;South;93746;145922;Card;TXN102989
22/4/2022;Finance;Infrastructure;South;125066;38516;Card;TXN103112
19/5/2022;Marketing;Infrastructure;South;142270;151650;Card;TXN103293
14/4/2023;Finance;Infrastructure;South;47227;115088;Card;TXN103490
2/2/2023;IT;Infrastructure;South;139875;73152;Card;TXN103728
29/9/2022;HR;Infrastructure;South;97633;132557;Card;TXN103750
26/2/2022;Finance;Infrastructure;South;15189;33608;Card;TXN103820
21/5/2023;Operations;Infrastructure;South;142493;100372;Card;TXN103860
13/3/2021;Sales;Infrastructure;South;30601;152228;Card;TXN103889
18/12/2022;Sales;Infrastructure;South;119120;135277;Card;TXN104019
11/1/2022;HR;Infrastructure;South;124886;159853;Card;TXN104142
19/2/2022;IT;Infrastructure;South;79118;41737;Card;TXN104292
6/7/2021;IT;Infrastructure;South;88772;16536;Card;TXN104294
5/11/2022;Finance;Infrastructure;South;18116;112421;Card;TXN104366
28/9/2021;IT;Infrastructure;South;53235;28470;Card;TXN104578
27/11/2023;IT;Infrastructure;South;60930;63805;Card;TXN104697
4/9/2021;HR;Infrastructure;South;93499;44380;Card;TXN104920
17/9/2022;IT;Infrastructure;South;127080;159911;Card;TXN104950
12/9/2023;Finance;Infrastructure;South;31281;61808;Card;TXN105046
31/8/2022;Operations;Infrastructure;South;111136;109420;Card;TXN105075
12/11/2022;IT;Infrastructure;South;63971;136804;Card;TXN105114
5/11/2022;Sales;Infrastructure;South;10013;145324;Card;TXN105261
26/6/2021;IT;Infrastructure;South;61544;53386;Card;TXN105402
28/8/2023;Marketing;Infrastructure;South;108018;95320;Card;TXN105813
16/9/2021;IT;Infrastructure;South;54628;149386;Card;TXN105819
18/12/2023;Sales;Infrastructure;South;57540;61945;Card;TXN105968
18/8/2022;Finance;Infrastructure;South;66917;131370;Card;TXN106063
23/12/2022;Finance;Infrastructure;South;55221;142886;Card;TXN106291
10/12/2021;Finance;Infrastructure;South;39012;8435;Card;TXN106444
31/1/2022;Marketing;Infrastructure;South;115014;82373;Card;TXN106735
27/1/2022;Sales;Infrastructure;South;88680;109111;Card;TXN106781
31/1/2022;IT;Infrastructure;South;121458;17062;Card;TXN106803
24/4/2023;Sales;Infrastructure;South;21563;100424;Card;TXN106821
1/1/2021;IT;Infrastructure;South;30732;27552;Card;TXN107243
25/10/2023;IT;Infrastructure;South;65689;55099;Card;TXN107326
16/1/2022;Operations;Infrastructure;South;69816;13664;Card;TXN107340
6/12/2022;Marketing;Infrastructure;South;65371;128213;Card;TXN107406
29/6/2023;Operations;Infrastructure;South;139935;91532;Card;TXN107486
5/10/2022;Marketing;Infrastructure;South;57530;74856;Card;TXN107746
13/4/2022;Sales;Infrastructure;South;43049;144670;Card;TXN107983
4/11/2022;Marketing;Infrastructure;South;131859;87891;Card;TXN108158
16/12/2023;Finance;Infrastructure;South;55836;71655;Card;TXN108196
18/12/2022;IT;Infrastructure;South;58896;106316;Card;TXN108301
21/3/2021;IT;Infrastructure;South;58916;124805;Card;TXN108688
23/9/2021;Finance;Infrastructure;South;27311;123783;Card;TXN108698
9/7/2022;Sales;Infrastructure;South;62656;63817;Card;TXN109063
27/8/2022;Sales;Infrastructure;South;32901;94793;Card;TXN109068
19/12/2021;Sales;Infrastructure;South;140546;61126;Card;TXN109235
5/12/2022;IT;Infrastructure;South;129738;119429;Card;TXN109333
23/2/2022;HR;Infrastructure;South;125812;108759;Card;TXN109351
5/5/2021;Marketing;Infrastructure;South;116260;79343;Card;TXN109403
2/2/2023;Marketing;Infrastructure;South;60921;15048;Card;TXN109419
25/5/2023;Sales;Infrastructure;South;47822;111410;Card;TXN109620
8/8/2023;HR;Infrastructure;South;48394;25921;Card;TXN109803
30/6/2021;Sales;Infrastructure;South;61414;22710;Card;TXN109994
14/10/2023;IT;Infrastructure;South;16564;121901;Bank Transfer;TXN100060
17/7/2021;Marketing;Infrastructure;South;102398;119010;Bank Transfer;TXN100160
2/4/2023;Operations;Infrastructure;South;98466;102045;Bank Transfer;TXN100209
10/11/2021;Marketing;Infrastructure;South;40089;151032;Bank Transfer;TXN100293
1/4/2021;IT;Infrastructure;South;58123;91640;Bank Transfer;TXN100463
4/4/2023;Marketing;Infrastructure;South;94070;96024;Bank Transfer;TXN100479
26/3/2022;IT;Infrastructure;South;50577;127467;Bank Transfer;TXN100525
12/8/2021;Finance;Infrastructure;South;24646;58626;Bank Transfer;TXN100535
17/6/2023;Operations;Infrastructure;South;92163;146954;Bank Transfer;TXN100752
30/6/2023;HR;Infrastructure;South;10019;160313;Bank Transfer;TXN100758
1/7/2021;HR;Infrastructure;South;70273;8732;Bank Transfer;TXN100946
10/6/2022;Finance;Infrastructure;South;74757;91269;Bank Transfer;TXN100982
16/3/2023;Finance;Infrastructure;South;141324;149685;Bank Transfer;TXN100992
26/11/2021;HR;Infrastructure;South;74840;44256;Bank Transfer;TXN101062
23/9/2021;HR;Infrastructure;South;126833;49047;Bank Transfer;TXN101129
20/2/2023;Marketing;Infrastructure;South;111104;97538;Bank Transfer;TXN101215
6/4/2023;IT;Infrastructure;South;76991;164381;Bank Transfer;TXN101225
30/11/2021;Sales;Infrastructure;South;91365;168925;Bank Transfer;TXN101455
1/11/2021;Finance;Infrastructure;South;105771;40790;Bank Transfer;TXN101491
7/10/2023;IT;Infrastructure;South;14687;167348;Bank Transfer;TXN101547
15/2/2023;HR;Infrastructure;South;88855;17125;Bank Transfer;TXN101703
3/2/2022;Sales;Infrastructure;South;137260;104075;Bank Transfer;TXN101774
27/4/2022;Sales;Infrastructure;South;103943;45982;Bank Transfer;TXN101794
6/2/2023;HR;Infrastructure;South;127739;47056;Bank Transfer;TXN101947
30/5/2022;IT;Infrastructure;South;41000;162871;Bank Transfer;TXN102014
25/8/2022;Marketing;Infrastructure;South;145333;113481;Bank Transfer;TXN102101
14/6/2021;Sales;Infrastructure;South;141429;47733;Bank Transfer;TXN102157
21/8/2022;HR;Infrastructure;South;107543;93676;Bank Transfer;TXN102173
18/2/2021;Operations;Infrastructure;South;48514;11035;Bank Transfer;TXN102453
16/2/2022;Marketing;Infrastructure;South;74004;49411;Bank Transfer;TXN102497
4/6/2022;Finance;Infrastructure;South;105554;29207;Bank Transfer;TXN102617
5/8/2022;Operations;Infrastructure;South;126774;99535;Bank Transfer;TXN102637
26/5/2022;Sales;Infrastructure;South;54425;26531;Bank Transfer;TXN102654
13/12/2023;HR;Infrastructure;South;22115;41123;Bank Transfer;TXN102725
17/5/2021;Operations;Infrastructure;South;86426;53379;Bank Transfer;TXN102763
18/2/2021;IT;Infrastructure;South;72831;74144;Bank Transfer;TXN102822
24/6/2021;Sales;Infrastructure;South;61857;111533;Bank Transfer;TXN102848
23/11/2021;Operations;Infrastructure;South;143474;36148;Bank Transfer;TXN102987
12/2/2021;Operations;Infrastructure;South;40807;58872;Bank Transfer;TXN103127
8/11/2021;Operations;Infrastructure;South;123246;129354;Bank Transfer;TXN103352
15/6/2021;IT;Infrastructure;South;113612;55350;Bank Transfer;TXN103680
21/3/2023;Operations;Infrastructure;South;139913;71699;Bank Transfer;TXN103722
18/7/2022;Marketing;Infrastructure;South;28950;80729;Bank Transfer;TXN103734
23/10/2023;Operations;Infrastructure;South;77089;160318;Bank Transfer;TXN103856
19/1/2022;Sales;Infrastructure;South;49927;19383;Bank Transfer;TXN103876
3/9/2022;Finance;Infrastructure;South;102179;81654;Bank Transfer;TXN104041
27/8/2021;Marketing;Infrastructure;South;112156;14734;Bank Transfer;TXN104207
2/12/2021;Marketing;Infrastructure;South;63172;44901;Bank Transfer;TXN104343
13/6/2021;Sales;Infrastructure;South;76021;11519;Bank Transfer;TXN104377
21/9/2023;Operations;Infrastructure;South;124862;72752;Bank Transfer;TXN104661
15/3/2022;HR;Infrastructure;South;14283;120276;Bank Transfer;TXN104691
1/1/2022;HR;Infrastructure;South;124301;103369;Bank Transfer;TXN105159
18/3/2022;Sales;Infrastructure;South;134970;11336;Bank Transfer;TXN105224
19/3/2022;Sales;Infrastructure;South;91058;141167;Bank Transfer;TXN105278
23/5/2021;Finance;Infrastructure;South;29343;45463;Bank Transfer;TXN105281
25/6/2023;Marketing;Infrastructure;South;79730;101357;Bank Transfer;TXN105399
13/9/2021;HR;Infrastructure;South;106825;41596;Bank Transfer;TXN105479
18/7/2021;Sales;Infrastructure;South;36920;61853;Bank Transfer;TXN105546
29/3/2022;Finance;Infrastructure;South;87654;105114;Bank Transfer;TXN105603
28/11/2022;Operations;Infrastructure;South;16033;166348;Bank Transfer;TXN105614
19/9/2021;HR;Infrastructure;South;81301;45849;Bank Transfer;TXN105794
27/6/2022;Finance;Infrastructure;South;91043;28366;Bank Transfer;TXN105827
31/1/2023;Marketing;Infrastructure;South;52914;70852;Bank Transfer;TXN106034
1/2/2022;HR;Infrastructure;South;56798;76710;Bank Transfer;TXN106037
1/2/2021;Sales;Infrastructure;South;132593;56638;Bank Transfer;TXN106100
2/8/2022;HR;Infrastructure;South;120016;163467;Bank Transfer;TXN106145
7/6/2022;Operations;Infrastructure;South;22157;25041;Bank Transfer;TXN106190
22/8/2022;HR;Infrastructure;South;109590;159216;Bank Transfer;TXN106503
24/6/2023;HR;Infrastructure;South;131124;69409;Bank Transfer;TXN106526
28/10/2023;IT;Infrastructure;South;104378;73427;Bank Transfer;TXN106736
30/10/2022;Operations;Infrastructure;South;73160;89874;Bank Transfer;TXN106773
19/9/2021;HR;Infrastructure;South;61572;131642;Bank Transfer;TXN106878
15/1/2022;IT;Infrastructure;South;29316;154242;Bank Transfer;TXN107201
1/8/2021;HR;Infrastructure;South;134220;8780;Bank Transfer;TXN107333
2/5/2021;IT;Infrastructure;South;51405;88166;Bank Transfer;TXN107429
18/10/2023;Finance;Infrastructure;South;113994;73366;Bank Transfer;TXN108223
10/9/2023;IT;Infrastructure;South;115422;123429;Bank Transfer;TXN108366
27/4/2022;Marketing;Infrastructure;South;29475;143381;Bank Transfer;TXN108474
11/4/2022;HR;Infrastructure;South;57877;42442;Bank Transfer;TXN108515
30/3/2023;Finance;Infrastructure;South;118151;37036;Bank Transfer;TXN108638
25/4/2022;IT;Infrastructure;South;121336;88452;Bank Transfer;TXN108689
14/1/2021;HR;Infrastructure;South;38929;45645;Bank Transfer;TXN108917
11/2/2022;Marketing;Infrastructure;South;23950;136138;Bank Transfer;TXN109125
20/4/2022;Operations;Infrastructure;South;23698;13697;Bank Transfer;TXN109180
8/8/2023;Finance;Infrastructure;South;144791;38261;Bank Transfer;TXN109228
12/4/2022;IT;Infrastructure;South;135466;91630;Bank Transfer;TXN109230
12/8/2021;Sales;Infrastructure;South;17403;121773;Bank Transfer;TXN109359
1/2/2023;Operations;Infrastructure;South;99861;100828;Bank Transfer;TXN109420
5/6/2021;IT;Infrastructure;South;114617;152447;Bank Transfer;TXN109824
5/6/2022;Finance;Travel;South;17393;19793;UPI;TXN100075
6/3/2023;Finance;Travel;South;107476;99881;UPI;TXN100107
22/1/2023;Finance;Travel;South;83736;41625;Card;TXN100162
12/2/2022;Marketing;Travel;South;26665;132457;Bank Transfer;TXN100274
16/10/2022;Operations;Travel;South;10785;169522;Card;TXN100284
8/2/2023;IT;Travel;South;100990;153639;Card;TXN100361
5/9/2023;Operations;Travel;South;137776;156982;Card;TXN100403
31/1/2022;Operations;Travel;South;42844;164002;Cash;TXN100430
15/11/2023;Finance;Travel;South;94118;142377;Bank Transfer;TXN100431
26/5/2022;IT;Travel;South;83387;129212;UPI;TXN100457
23/2/2023;Finance;Travel;South;11942;119169;Bank Transfer;TXN100498
25/1/2022;Finance;Travel;South;79474;66465;Card;TXN100521
4/4/2023;IT;Travel;South;111856;142328;Bank Transfer;TXN100527
26/10/2023;IT;Travel;South;34437;49939;Cash;TXN100530
1/1/2021;Marketing;Travel;South;37493;70553;UPI;TXN100557
11/3/2022;Finance;Travel;South;124954;162685;Bank Transfer;TXN100585
6/2/2022;IT;Travel;South;10584;105333;Card;TXN100778
29/7/2022;Finance;Travel;South;119318;127589;Cash;TXN100784
23/4/2022;Operations;Travel;South;129756;16770;UPI;TXN100799
18/2/2023;Operations;Travel;South;69383;116434;Cash;TXN100854
29/4/2023;Marketing;Travel;South;20497;53191;Card;TXN100894
13/7/2021;IT;Travel;South;79939;117885;Card;TXN100917
9/11/2021;IT;Travel;South;107222;67132;Bank Transfer;TXN100932
29/1/2021;Operations;Travel;South;43444;66983;Bank Transfer;TXN100990
17/10/2023;Operations;Travel;South;112821;124160;Bank Transfer;TXN101018
16/8/2023;Marketing;Travel;South;67042;71239;Card;TXN101037
4/5/2022;IT;Travel;South;147479;168420;Bank Transfer;TXN101071
17/5/2021;Marketing;Travel;South;104827;10864;Cash;TXN101082
22/8/2023;IT;Travel;South;126685;51491;Card;TXN101146
5/10/2023;IT;Travel;South;25660;139032;Bank Transfer;TXN101245
9/8/2022;Finance;Travel;South;13340;124336;Card;TXN101248
1/12/2021;IT;Travel;South;148111;118069;UPI;TXN101251
17/5/2023;IT;Travel;South;145664;161432;Bank Transfer;TXN101448
20/10/2021;Finance;Travel;South;136464;52373;UPI;TXN101458
19/12/2023;Finance;Travel;South;24538;95991;Cash;TXN101506
31/5/2021;Operations;Travel;South;67281;143743;Bank Transfer;TXN101521
3/3/2022;IT;Travel;South;15318;39474;Card;TXN101534
30/10/2021;IT;Travel;South;40544;66711;Cash;TXN101536
9/12/2021;Marketing;Travel;South;95567;71698;Bank Transfer;TXN101593
13/10/2021;IT;Travel;South;41901;51200;UPI;TXN101736
31/1/2023;Finance;Travel;South;126434;91125;Cash;TXN101753
28/4/2022;Operations;Travel;South;115111;108661;Bank Transfer;TXN101791
25/4/2023;IT;Travel;South;31277;169961;Card;TXN101912
11/6/2023;IT;Travel;South;46902;84585;Cash;TXN101956
10/5/2023;Finance;Travel;South;77052;162812;Cash;TXN101991
3/11/2022;IT;Travel;South;131159;153164;UPI;TXN102151
21/1/2021;Marketing;Travel;South;40408;166734;Bank Transfer;TXN102159
9/10/2023;Marketing;Travel;South;101909;112182;UPI;TXN102226
26/8/2021;Finance;Travel;South;100297;136592;Card;TXN102245
28/6/2022;Marketing;Travel;South;108582;24740;UPI;TXN102270
11/8/2023;Operations;Travel;South;132011;21553;Bank Transfer;TXN102306
4/9/2022;IT;Travel;South;130050;73601;Cash;TXN102350
4/9/2023;IT;Travel;South;134439;13971;Card;TXN102406
2/8/2021;Finance;Travel;South;82381;32620;UPI;TXN102437
19/9/2021;IT;Travel;South;36187;24199;UPI;TXN102440
10/10/2021;Operations;Travel;South;20729;37029;Bank Transfer;TXN102442
17/1/2022;Finance;Travel;South;100896;97388;Card;TXN102464
28/11/2021;Marketing;Travel;South;130119;88693;Cash;TXN102499
31/5/2023;Marketing;Travel;South;100808;150440;Cash;TXN102551
18/9/2023;IT;Travel;South;110361;34021;Bank Transfer;TXN102751
30/10/2022;Operations;Travel;South;83711;158104;Bank Transfer;TXN102760
18/7/2023;Operations;Travel;South;36156;15536;Cash;TXN102776
6/6/2021;Marketing;Travel;South;79656;72129;Cash;TXN102876
1/4/2022;IT;Travel;South;91410;73783;Card;TXN102895
4/8/2021;Finance;Travel;South;93053;75999;UPI;TXN102902
29/10/2021;IT;Travel;South;72289;103068;Cash;TXN102922
8/6/2023;Operations;Travel;South;18897;169899;Bank Transfer;TXN102978
16/11/2022;Operations;Travel;South;126408;118238;Cash;TXN102994
24/2/2022;Operations;Travel;South;105551;18394;Bank Transfer;TXN103067
25/7/2021;Marketing;Travel;South;141307;96442;Cash;TXN103073
19/5/2022;Operations;Travel;South;75587;100388;Cash;TXN103076
5/12/2021;Operations;Travel;South;15025;14620;Card;TXN103139
2/1/2022;Finance;Travel;South;72521;94726;Bank Transfer;TXN103260
12/10/2023;Finance;Travel;South;14934;125333;Card;TXN103297
9/5/2022;Marketing;Travel;South;29471;79655;Cash;TXN103300
9/2/2023;Operations;Travel;South;48946;81061;Card;TXN103312
14/7/2021;Operations;Travel;South;103753;66230;Cash;TXN103422
21/5/2021;Operations;Travel;South;147906;54567;Card;TXN103428
18/6/2022;IT;Travel;South;110018;124889;UPI;TXN103478
9/8/2021;IT;Travel;South;84223;21185;UPI;TXN103495
1/1/2022;Finance;Travel;South;79311;27615;Cash;TXN103590
15/8/2023;IT;Travel;South;67036;168864;Bank Transfer;TXN103600
10/12/2022;Marketing;Travel;South;137075;115975;Card;TXN103627
10/4/2022;Operations;Travel;South;104071;75163;UPI;TXN103712
5/4/2023;Finance;Travel;South;60460;123933;Card;TXN103714
3/8/2023;IT;Travel;South;65590;13504;UPI;TXN103720
11/7/2021;Marketing;Travel;South;93663;146275;UPI;TXN103742
30/6/2021;Marketing;Travel;South;93981;16726;Card;TXN103769
8/9/2023;Finance;Travel;South;105896;62780;UPI;TXN103786
19/7/2022;IT;Travel;South;19319;141278;Bank Transfer;TXN103874
26/9/2021;Operations;Travel;South;43835;152090;UPI;TXN104057
26/10/2023;IT;Travel;South;97635;31362;Bank Transfer;TXN104067
20/6/2021;Marketing;Travel;South;101827;46320;Bank Transfer;TXN104127
29/4/2023;Marketing;Travel;South;144643;151071;Bank Transfer;TXN104147
7/7/2023;Operations;Travel;South;103116;84894;Cash;TXN104254
20/11/2023;Marketing;Travel;South;132098;28823;Cash;TXN104259
5/5/2022;Marketing;Travel;South;18450;157460;Cash;TXN104287
1/7/2021;IT;Travel;South;129264;150526;Card;TXN104325
13/4/2022;Marketing;Travel;South;106091;113429;Cash;TXN104340
5/2/2021;Finance;Travel;South;40279;109244;Cash;TXN104369
23/2/2021;Finance;Travel;South;127838;65626;UPI;TXN104422
24/9/2021;Operations;Travel;South;58343;34181;Cash;TXN104475
1/11/2021;IT;Travel;South;110968;50193;UPI;TXN104486
10/7/2023;Operations;Travel;South;50676;87494;Bank Transfer;TXN104496
9/6/2023;Finance;Travel;South;125269;50248;Card;TXN104609
23/11/2021;Marketing;Travel;South;15733;67992;Bank Transfer;TXN104632
23/4/2021;Finance;Travel;South;88601;145121;UPI;TXN104636
11/7/2022;Finance;Travel;South;130752;45996;Cash;TXN104683
17/7/2022;IT;Travel;South;45617;40737;Bank Transfer;TXN104686
11/10/2022;Finance;Travel;South;70430;56599;Card;TXN104735
5/1/2023;Marketing;Travel;South;58056;56934;Bank Transfer;TXN104826
3/7/2023;Finance;Travel;South;52882;140146;UPI;TXN104868
17/11/2022;IT;Travel;South;58573;106015;UPI;TXN104872
3/1/2021;Finance;Travel;South;72885;153164;Card;TXN104905
6/7/2023;Operations;Travel;South;21957;123796;UPI;TXN105019
4/4/2022;Finance;Travel;South;129144;86462;Card;TXN105035
23/11/2021;IT;Travel;South;31999;153964;UPI;TXN105074
26/1/2022;IT;Travel;South;142580;32729;Cash;TXN105095
25/2/2021;Finance;Travel;South;131625;87014;UPI;TXN105133
4/8/2021;Finance;Travel;South;103659;69018;Card;TXN105347
11/12/2023;IT;Travel;South;75853;52637;UPI;TXN105355
8/11/2023;Operations;Travel;South;130172;51553;Bank Transfer;TXN105364
30/10/2022;Finance;Travel;South;128323;134902;Cash;TXN105428
29/6/2022;Finance;Travel;South;104616;126703;Cash;TXN105498
28/2/2021;IT;Travel;South;64007;131728;Card;TXN105543
6/7/2022;IT;Travel;South;56461;156798;Card;TXN105642
20/6/2022;Marketing;Travel;South;123156;158800;Cash;TXN105777
19/4/2023;Operations;Travel;South;76334;150867;UPI;TXN105974
3/3/2021;Finance;Travel;South;54738;38717;Bank Transfer;TXN106122
12/9/2023;Finance;Travel;South;99060;138764;Card;TXN106131
25/9/2023;Operations;Travel;South;110190;61768;Bank Transfer;TXN106132
19/11/2023;IT;Travel;South;52411;132257;UPI;TXN106149
18/12/2021;Marketing;Travel;South;16600;105447;Bank Transfer;TXN106170
26/6/2022;Finance;Travel;South;48274;144197;Card;TXN106203
20/2/2023;Operations;Travel;South;20251;168911;Bank Transfer;TXN106267
14/3/2023;Marketing;Travel;South;106485;110014;Cash;TXN106271
2/8/2023;Finance;Travel;South;60711;120655;Card;TXN106293
21/10/2023;IT;Travel;South;58222;83422;UPI;TXN106322
20/8/2023;Finance;Travel;South;95038;11919;Card;TXN106333
22/1/2022;Marketing;Travel;South;115730;144414;Bank Transfer;TXN106380
4/8/2021;IT;Travel;South;136675;23745;Cash;TXN106385
4/3/2023;IT;Travel;South;135220;102577;UPI;TXN106633
12/11/2023;IT;Travel;South;82493;161432;Card;TXN106644
2/2/2023;IT;Travel;South;49534;82225;Card;TXN106648
15/7/2022;Marketing;Travel;South;22612;68914;Card;TXN106683
11/5/2023;Finance;Travel;South;12653;84531;Bank Transfer;TXN106795
6/2/2022;Marketing;Travel;South;137956;74045;Bank Transfer;TXN106804
30/8/2021;Marketing;Travel;South;24212;13501;Bank Transfer;TXN106838
25/8/2023;IT;Travel;South;94918;150331;Bank Transfer;TXN106901
6/6/2023;Finance;Travel;South;99464;117121;Card;TXN107012
8/5/2023;Finance;Travel;South;71594;17719;Cash;TXN107024
9/1/2023;Marketing;Travel;South;23408;108154;Cash;TXN107030
29/8/2022;Marketing;Travel;South;63916;128708;UPI;TXN107063
7/12/2022;Operations;Travel;South;46968;117811;Bank Transfer;TXN107082
7/2/2023;Marketing;Travel;South;57764;155253;Cash;TXN107343
26/3/2022;IT;Travel;South;37935;78814;Cash;TXN107366
25/11/2021;Marketing;Travel;South;146188;123066;Bank Transfer;TXN107428
14/12/2023;IT;Travel;South;74770;69905;Bank Transfer;TXN107519
31/12/2021;Operations;Travel;South;28773;118711;Bank Transfer;TXN107558
27/4/2022;Marketing;Travel;South;52760;85725;UPI;TXN107576
21/10/2022;IT;Travel;South;17245;131590;Bank Transfer;TXN107580
30/7/2021;IT;Travel;South;142578;110920;Card;TXN107632
14/9/2021;IT;Travel;South;146898;159435;UPI;TXN107733
27/4/2021;Marketing;Travel;South;26102;113909;Cash;TXN107784
17/2/2023;Finance;Travel;South;32091;131491;Card;TXN107858
27/11/2023;Finance;Travel;South;146146;11663;Cash;TXN108015
8/3/2021;Operations;Travel;South;22454;134347;Card;TXN108089
5/4/2021;IT;Travel;South;26495;60003;Bank Transfer;TXN108110
10/9/2023;Finance;Travel;South;65931;138963;UPI;TXN108133
18/1/2021;Operations;Travel;South;59899;131668;Card;TXN108268
20/12/2023;Marketing;Travel;South;59165;107354;Bank Transfer;TXN108308
15/8/2022;Marketing;Travel;South;45950;166337;UPI;TXN108316
29/11/2021;IT;Travel;South;31555;26618;Cash;TXN108367
9/4/2022;Operations;Travel;South;75192;117154;Cash;TXN108412
11/10/2023;Marketing;Travel;South;122257;169324;Cash;TXN108494
24/6/2021;Finance;Travel;South;125029;154848;UPI;TXN108545
13/6/2022;IT;Travel;South;20662;84303;UPI;TXN108561
20/11/2021;Finance;Travel;South;84496;130803;Bank Transfer;TXN108608
30/6/2021;IT;Travel;South;137684;151936;Cash;TXN108650
4/7/2023;Operations;Travel;South;90611;90828;UPI;TXN108663
9/1/2023;Marketing;Travel;South;53154;54716;Cash;TXN108717
6/2/2021;Marketing;Travel;South;125144;141048;Cash;TXN108788
18/4/2021;Finance;Travel;South;143581;165110;Cash;TXN108845
9/7/2023;IT;Travel;South;97010;11110;Bank Transfer;TXN108887
31/12/2022;Finance;Travel;South;131832;63574;UPI;TXN108996
29/5/2021;Operations;Travel;South;81118;78776;Card;TXN109195
3/8/2023;Operations;Travel;South;24111;105606;UPI;TXN109276
16/10/2021;Finance;Travel;South;66852;16622;UPI;TXN109378
30/10/2021;Finance;Travel;South;62449;108338;Bank Transfer;TXN109437
13/5/2021;Finance;Travel;South;144532;155131;Cash;TXN109508
25/5/2023;Operations;Travel;South;93987;16078;UPI;TXN109544
20/7/2021;Finance;Travel;South;101990;46787;Card;TXN109545
4/1/2022;IT;Travel;South;94756;129147;Cash;TXN109565
15/7/2023;Marketing;Travel;South;115593;153044;Cash;TXN109608
15/8/2022;Operations;Travel;South;144590;37805;Bank Transfer;TXN109635
9/3/2021;Finance;Travel;South;94445;102362;Cash;TXN109703
13/9/2022;Marketing;Travel;South;17358;35722;Cash;TXN109804
5/2/2021;IT;Travel;South;17282;106820;Cash;TXN109878
13/2/2021;Finance;Travel;South;26456;51027;Cash;TXN109881
11/4/2022;Marketing;Travel;South;141024;121344;UPI;TXN109886
16/8/2022;IT;Travel;South;24200;72636;Bank Transfer;TXN109923
26/7/2021;IT;Travel;South;92186;107585;UPI;TXN109927
3/2/2023;Marketing;Travel;South;54398;62653;Card;TXN109968
18/2/2021;Operations;Travel;South;97097;81004;UPI;TXN109986
26/10/2022;Sales;Travel;South;128299;65283;Card;TXN100138
17/5/2022;Sales;Travel;South;18104;149586;Cash;TXN100513
3/7/2021;Sales;Travel;South;97000;150483;Cash;TXN100606
24/2/2023;Sales;Travel;South;70943;117109;UPI;TXN100607
5/1/2021;Sales;Travel;South;19982;123274;Cash;TXN100770
20/7/2021;Sales;Travel;South;114583;124580;Bank Transfer;TXN101040
22/1/2023;Sales;Travel;South;71898;37105;Card;TXN101451
17/7/2021;Sales;Travel;South;142937;62846;Cash;TXN101504
29/8/2023;Sales;Travel;South;127177;149314;Bank Transfer;TXN101555
24/5/2022;Sales;Travel;South;65863;102229;Cash;TXN101673
9/2/2023;Sales;Travel;South;56666;120362;Bank Transfer;TXN101710
1/11/2022;Sales;Travel;South;19642;134337;Card;TXN101722
9/2/2023;Sales;Travel;South;20318;164420;Cash;TXN101951
25/11/2023;Sales;Travel;South;26238;157201;Cash;TXN102400
25/4/2022;Sales;Travel;South;77173;64167;Card;TXN102668
10/9/2023;Sales;Travel;South;49980;169496;Bank Transfer;TXN102868
28/3/2022;Sales;Travel;South;71065;131800;Bank Transfer;TXN103179
28/3/2023;Sales;Travel;South;97064;103821;Card;TXN103445
20/2/2022;Sales;Travel;South;142574;129071;Card;TXN103452
25/7/2022;Sales;Travel;South;125091;62162;UPI;TXN103522
31/8/2022;Sales;Travel;South;135807;163263;UPI;TXN103585
16/4/2022;Sales;Travel;South;13911;17958;Cash;TXN103875
26/5/2021;Sales;Travel;South;83205;103118;Card;TXN104073
12/1/2021;Sales;Travel;South;64199;80439;Cash;TXN104221
12/6/2021;Sales;Travel;South;53751;151216;Bank Transfer;TXN104290
9/5/2021;Sales;Travel;South;116639;88609;UPI;TXN104303
21/4/2021;Sales;Travel;South;74140;122541;UPI;TXN104445
7/6/2022;Sales;Travel;South;140579;101694;UPI;TXN104489
18/10/2021;Sales;Travel;South;76393;66771;Bank Transfer;TXN104947
12/7/2021;Sales;Travel;South;60362;87259;UPI;TXN105013
28/10/2023;Sales;Travel;South;98115;75500;Bank Transfer;TXN105593
17/12/2021;Sales;Travel;South;22167;100993;Card;TXN105881
12/9/2021;Sales;Travel;South;79049;168404;UPI;TXN105937
23/3/2023;Sales;Travel;South;74364;143204;Cash;TXN106173
31/3/2022;Sales;Travel;South;46492;10668;Cash;TXN106256
3/9/2022;Sales;Travel;South;82599;44022;UPI;TXN106341
1/4/2023;Sales;Travel;South;53995;82130;Card;TXN106381
14/7/2022;Sales;Travel;South;84696;139152;Bank Transfer;TXN106535
7/10/2021;Sales;Travel;South;76929;130315;Cash;TXN106590
20/11/2021;Sales;Travel;South;48025;113437;Cash;TXN106637
9/12/2022;Sales;Travel;South;10927;107089;Card;TXN106730
25/5/2023;Sales;Travel;South;65511;137465;Cash;TXN106931
30/10/2023;Sales;Travel;South;95547;75904;UPI;TXN107172
20/2/2022;Sales;Travel;South;83107;29249;Card;TXN107282
18/12/2022;Sales;Travel;South;126785;141767;UPI;TXN107354
17/4/2023;Sales;Travel;South;77647;166118;Bank Transfer;TXN107464
2/5/2021;Sales;Travel;South;147562;10944;Card;TXN107599
22/7/2021;Sales;Travel;South;147989;101064;Cash;TXN107641
22/7/2022;Sales;Travel;South;142853;30382;UPI;TXN107693
6/9/2023;Sales;Travel;South;77067;10965;UPI;TXN107818
25/2/2022;Sales;Travel;South;109238;26324;UPI;TXN108006
14/7/2021;Sales;Travel;South;41913;93392;Card;TXN108138
3/11/2021;Sales;Travel;South;57563;64627;Cash;TXN108302
17/9/2023;Sales;Travel;South;137481;141138;Bank Transfer;TXN108304
17/5/2021;Sales;Travel;South;132608;34033;UPI;TXN108792
9/3/2023;Sales;Travel;South;33892;62621;UPI;TXN108879
11/4/2022;Sales;Travel;South;61905;124803;Card;TXN108881
14/10/2022;Sales;Travel;South;72267;167702;Cash;TXN108894
14/7/2023;Sales;Travel;South;104845;131736;UPI;TXN109034
4/9/2022;Sales;Travel;South;121286;29108;Bank Transfer;TXN109121
5/12/2022;Sales;Travel;South;128489;15619;Cash;TXN109633
24/5/2023;Sales;Travel;South;96919;147038;Cash;TXN109715
9/10/2023;Sales;Travel;South;130525;53322;Bank Transfer;TXN109991
5/9/2022;Sales;Travel;South;60191;77111;Bank Transfer;TXN109995
3/6/2023;HR;Travel;South;50544;48955;Bank Transfer;TXN100159
30/4/2021;HR;Travel;South;67154;164388;Cash;TXN100320
11/5/2023;HR;Travel;South;113137;51882;Card;TXN100337
9/2/2022;HR;Travel;South;107925;19353;Bank Transfer;TXN100545
31/1/2022;HR;Travel;South;39817;147124;UPI;TXN100836
7/5/2021;HR;Travel;South;86567;90443;Card;TXN100848
16/9/2021;HR;Travel;South;97629;150700;Bank Transfer;TXN101164
25/3/2021;HR;Travel;South;147173;37264;Card;TXN101302
27/7/2021;HR;Travel;South;60723;55441;Cash;TXN101309
30/5/2022;HR;Travel;South;123283;120033;UPI;TXN101393
24/11/2022;HR;Travel;South;13197;138541;Bank Transfer;TXN101513
25/11/2021;HR;Travel;South;51689;53053;Card;TXN101936
31/7/2023;HR;Travel;South;77432;95680;Cash;TXN102051
11/9/2021;HR;Travel;South;44537;114333;Card;TXN102107
16/10/2021;HR;Travel;South;139742;16993;UPI;TXN102175
4/10/2021;HR;Travel;South;94266;53383;Card;TXN102205
29/7/2022;HR;Travel;South;108658;88824;Bank Transfer;TXN102274
9/3/2021;HR;Travel;South;127363;94770;UPI;TXN102390
30/6/2023;HR;Travel;South;35312;151223;Cash;TXN102566
30/4/2022;HR;Travel;South;147166;142504;Card;TXN102569
21/6/2023;HR;Travel;South;15478;32466;Bank Transfer;TXN103136
12/10/2023;HR;Travel;South;69000;163889;Bank Transfer;TXN103157
19/12/2023;HR;Travel;South;103057;65076;Card;TXN103172
24/7/2021;HR;Travel;South;17530;29425;Card;TXN103433
13/3/2021;HR;Travel;South;137066;18286;Cash;TXN103823
6/6/2022;HR;Travel;South;63826;56606;Bank Transfer;TXN104348
8/8/2021;HR;Travel;South;143870;69508;UPI;TXN104598
11/3/2022;HR;Travel;South;30410;104282;Cash;TXN104729
10/12/2023;HR;Travel;South;81949;21873;Bank Transfer;TXN104914
5/5/2021;HR;Travel;South;104074;48158;Bank Transfer;TXN104979
16/1/2023;HR;Travel;South;90224;131272;Card;TXN105251
29/3/2021;HR;Travel;South;19068;72843;Cash;TXN105396
15/7/2021;HR;Travel;South;31755;139439;Cash;TXN105680
19/11/2022;HR;Travel;South;97043;99509;Bank Transfer;TXN105767
2/8/2021;HR;Travel;South;99504;27096;Bank Transfer;TXN105844
10/3/2022;HR;Travel;South;90840;163790;Cash;TXN106072
19/11/2023;HR;Travel;South;149600;95659;Bank Transfer;TXN106108
22/5/2022;HR;Travel;South;15375;106474;Cash;TXN106404
22/9/2023;HR;Travel;South;28921;33240;Cash;TXN106438
22/6/2021;HR;Travel;South;138835;57605;Card;TXN106630
24/8/2021;HR;Travel;South;103737;73129;UPI;TXN106653
19/11/2021;HR;Travel;South;41709;29183;UPI;TXN106872
24/3/2021;HR;Travel;South;73332;49228;Bank Transfer;TXN106876
16/4/2022;HR;Travel;South;38360;83449;UPI;TXN107071
14/7/2022;HR;Travel;South;104358;33654;Cash;TXN107230
17/1/2023;HR;Travel;South;41636;53885;Bank Transfer;TXN107556
1/3/2021;HR;Travel;South;149284;83973;Card;TXN107659
26/7/2021;HR;Travel;South;106195;127188;UPI;TXN107674
11/11/2022;HR;Travel;South;16384;167958;UPI;TXN107802
5/2/2023;HR;Travel;South;111264;19299;Bank Transfer;TXN107840
7/5/2022;HR;Travel;South;112859;117626;UPI;TXN108204
25/4/2023;HR;Travel;South;125433;165998;UPI;TXN108312
11/9/2022;HR;Travel;South;37789;103729;Card;TXN108350
16/9/2021;HR;Travel;South;26352;97883;UPI;TXN108449
4/11/2021;HR;Travel;South;19034;86366;Cash;TXN108507
27/3/2021;HR;Travel;South;108550;168460;Card;TXN108543
12/1/2021;HR;Travel;South;83390;20955;UPI;TXN108993
4/3/2021;HR;Travel;South;129301;146290;UPI;TXN109124
7/8/2023;HR;Travel;South;102152;23524;Bank Transfer;TXN109206
25/9/2023;HR;Travel;South;14819;67478;UPI;TXN109472
16/3/2022;HR;Travel;South;21984;151326;UPI;TXN109474
8/1/2023;HR;Travel;South;89284;90298;Card;TXN109591
12/1/2022;HR;Travel;South;81132;166390;Cash;TXN109656
31/12/2021;HR;Travel;South;55832;69236;Card;TXN109745
16/2/2021;HR;Travel;South;112284;64395;UPI;TXN109771
3/9/2023;Finance;Salaries;South;125951;142223;UPI;TXN100023
4/12/2022;HR;Salaries;South;67848;35064;Bank Transfer;TXN100051
23/11/2023;Finance;Salaries;South;70773;126060;UPI;TXN100091
27/12/2022;HR;Salaries;South;76947;118079;UPI;TXN100098
14/5/2023;Operations;Salaries;South;107389;159814;Card;TXN100112
11/10/2022;Operations;Salaries;South;68642;49051;Cash;TXN100135
31/12/2022;Operations;Salaries;South;85914;18080;Cash;TXN100150
16/9/2022;HR;Salaries;South;149085;115590;Card;TXN100184
9/4/2021;Sales;Salaries;South;106925;86429;UPI;TXN100204
11/1/2023;Operations;Salaries;South;103039;36669;UPI;TXN100323
5/12/2022;IT;Salaries;South;56442;77066;Cash;TXN100334
13/10/2023;Operations;Salaries;South;23115;28343;Card;TXN100362
6/2/2021;IT;Salaries;South;21388;136390;UPI;TXN100407
24/1/2023;IT;Salaries;South;52174;137045;Bank Transfer;TXN100468
3/6/2021;Finance;Salaries;South;20267;139102;Bank Transfer;TXN100566
8/1/2023;IT;Salaries;South;24837;16133;UPI;TXN100588
9/5/2023;Finance;Salaries;South;61186;155551;Cash;TXN100592
26/12/2021;Sales;Salaries;South;141536;54487;Cash;TXN100620
16/12/2021;HR;Salaries;South;112862;91574;Bank Transfer;TXN100646
3/12/2021;IT;Salaries;South;62480;56475;UPI;TXN100650
23/3/2023;HR;Salaries;South;93779;111988;UPI;TXN100683
1/3/2022;Finance;Salaries;South;130902;8002;Bank Transfer;TXN100697
5/9/2022;Sales;Salaries;South;81180;35765;Bank Transfer;TXN100698
5/8/2023;IT;Salaries;South;111923;161260;Bank Transfer;TXN100725
28/5/2022;HR;Salaries;South;100980;113736;Bank Transfer;TXN100764
28/7/2022;Finance;Salaries;South;63074;122943;Card;TXN100773
26/2/2022;Finance;Salaries;South;137276;53170;Card;TXN100782
2/8/2022;Sales;Salaries;South;20914;132191;UPI;TXN100795
26/3/2023;Finance;Salaries;South;120633;69486;Cash;TXN100813
10/9/2023;IT;Salaries;South;56814;131144;Bank Transfer;TXN100857
27/4/2021;HR;Salaries;South;31602;131031;UPI;TXN100867
26/10/2022;HR;Salaries;South;44822;99034;UPI;TXN100882
3/2/2021;IT;Salaries;South;95206;82747;Card;TXN100999
8/9/2023;HR;Salaries;South;52239;26892;UPI;TXN101014
24/2/2021;Sales;Salaries;South;80437;156994;UPI;TXN101030
6/12/2022;IT;Salaries;South;29134;108491;Card;TXN101141
8/2/2021;Sales;Salaries;South;101674;79112;Bank Transfer;TXN101289
14/10/2023;HR;Salaries;South;30954;40501;Bank Transfer;TXN101329
13/8/2021;Operations;Salaries;South;98035;86374;Cash;TXN101362
20/3/2023;HR;Salaries;South;101182;75644;Card;TXN101394
22/6/2023;HR;Salaries;South;70757;115001;Cash;TXN101422
16/5/2023;Sales;Salaries;South;95776;116879;UPI;TXN101437
12/1/2021;HR;Salaries;South;40971;47070;Card;TXN101587
16/12/2022;HR;Salaries;South;135562;104740;Card;TXN101606
27/12/2022;HR;Salaries;South;39980;93059;UPI;TXN101639
29/10/2021;Finance;Salaries;South;61141;82560;Cash;TXN101682
23/9/2021;Operations;Salaries;South;15364;162432;Bank Transfer;TXN101779
10/9/2023;IT;Salaries;South;128984;49445;Cash;TXN101822
20/9/2021;IT;Salaries;South;125091;78332;Cash;TXN101827
21/8/2022;Finance;Salaries;South;120930;99011;UPI;TXN101846
1/8/2021;IT;Salaries;South;130807;167532;Cash;TXN101857
22/6/2021;Sales;Salaries;South;81564;158703;Bank Transfer;TXN101861
17/8/2022;IT;Salaries;South;77713;140384;Card;TXN101876
11/7/2021;Operations;Salaries;South;34841;87421;Card;TXN101884
3/2/2022;Sales;Salaries;South;139739;15237;Bank Transfer;TXN101923
4/6/2022;HR;Salaries;South;94757;106721;Card;TXN101930
26/12/2021;HR;Salaries;South;18064;50193;Cash;TXN101934
6/6/2022;HR;Salaries;South;81074;84408;UPI;TXN101958
10/10/2021;HR;Salaries;South;21999;118979;Card;TXN101997
30/7/2021;IT;Salaries;South;51033;26605;UPI;TXN102072
2/2/2023;Operations;Salaries;South;124619;36910;Cash;TXN102088
31/8/2023;HR;Salaries;South;88959;81423;UPI;TXN102106
5/5/2022;Finance;Salaries;South;80940;55988;Bank Transfer;TXN102170
26/1/2022;HR;Salaries;South;80775;153912;UPI;TXN102204
10/10/2021;HR;Salaries;South;71976;159382;Card;TXN102255
5/9/2022;Operations;Salaries;South;143211;109590;Card;TXN102265
9/7/2021;Finance;Salaries;South;73178;134323;Bank Transfer;TXN102299
28/4/2022;Sales;Salaries;South;26294;58803;Cash;TXN102319
6/5/2023;HR;Salaries;South;79199;74951;Cash;TXN102357
30/3/2021;Finance;Salaries;South;68862;76332;UPI;TXN102384
29/12/2022;Sales;Salaries;South;123917;22656;Bank Transfer;TXN102408
28/11/2021;IT;Salaries;South;126331;34529;Card;TXN102413
28/12/2022;Finance;Salaries;South;78677;106032;Cash;TXN102490
1/10/2022;HR;Salaries;South;87006;147879;Bank Transfer;TXN102493
22/1/2022;HR;Salaries;South;76953;30674;Bank Transfer;TXN102514
13/4/2023;Finance;Salaries;South;98601;18199;Cash;TXN102555
1/2/2023;Sales;Salaries;South;35887;32518;Cash;TXN102595
3/2/2022;Sales;Salaries;South;112439;156992;Card;TXN102641
9/10/2022;Operations;Salaries;South;52866;134942;Cash;TXN102683
10/1/2022;Finance;Salaries;South;20136;16646;Bank Transfer;TXN102707
31/1/2021;HR;Salaries;South;55132;147229;UPI;TXN102727
16/4/2022;Sales;Salaries;South;73493;164032;UPI;TXN102774
21/3/2023;Finance;Salaries;South;13588;145084;UPI;TXN102790
29/7/2021;Finance;Salaries;South;45017;112085;UPI;TXN102799
13/9/2022;HR;Salaries;South;142208;114827;Bank Transfer;TXN102807
7/11/2021;HR;Salaries;South;65572;18253;Card;TXN102941
17/5/2021;Sales;Salaries;South;56072;68416;Card;TXN102967
28/9/2021;Finance;Salaries;South;56811;137579;Cash;TXN103038
20/9/2022;Operations;Salaries;South;11702;167809;Cash;TXN103049
17/7/2023;IT;Salaries;South;141630;27052;Bank Transfer;TXN103252
10/5/2023;Operations;Salaries;South;139808;49534;Cash;TXN103265
27/1/2023;IT;Salaries;South;145423;85718;Cash;TXN103273
22/11/2022;Operations;Salaries;South;35877;93554;Bank Transfer;TXN103299
23/7/2023;Sales;Salaries;South;24822;25046;Bank Transfer;TXN103332
13/9/2022;Sales;Salaries;South;102689;97764;Card;TXN103344
17/5/2021;HR;Salaries;South;110135;40805;UPI;TXN103419
25/1/2021;HR;Salaries;South;40501;71935;Card;TXN103454
26/4/2021;Operations;Salaries;South;57951;153761;Bank Transfer;TXN103485
9/12/2023;Finance;Salaries;South;121497;136702;Bank Transfer;TXN103487
11/7/2022;Sales;Salaries;South;141279;60104;UPI;TXN103492
24/4/2023;IT;Salaries;South;46499;158393;Cash;TXN103535
4/1/2023;HR;Salaries;South;59555;59352;Card;TXN103544
27/1/2021;Finance;Salaries;South;146030;16886;UPI;TXN103598
26/7/2021;HR;Salaries;South;91036;116944;Cash;TXN103625
30/5/2022;HR;Salaries;South;70555;44311;UPI;TXN103626
10/4/2023;Sales;Salaries;South;87666;58917;Card;TXN103700
19/2/2021;Finance;Salaries;South;73180;59267;Card;TXN103730
15/8/2021;Operations;Salaries;South;20875;91132;Cash;TXN103793
14/10/2023;Operations;Salaries;South;39339;133038;Bank Transfer;TXN103805
4/11/2021;IT;Salaries;South;91102;159055;Card;TXN103831
21/2/2022;HR;Salaries;South;89261;77213;Bank Transfer;TXN103878
19/5/2021;IT;Salaries;South;16190;158927;UPI;TXN103893
30/9/2021;HR;Salaries;South;87471;87475;UPI;TXN103896
28/5/2023;IT;Salaries;South;142869;114596;Bank Transfer;TXN103980
2/4/2022;HR;Salaries;South;93857;20646;Bank Transfer;TXN104025
6/4/2023;Sales;Salaries;South;65142;96392;Card;TXN104097
13/4/2021;HR;Salaries;South;26313;17031;UPI;TXN104118
22/3/2023;Operations;Salaries;South;35736;101177;Card;TXN104145
12/10/2021;IT;Salaries;South;133617;146032;UPI;TXN104250
17/3/2022;IT;Salaries;South;90476;36462;Cash;TXN104291
11/12/2022;Sales;Salaries;South;88610;157955;Bank Transfer;TXN104387
31/7/2023;IT;Salaries;South;38836;138309;Bank Transfer;TXN104469
23/4/2022;Finance;Salaries;South;54974;159329;Bank Transfer;TXN104536
13/4/2022;HR;Salaries;South;74197;121152;Bank Transfer;TXN104656
7/5/2021;IT;Salaries;South;18628;162661;Card;TXN104699
16/11/2022;Finance;Salaries;South;74959;83687;Bank Transfer;TXN104709
13/11/2022;Operations;Salaries;South;132550;158390;Bank Transfer;TXN104730
14/5/2021;HR;Salaries;South;85365;125211;Bank Transfer;TXN104748
26/5/2021;Sales;Salaries;South;107014;62826;Bank Transfer;TXN104755
21/1/2021;Sales;Salaries;South;26315;21006;UPI;TXN104777
16/7/2021;Operations;Salaries;South;48284;93738;Card;TXN104825
27/9/2021;Operations;Salaries;South;25650;79559;Cash;TXN104853
6/6/2021;IT;Salaries;South;141335;74201;Bank Transfer;TXN104969
2/3/2022;Operations;Salaries;South;128026;169944;Cash;TXN105000
6/5/2021;Finance;Salaries;South;129724;69168;Cash;TXN105036
2/9/2022;Sales;Salaries;South;35322;169903;Card;TXN105039
6/3/2021;Finance;Salaries;South;15179;33812;Bank Transfer;TXN105063
14/3/2022;Operations;Salaries;South;135369;69758;Card;TXN105086
19/6/2022;Sales;Salaries;South;27886;125804;UPI;TXN105093
6/8/2022;Operations;Salaries;South;38932;125290;Cash;TXN105126
11/5/2022;Sales;Salaries;South;59591;125020;Card;TXN105180
9/12/2023;HR;Salaries;South;70487;140423;Card;TXN105211
28/10/2022;Finance;Salaries;South;141533;135185;Card;TXN105213
13/7/2021;IT;Salaries;South;53911;64507;Cash;TXN105404
12/8/2023;Sales;Salaries;South;62406;29144;UPI;TXN105412
27/9/2022;HR;Salaries;South;107887;66826;Cash;TXN105467
17/9/2023;Finance;Salaries;South;84722;136630;Cash;TXN105468
3/2/2022;HR;Salaries;South;80847;93022;Card;TXN105505
19/5/2022;Sales;Salaries;South;89330;45491;UPI;TXN105656
24/1/2022;Sales;Salaries;South;69970;55486;Cash;TXN105720
14/10/2023;HR;Salaries;South;145573;48986;UPI;TXN105782
9/2/2023;IT;Salaries;South;92946;126578;UPI;TXN105796
4/1/2022;Finance;Salaries;South;136049;72626;Cash;TXN105845
13/10/2023;Finance;Salaries;South;100606;113906;Cash;TXN105891
15/9/2021;HR;Salaries;South;11759;15542;Card;TXN105921
8/7/2022;HR;Salaries;South;62550;59369;Card;TXN105990
15/4/2021;Operations;Salaries;South;85043;142800;Cash;TXN106020
2/11/2022;HR;Salaries;South;86636;35927;UPI;TXN106081
11/10/2022;IT;Salaries;South;126529;125613;Bank Transfer;TXN106142
21/6/2021;Operations;Salaries;South;25077;130072;Bank Transfer;TXN106165
29/11/2022;IT;Salaries;South;91248;77447;Cash;TXN106186
20/8/2022;HR;Salaries;South;23885;133150;Card;TXN106193
17/8/2021;IT;Salaries;South;115463;82421;UPI;TXN106222
20/3/2021;Operations;Salaries;South;36957;130920;Bank Transfer;TXN106263
10/7/2023;IT;Salaries;South;47010;104611;Cash;TXN106266
29/1/2023;IT;Salaries;South;142971;14507;Bank Transfer;TXN106277
22/12/2021;Operations;Salaries;South;39022;112950;Cash;TXN106295
8/5/2023;Finance;Salaries;South;60451;141319;Bank Transfer;TXN106314
16/11/2023;Operations;Salaries;South;17148;155884;Card;TXN106365
1/1/2023;IT;Salaries;South;122187;91982;Bank Transfer;TXN106436
8/6/2022;Sales;Salaries;South;87919;20203;Bank Transfer;TXN106452
20/9/2023;IT;Salaries;South;54505;31585;UPI;TXN106465
14/8/2021;IT;Salaries;South;15647;80023;Card;TXN106468
17/5/2021;HR;Salaries;South;146590;86468;Cash;TXN106489
10/4/2021;Sales;Salaries;South;123767;16494;Bank Transfer;TXN106501
9/10/2022;IT;Salaries;South;76663;146215;Bank Transfer;TXN106560
28/1/2023;HR;Salaries;South;57455;59104;Card;TXN106573
11/4/2022;Finance;Salaries;South;53524;153484;UPI;TXN106589
14/2/2023;Sales;Salaries;South;125781;88163;Bank Transfer;TXN106620
17/12/2022;HR;Salaries;South;88247;147792;Bank Transfer;TXN106647
2/4/2023;HR;Salaries;South;66673;12348;Cash;TXN106685
20/8/2021;Finance;Salaries;South;81516;156501;Bank Transfer;TXN106745
18/9/2022;Sales;Salaries;South;142208;134384;UPI;TXN106757
21/8/2022;Finance;Salaries;South;57323;155356;Card;TXN106780
4/9/2023;Operations;Salaries;South;82691;10919;Cash;TXN106782
27/2/2023;IT;Salaries;South;11163;52482;Cash;TXN106830
4/12/2023;HR;Salaries;South;55749;59754;Card;TXN106848
10/12/2021;IT;Salaries;South;137293;22013;UPI;TXN106911
16/1/2021;HR;Salaries;South;140526;52122;Bank Transfer;TXN106920
8/1/2023;Finance;Salaries;South;136356;76975;Bank Transfer;TXN107003
20/2/2021;Operations;Salaries;South;100630;14149;Bank Transfer;TXN107025
5/7/2022;Operations;Salaries;South;34673;74616;Bank Transfer;TXN107037
17/10/2021;Finance;Salaries;South;76029;113249;Cash;TXN107067
15/4/2021;Sales;Salaries;South;120739;144378;Card;TXN107118
27/8/2021;IT;Salaries;South;122528;13848;Card;TXN107145
8/2/2023;IT;Salaries;South;65460;152949;Bank Transfer;TXN107194
23/1/2023;Finance;Salaries;South;34525;163486;Cash;TXN107265
30/12/2022;IT;Salaries;South;34316;100805;Cash;TXN107275
19/12/2023;Finance;Salaries;South;13527;159203;Bank Transfer;TXN107373
14/3/2021;Finance;Salaries;South;61979;135566;UPI;TXN107399
24/10/2022;HR;Salaries;South;136733;54508;UPI;TXN107407
6/11/2021;Operations;Salaries;South;47473;153094;UPI;TXN107408
1/9/2023;Sales;Salaries;South;62746;98504;UPI;TXN107517
18/3/2022;IT;Salaries;South;75196;70846;Cash;TXN107541
26/10/2021;Operations;Salaries;South;106533;44888;Bank Transfer;TXN107595
22/7/2022;Operations;Salaries;South;145422;111268;Card;TXN107627
1/10/2021;Operations;Salaries;South;93915;144795;Bank Transfer;TXN107654
18/9/2022;Sales;Salaries;South;10040;67129;Bank Transfer;TXN107668
4/1/2023;Operations;Salaries;South;51992;159024;Bank Transfer;TXN107670
25/3/2023;Operations;Salaries;South;140836;41618;UPI;TXN107770
16/11/2022;HR;Salaries;South;107029;148948;UPI;TXN107794
8/3/2023;Operations;Salaries;South;143788;91840;Bank Transfer;TXN107911
21/11/2021;Operations;Salaries;South;27165;67551;Card;TXN107912
1/11/2023;Operations;Salaries;South;49701;97594;Bank Transfer;TXN108019
1/12/2022;HR;Salaries;South;75081;77910;UPI;TXN108022
21/11/2022;Sales;Salaries;South;69227;32200;UPI;TXN108057
18/11/2022;Operations;Salaries;South;69780;161036;Card;TXN108164
18/4/2023;Operations;Salaries;South;146452;113947;Card;TXN108190
14/5/2022;Finance;Salaries;South;101676;13274;UPI;TXN108228
14/3/2022;Finance;Salaries;South;46815;68323;Card;TXN108232
11/3/2021;Sales;Salaries;South;53028;82503;Cash;TXN108259
24/5/2023;Sales;Salaries;South;93425;62693;Cash;TXN108283
17/1/2022;IT;Salaries;South;12894;17465;UPI;TXN108299
1/10/2022;Sales;Salaries;South;112185;133288;Bank Transfer;TXN108328
4/2/2022;Sales;Salaries;South;87588;154365;Cash;TXN108349
16/11/2022;Sales;Salaries;South;94023;40783;Cash;TXN108418
21/10/2022;Finance;Salaries;South;65033;131257;Card;TXN108424
26/3/2022;HR;Salaries;South;80507;78068;UPI;TXN108432
19/5/2023;Sales;Salaries;South;103728;106344;Card;TXN108509
31/5/2022;IT;Salaries;South;83123;116995;Card;TXN108544
30/3/2022;HR;Salaries;South;47309;137235;UPI;TXN108634
10/1/2021;Operations;Salaries;South;70661;146494;UPI;TXN108680
5/2/2022;Sales;Salaries;South;17219;133867;Cash;TXN108703
21/6/2022;HR;Salaries;South;115539;9591;Cash;TXN108718
16/8/2022;Sales;Salaries;South;44226;125841;Card;TXN108739
4/6/2022;Finance;Salaries;South;26907;168497;UPI;TXN108752
5/12/2021;IT;Salaries;South;106406;29275;Bank Transfer;TXN108818
7/8/2022;HR;Salaries;South;37009;110332;Cash;TXN108827
14/5/2021;IT;Salaries;South;92122;113825;Cash;TXN108864
27/2/2022;Finance;Salaries;South;16103;107441;Bank Transfer;TXN108889
4/12/2023;IT;Salaries;South;134108;114420;Bank Transfer;TXN108961
23/2/2023;Sales;Salaries;South;38040;20487;Cash;TXN108992
5/7/2023;Finance;Salaries;South;48010;33376;Card;TXN109075
29/12/2021;IT;Salaries;South;90920;67057;Cash;TXN109085
16/9/2021;IT;Salaries;South;58284;158640;Bank Transfer;TXN109128
24/12/2022;Sales;Salaries;South;30038;147690;Card;TXN109129
24/11/2021;Operations;Salaries;South;106447;95129;Cash;TXN109138
26/4/2022;Operations;Salaries;South;102767;136194;UPI;TXN109249
18/4/2021;IT;Salaries;South;105505;52510;Bank Transfer;TXN109250
19/6/2022;Operations;Salaries;South;136027;37739;Card;TXN109295
8/6/2022;IT;Salaries;South;78176;82406;UPI;TXN109332
29/3/2021;IT;Salaries;South;31617;68010;UPI;TXN109369
14/12/2023;HR;Salaries;South;93262;69909;UPI;TXN109386
14/11/2021;IT;Salaries;South;30407;121799;Bank Transfer;TXN109397
26/5/2022;IT;Salaries;South;135899;46123;UPI;TXN109432
27/3/2023;HR;Salaries;South;112646;117880;Cash;TXN109619
6/12/2023;Sales;Salaries;South;71155;130374;Card;TXN109628
16/10/2023;Operations;Salaries;South;39396;39636;Bank Transfer;TXN109640
7/2/2022;Operations;Salaries;South;64029;42574;UPI;TXN109692
12/10/2022;Sales;Salaries;South;34192;128935;Bank Transfer;TXN109708
17/6/2022;IT;Salaries;South;146786;97767;UPI;TXN109718
2/12/2023;Finance;Salaries;South;113064;81128;Card;TXN109742
28/7/2021;Finance;Salaries;South;115762;148979;UPI;TXN109762
12/3/2022;HR;Salaries;South;62347;135604;Card;TXN109777
17/2/2023;IT;Salaries;South;15786;72776;Card;TXN109855
13/9/2023;Operations;Salaries;South;66968;65036;UPI;TXN109989
15/1/2022;Marketing;Salaries;South;105466;27538;Cash;TXN100070
5/11/2023;Marketing;Salaries;South;71859;109454;Card;TXN100110
9/4/2022;Marketing;Salaries;South;12457;29399;Cash;TXN100166
7/2/2022;Marketing;Salaries;South;17157;34656;Bank Transfer;TXN100170
23/4/2023;Marketing;Salaries;South;107238;86590;Card;TXN100706
14/4/2021;Marketing;Salaries;South;81602;164845;Card;TXN100792
29/11/2023;Marketing;Salaries;South;113988;97482;UPI;TXN100793
26/3/2023;Marketing;Salaries;South;101931;71791;Cash;TXN100832
6/10/2023;Marketing;Salaries;South;44161;27876;UPI;TXN101305
20/1/2023;Marketing;Salaries;South;13943;32843;Cash;TXN101404
3/7/2023;Marketing;Salaries;South;104860;45761;Cash;TXN101410
21/1/2021;Marketing;Salaries;South;125135;153584;UPI;TXN101599
30/1/2022;Marketing;Salaries;South;86974;26782;Bank Transfer;TXN101868
4/8/2022;Marketing;Salaries;South;72469;153644;UPI;TXN101906
2/10/2022;Marketing;Salaries;South;32575;14133;Card;TXN102330
22/9/2021;Marketing;Salaries;South;93940;148493;UPI;TXN102380
27/8/2022;Marketing;Salaries;South;53760;112808;UPI;TXN102648
11/6/2021;Marketing;Salaries;South;76279;60786;Cash;TXN102708
23/5/2023;Marketing;Salaries;South;73616;124639;Cash;TXN102750
4/8/2023;Marketing;Salaries;South;60293;83148;Cash;TXN102912
24/1/2023;Marketing;Salaries;South;10743;44138;Card;TXN102963
27/5/2023;Marketing;Salaries;South;48575;22436;Bank Transfer;TXN103051
31/3/2022;Marketing;Salaries;South;55347;60025;Cash;TXN103591
21/8/2022;Marketing;Salaries;South;10082;129907;UPI;TXN103619
4/10/2021;Marketing;Salaries;South;101622;34999;Bank Transfer;TXN103655
23/2/2023;Marketing;Salaries;South;103415;57502;UPI;TXN104197
6/5/2022;Marketing;Salaries;South;77659;63540;Bank Transfer;TXN104205
25/2/2022;Marketing;Salaries;South;87184;71960;Card;TXN104549
25/10/2022;Marketing;Salaries;South;135695;93903;Card;TXN104717
25/11/2023;Marketing;Salaries;South;71185;138754;Card;TXN104758
29/9/2021;Marketing;Salaries;South;110145;123580;Card;TXN104797
28/6/2021;Marketing;Salaries;South;77240;161900;Card;TXN104882
4/7/2021;Marketing;Salaries;South;50284;107360;Card;TXN105104
6/8/2022;Marketing;Salaries;South;61942;80474;UPI;TXN105115
22/6/2022;Marketing;Salaries;South;140171;83542;UPI;TXN105198
13/1/2022;Marketing;Salaries;South;95409;45958;UPI;TXN105354
19/5/2021;Marketing;Salaries;South;78860;138105;Bank Transfer;TXN105403
26/1/2023;Marketing;Salaries;South;27366;136287;Card;TXN105484
19/9/2021;Marketing;Salaries;South;120040;122767;Cash;TXN105623
29/3/2021;Marketing;Salaries;South;66723;44229;Card;TXN105734
9/6/2022;Marketing;Salaries;South;115666;166994;Card;TXN105947
11/4/2021;Marketing;Salaries;South;90195;159850;Card;TXN106355
27/9/2023;Marketing;Salaries;South;55663;138103;UPI;TXN106400
6/2/2023;Marketing;Salaries;South;13884;146277;UPI;TXN106475
4/3/2022;Marketing;Salaries;South;95406;136612;Cash;TXN106563
1/5/2022;Marketing;Salaries;South;34970;12258;Cash;TXN106608
1/8/2021;Marketing;Salaries;South;120948;153254;Card;TXN106640
18/8/2021;Marketing;Salaries;South;29771;41563;Card;TXN106812
23/4/2021;Marketing;Salaries;South;70115;64209;Cash;TXN106983
16/6/2023;Marketing;Salaries;South;60400;59164;Bank Transfer;TXN107133
28/1/2022;Marketing;Salaries;South;142666;36279;UPI;TXN107161
21/2/2021;Marketing;Salaries;South;66215;125155;Cash;TXN107854
18/10/2021;Marketing;Salaries;South;137152;61260;UPI;TXN107873
10/5/2022;Marketing;Salaries;South;56503;143109;Bank Transfer;TXN108063
11/12/2021;Marketing;Salaries;South;70135;31359;Bank Transfer;TXN108074
30/12/2021;Marketing;Salaries;South;20397;35062;UPI;TXN108323
16/4/2023;Marketing;Salaries;South;90560;151033;Bank Transfer;TXN108327
15/7/2022;Marketing;Salaries;South;50571;122915;Cash;TXN108451
25/11/2023;Marketing;Salaries;South;61003;9524;Bank Transfer;TXN108534
15/4/2021;Marketing;Salaries;South;36859;137172;UPI;TXN108607
21/2/2022;Marketing;Salaries;South;136804;106897;UPI;TXN108841
3/1/2022;Marketing;Salaries;South;82671;18719;Cash;TXN108843
25/8/2022;Marketing;Salaries;South;148844;17498;Card;TXN108931
25/4/2021;Marketing;Salaries;South;39456;16124;Card;TXN108987
20/9/2023;Marketing;Salaries;South;75346;138729;Card;TXN108989
1/5/2021;Marketing;Salaries;South;105289;147006;Card;TXN109409
20/5/2021;Marketing;Salaries;South;143997;150464;Bank Transfer;TXN109470
28/4/2022;Marketing;Salaries;South;119787;43999;Cash;TXN109503
5/5/2023;Marketing;Salaries;South;37694;17374;Cash;TXN109523
28/6/2023;Marketing;Salaries;South;62959;118454;Cash;TXN109605
11/9/2023;Marketing;Salaries;South;72098;123333;Bank Transfer;TXN109632
14/5/2023;Marketing;Salaries;South;71723;78143;Card;TXN109831
23/9/2023;Finance;Marketing;South;25860;132052;UPI;TXN100056
23/10/2021;Marketing;Marketing;South;30012;59380;Card;TXN100061
13/12/2023;Operations;Marketing;South;102584;67228;Card;TXN100065
15/11/2022;Sales;Marketing;South;78444;162348;Cash;TXN100097
28/1/2022;Sales;Marketing;South;88236;69261;Bank Transfer;TXN100108
4/12/2021;HR;Marketing;South;90792;81097;Cash;TXN100176
10/8/2022;Finance;Marketing;South;57471;161265;Bank Transfer;TXN100200
7/2/2021;Finance;Marketing;South;41849;145310;Card;TXN100224
18/8/2023;IT;Marketing;South;44575;82860;UPI;TXN100233
29/10/2021;Operations;Marketing;South;107275;45917;Bank Transfer;TXN100249
1/11/2021;IT;Marketing;South;27874;99039;UPI;TXN100295
10/10/2023;IT;Marketing;South;53400;65560;Bank Transfer;TXN100326
31/5/2022;HR;Marketing;South;140845;9490;UPI;TXN100363
1/2/2022;HR;Marketing;South;96079;81929;UPI;TXN100378
2/4/2022;HR;Marketing;South;101792;17176;UPI;TXN100399
23/8/2021;Marketing;Marketing;South;117457;91117;UPI;TXN100442
12/8/2023;HR;Marketing;South;48071;138370;Bank Transfer;TXN100447
23/7/2023;Sales;Marketing;South;146674;108638;Card;TXN100481
22/7/2021;Marketing;Marketing;South;74687;129898;UPI;TXN100490
24/6/2022;Operations;Marketing;South;120397;116672;Bank Transfer;TXN100508
19/5/2023;Operations;Marketing;South;123305;105509;UPI;TXN100510
20/1/2022;Operations;Marketing;South;73994;160206;Bank Transfer;TXN100544
24/9/2023;Finance;Marketing;South;117871;115354;Bank Transfer;TXN100552
22/3/2021;Sales;Marketing;South;56221;137622;UPI;TXN100601
19/4/2022;Operations;Marketing;South;24093;67604;Card;TXN100661
5/11/2023;Finance;Marketing;South;103431;103987;Bank Transfer;TXN100676
27/3/2021;Marketing;Marketing;South;23060;13159;Cash;TXN100681
13/11/2023;Marketing;Marketing;South;123700;45880;UPI;TXN100783
1/4/2023;HR;Marketing;South;129190;13301;UPI;TXN100791
15/7/2021;Finance;Marketing;South;13500;40648;Bank Transfer;TXN100808
21/8/2022;HR;Marketing;South;134541;138809;UPI;TXN100809
22/5/2023;Operations;Marketing;South;123518;104766;Cash;TXN100828
16/8/2023;HR;Marketing;South;128237;106354;Card;TXN100839
22/10/2023;HR;Marketing;South;17945;74247;UPI;TXN100859
24/9/2022;IT;Marketing;South;27754;59613;UPI;TXN100977
28/2/2021;IT;Marketing;South;54507;15985;Card;TXN100978
15/7/2023;Operations;Marketing;South;82494;161939;Cash;TXN101130
18/7/2022;HR;Marketing;South;85382;134059;Card;TXN101155
11/2/2023;IT;Marketing;South;88255;50945;UPI;TXN101156
28/12/2022;Marketing;Marketing;South;94580;41899;Cash;TXN101167
20/2/2023;Finance;Marketing;South;92462;133557;Card;TXN101177
12/8/2022;Sales;Marketing;South;14667;17125;Card;TXN101234
6/12/2023;HR;Marketing;South;83829;168057;Card;TXN101236
18/2/2022;Marketing;Marketing;South;47230;24773;Cash;TXN101247
26/7/2022;Finance;Marketing;South;41829;147611;Bank Transfer;TXN101250
5/2/2022;Finance;Marketing;South;31275;166650;UPI;TXN101262
12/9/2023;HR;Marketing;South;97258;16723;Card;TXN101312
7/7/2022;Operations;Marketing;South;46398;8448;Bank Transfer;TXN101461
28/5/2022;IT;Marketing;South;45656;42845;Cash;TXN101485
10/11/2023;Finance;Marketing;South;105596;70823;Cash;TXN101498
2/4/2023;Marketing;Marketing;South;102384;33364;Cash;TXN101561
6/7/2023;HR;Marketing;South;18143;51189;Card;TXN101567
9/5/2022;IT;Marketing;South;107619;107284;Card;TXN101616
1/6/2021;IT;Marketing;South;41477;8750;Card;TXN101647
28/4/2022;Finance;Marketing;South;84405;23386;UPI;TXN101662
24/10/2022;Operations;Marketing;South;110037;151458;UPI;TXN101714
19/1/2023;Marketing;Marketing;South;83000;114675;UPI;TXN101749
27/12/2021;Operations;Marketing;South;107565;74261;Cash;TXN101750
27/6/2022;Finance;Marketing;South;122339;18428;Bank Transfer;TXN101802
12/2/2021;HR;Marketing;South;65251;56142;Cash;TXN101808
21/11/2022;Marketing;Marketing;South;25362;46344;Bank Transfer;TXN101819
7/2/2023;HR;Marketing;South;44940;159611;Bank Transfer;TXN101839
15/4/2021;Finance;Marketing;South;64765;159719;Card;TXN101883
26/7/2022;HR;Marketing;South;137855;147764;Bank Transfer;TXN101889
24/6/2022;Marketing;Marketing;South;119082;27640;Bank Transfer;TXN101925
20/2/2023;Marketing;Marketing;South;71243;137499;Cash;TXN101953
17/12/2021;Operations;Marketing;South;94044;151460;UPI;TXN101955
17/11/2022;Marketing;Marketing;South;30840;131694;Bank Transfer;TXN101969
25/2/2022;IT;Marketing;South;55248;76518;Card;TXN102002
15/5/2022;Operations;Marketing;South;77714;112562;Card;TXN102026
10/8/2022;Sales;Marketing;South;139511;104583;Bank Transfer;TXN102037
10/11/2023;Operations;Marketing;South;63956;29068;Cash;TXN102042
15/5/2022;Finance;Marketing;South;14821;41867;UPI;TXN102063
8/6/2021;Operations;Marketing;South;103353;128878;Card;TXN102069
10/2/2022;IT;Marketing;South;49060;45742;UPI;TXN102073
16/3/2021;Operations;Marketing;South;122236;64273;Bank Transfer;TXN102099
17/4/2023;HR;Marketing;South;47306;38617;Bank Transfer;TXN102102
25/6/2023;Sales;Marketing;South;111536;55390;Cash;TXN102140
25/5/2023;Marketing;Marketing;South;92268;59060;Bank Transfer;TXN102146
7/5/2022;HR;Marketing;South;147115;67562;UPI;TXN102154
28/1/2021;Marketing;Marketing;South;125398;150559;Bank Transfer;TXN102178
13/6/2022;IT;Marketing;South;76286;93271;Card;TXN102183
28/9/2023;Marketing;Marketing;South;117620;111553;Bank Transfer;TXN102218
25/9/2021;Marketing;Marketing;South;133815;151699;Bank Transfer;TXN102236
11/10/2022;Finance;Marketing;South;110895;70485;Card;TXN102271
30/9/2021;HR;Marketing;South;81227;8726;UPI;TXN102309
28/2/2022;Marketing;Marketing;South;85280;86181;UPI;TXN102356
27/9/2021;HR;Marketing;South;22463;114871;UPI;TXN102358
9/10/2023;IT;Marketing;South;25390;43371;UPI;TXN102373
7/12/2021;Marketing;Marketing;South;47040;22363;Bank Transfer;TXN102460
28/3/2023;IT;Marketing;South;86699;105157;UPI;TXN102466
18/2/2021;Sales;Marketing;South;58561;93134;Card;TXN102522
10/7/2023;Operations;Marketing;South;133022;79362;UPI;TXN102524
4/10/2021;IT;Marketing;South;139552;76396;Card;TXN102525
26/6/2022;IT;Marketing;South;117764;79168;Card;TXN102568
5/10/2023;IT;Marketing;South;78211;169058;Cash;TXN102585
1/10/2023;Marketing;Marketing;South;83135;93534;Card;TXN102599
19/5/2021;Marketing;Marketing;South;115646;32693;Card;TXN102601
30/1/2022;Finance;Marketing;South;122839;74104;Bank Transfer;TXN102625
15/10/2023;Finance;Marketing;South;90938;118732;Bank Transfer;TXN102630
26/11/2022;Operations;Marketing;South;85104;45539;Card;TXN102639
26/4/2021;Finance;Marketing;South;32590;47164;Card;TXN102655
17/4/2023;Marketing;Marketing;South;40617;82130;Card;TXN102663
14/10/2021;Marketing;Marketing;South;42836;64732;UPI;TXN102666
22/1/2021;Finance;Marketing;South;137939;104004;Card;TXN102669
30/6/2023;Operations;Marketing;South;41107;138637;Bank Transfer;TXN102688
1/9/2023;Sales;Marketing;South;73001;62491;Bank Transfer;TXN102717
31/7/2022;IT;Marketing;South;82437;154040;UPI;TXN102762
6/8/2021;Marketing;Marketing;South;58248;61256;UPI;TXN102775
25/6/2023;IT;Marketing;South;81963;36165;Cash;TXN102779
2/7/2023;IT;Marketing;South;97657;62436;UPI;TXN102791
21/5/2023;Operations;Marketing;South;142489;35506;Card;TXN102792
18/11/2023;Finance;Marketing;South;148524;101321;Card;TXN102812
24/2/2021;Operations;Marketing;South;47742;125005;Bank Transfer;TXN102852
5/9/2022;HR;Marketing;South;70139;63369;UPI;TXN102977
9/10/2021;Finance;Marketing;South;125911;162957;Cash;TXN103016
9/2/2022;IT;Marketing;South;127973;136773;Card;TXN103023
8/12/2021;Operations;Marketing;South;58787;58942;Cash;TXN103064
29/9/2021;Finance;Marketing;South;79136;19376;Cash;TXN103082
10/10/2021;Sales;Marketing;South;79036;42857;UPI;TXN103141
15/2/2021;Marketing;Marketing;South;63326;115233;Card;TXN103250
31/5/2021;HR;Marketing;South;50236;27929;Card;TXN103274
2/3/2021;IT;Marketing;South;65591;18441;Card;TXN103284
2/3/2021;Sales;Marketing;South;18685;20644;Cash;TXN103355
21/7/2022;Sales;Marketing;South;112034;79410;Cash;TXN103359
24/10/2022;Operations;Marketing;South;103311;151535;UPI;TXN103396
15/3/2023;Sales;Marketing;South;147532;98420;Bank Transfer;TXN103532
19/12/2023;HR;Marketing;South;70777;143637;Bank Transfer;TXN103540
8/2/2023;HR;Marketing;South;35847;102626;Card;TXN103579
31/12/2021;Operations;Marketing;South;37450;144595;UPI;TXN103605
19/6/2021;Operations;Marketing;South;92078;164627;UPI;TXN103647
7/7/2023;HR;Marketing;South;130872;79031;Bank Transfer;TXN103661
1/1/2022;Finance;Marketing;South;102142;124473;Bank Transfer;TXN103717
1/5/2022;Sales;Marketing;South;105278;124278;Card;TXN103762
20/3/2022;Marketing;Marketing;South;98144;169932;Card;TXN103791
3/5/2022;HR;Marketing;South;113340;73200;Cash;TXN103801
6/1/2021;Sales;Marketing;South;19173;97185;Cash;TXN103825
3/1/2023;HR;Marketing;South;46183;37303;Bank Transfer;TXN103899
29/7/2021;IT;Marketing;South;24746;119614;UPI;TXN103931
17/4/2022;Sales;Marketing;South;43094;59527;Card;TXN103945
11/6/2021;Sales;Marketing;South;111105;165853;UPI;TXN103962
12/9/2023;Marketing;Marketing;South;111743;152045;Cash;TXN103973
12/6/2023;Operations;Marketing;South;42381;124854;Card;TXN104022
16/6/2023;HR;Marketing;South;10418;78859;UPI;TXN104031
21/4/2021;Sales;Marketing;South;47357;94000;Bank Transfer;TXN104034
31/1/2023;Operations;Marketing;South;93723;58164;UPI;TXN104036
25/8/2022;HR;Marketing;South;145743;158531;UPI;TXN104045
13/2/2023;IT;Marketing;South;122362;21467;Card;TXN104052
28/4/2022;HR;Marketing;South;81721;157761;Cash;TXN104199
5/8/2022;Operations;Marketing;South;144105;77906;UPI;TXN104271
30/10/2023;HR;Marketing;South;85244;25736;Cash;TXN104275
4/1/2021;IT;Marketing;South;17990;116556;Cash;TXN104307
12/1/2021;HR;Marketing;South;118223;87427;Bank Transfer;TXN104320
20/3/2022;IT;Marketing;South;142366;36443;Cash;TXN104331
20/6/2021;Sales;Marketing;South;49900;104716;UPI;TXN104441
16/11/2023;HR;Marketing;South;80282;169207;Bank Transfer;TXN104451
2/3/2023;Operations;Marketing;South;76119;66073;Card;TXN104491
12/6/2022;Marketing;Marketing;South;49426;30911;UPI;TXN104545
28/8/2022;HR;Marketing;South;108764;129883;UPI;TXN104590
25/4/2022;Finance;Marketing;South;71799;105550;Cash;TXN104608
14/12/2021;Finance;Marketing;South;73409;106393;Bank Transfer;TXN104613
11/7/2023;Operations;Marketing;South;134628;142027;UPI;TXN104663
29/8/2022;Finance;Marketing;South;36877;10953;Cash;TXN104665
20/1/2023;Sales;Marketing;South;133941;116138;Card;TXN104680
10/9/2021;IT;Marketing;South;65983;163551;Card;TXN104696
15/9/2022;Operations;Marketing;South;119020;60824;Card;TXN104803
29/10/2023;Operations;Marketing;South;21989;53269;UPI;TXN104808
3/7/2022;Operations;Marketing;South;13391;95932;Cash;TXN104818
2/6/2022;Operations;Marketing;South;122691;144173;Bank Transfer;TXN104867
10/7/2021;IT;Marketing;South;20718;60552;Bank Transfer;TXN104886
9/12/2022;Marketing;Marketing;South;14214;99199;Card;TXN104887
7/1/2022;HR;Marketing;South;134061;114520;Cash;TXN104906
13/7/2022;IT;Marketing;South;39501;136497;Card;TXN104923
4/2/2023;Operations;Marketing;South;79625;64447;Bank Transfer;TXN104935
26/9/2022;Operations;Marketing;South;103841;165471;Bank Transfer;TXN104949
4/9/2022;Operations;Marketing;South;57934;96577;UPI;TXN104966
17/9/2022;Operations;Marketing;South;24272;87807;Card;TXN104990
9/5/2022;IT;Marketing;South;92474;161021;Cash;TXN105015
21/2/2021;Sales;Marketing;South;115212;47636;UPI;TXN105016
20/6/2022;Marketing;Marketing;South;26057;144894;Card;TXN105027
2/5/2021;Marketing;Marketing;South;83519;96738;Bank Transfer;TXN105042
2/1/2021;IT;Marketing;South;121125;96310;Cash;TXN105077
14/2/2021;Finance;Marketing;South;32789;107869;Bank Transfer;TXN105092
9/9/2022;IT;Marketing;South;84170;108374;Card;TXN105121
13/5/2022;Marketing;Marketing;South;107054;26561;UPI;TXN105141
1/10/2022;IT;Marketing;South;48321;136830;UPI;TXN105143
8/6/2023;IT;Marketing;South;78259;58906;Bank Transfer;TXN105165
30/9/2021;Marketing;Marketing;South;26674;41606;Cash;TXN105206
2/2/2022;IT;Marketing;South;38478;107906;Bank Transfer;TXN105239
25/4/2022;Marketing;Marketing;South;68946;28701;UPI;TXN105270
26/9/2022;Finance;Marketing;South;67151;71035;UPI;TXN105303
16/7/2021;Operations;Marketing;South;101687;159706;Bank Transfer;TXN105315
25/4/2023;Finance;Marketing;South;13316;9083;Card;TXN105445
15/7/2022;Finance;Marketing;South;20013;151952;Bank Transfer;TXN105539
28/11/2022;Sales;Marketing;South;101097;75754;Cash;TXN105559
24/2/2022;HR;Marketing;South;60147;129994;UPI;TXN105588
17/2/2023;Operations;Marketing;South;100536;109041;Bank Transfer;TXN105599
10/9/2023;Operations;Marketing;South;32715;43218;Bank Transfer;TXN105630
11/11/2021;Finance;Marketing;South;146469;118406;Cash;TXN105659
7/12/2023;HR;Marketing;South;138410;44866;UPI;TXN105700
20/3/2023;Marketing;Marketing;South;110243;28946;Bank Transfer;TXN105753
19/4/2023;Operations;Marketing;South;99809;25126;Bank Transfer;TXN105823
31/1/2022;Sales;Marketing;South;64731;96964;Card;TXN105837
18/2/2021;HR;Marketing;South;123553;111292;Card;TXN105846
24/4/2022;IT;Marketing;South;82056;118942;Card;TXN105852
28/3/2021;Sales;Marketing;South;71924;135245;UPI;TXN105858
1/5/2022;Finance;Marketing;South;49974;151226;Cash;TXN105959
12/7/2023;IT;Marketing;South;42593;100437;UPI;TXN105998
29/1/2022;Marketing;Marketing;South;48382;33313;Card;TXN106038
15/3/2022;Finance;Marketing;South;72263;21999;Card;TXN106062
25/1/2023;IT;Marketing;South;75536;31377;Card;TXN106093
6/6/2021;Finance;Marketing;South;108716;72121;Cash;TXN106114
24/4/2021;Sales;Marketing;South;134213;72143;Card;TXN106147
21/1/2022;Finance;Marketing;South;69757;73369;Card;TXN106155
6/5/2021;Finance;Marketing;South;83353;53246;UPI;TXN106183
12/9/2021;Operations;Marketing;South;67944;62631;Card;TXN106200
30/5/2021;Finance;Marketing;South;112013;47660;Cash;TXN106253
13/2/2023;Marketing;Marketing;South;65039;45611;Cash;TXN106254
11/12/2023;Sales;Marketing;South;97943;127062;Bank Transfer;TXN106269
28/1/2022;Finance;Marketing;South;37468;120879;Card;TXN106338
9/9/2022;IT;Marketing;South;143181;82254;Cash;TXN106350
30/7/2023;HR;Marketing;South;20987;45436;Card;TXN106358
3/6/2023;HR;Marketing;South;72164;142765;Bank Transfer;TXN106389
30/5/2023;Sales;Marketing;South;112945;71123;Card;TXN106397
28/8/2022;Operations;Marketing;South;94005;79047;Bank Transfer;TXN106427
18/9/2023;Finance;Marketing;South;45509;95036;Bank Transfer;TXN106477
15/10/2021;Sales;Marketing;South;72108;152811;Card;TXN106486
7/2/2022;Marketing;Marketing;South;85186;162458;Card;TXN106504
8/11/2022;Finance;Marketing;South;103066;166939;Card;TXN106508
26/8/2023;HR;Marketing;South;35308;15793;UPI;TXN106544
23/1/2023;Sales;Marketing;South;132673;57433;Cash;TXN106546
10/8/2021;Operations;Marketing;South;65753;115251;Bank Transfer;TXN106561
10/9/2022;Finance;Marketing;South;73804;81992;UPI;TXN106591
28/10/2023;Sales;Marketing;South;114050;116862;Cash;TXN106610
17/5/2021;Marketing;Marketing;South;17531;120301;Cash;TXN106671
4/11/2021;Operations;Marketing;South;61522;77546;Cash;TXN106690
27/8/2023;Finance;Marketing;South;14502;68722;UPI;TXN106703
21/8/2021;IT;Marketing;South;138057;32290;Card;TXN106705
28/4/2021;Operations;Marketing;South;42617;63315;Bank Transfer;TXN106722
19/10/2022;Sales;Marketing;South;111439;167046;Cash;TXN106753
3/12/2021;Marketing;Marketing;South;70444;169610;Bank Transfer;TXN106785
19/11/2022;Finance;Marketing;South;122829;116064;Cash;TXN106802
1/7/2021;HR;Marketing;South;60009;120350;UPI;TXN106813
17/8/2022;Sales;Marketing;South;13444;113759;Cash;TXN106873
18/2/2021;Operations;Marketing;South;113376;130715;Bank Transfer;TXN106889
20/6/2022;Sales;Marketing;South;129821;150526;UPI;TXN106892
12/7/2021;Sales;Marketing;South;44489;116583;Card;TXN106937
14/6/2022;Marketing;Marketing;South;149927;125788;Cash;TXN106939
10/3/2023;Finance;Marketing;South;120217;17132;Card;TXN106950
4/12/2022;Finance;Marketing;South;116064;85357;Bank Transfer;TXN106992
22/4/2022;Finance;Marketing;South;21970;153725;Card;TXN106995
24/8/2023;Sales;Marketing;South;83144;92905;Cash;TXN107029
21/9/2023;HR;Marketing;South;64471;90823;Card;TXN107060
31/1/2022;Operations;Marketing;South;110080;30896;Bank Transfer;TXN107074
11/2/2021;HR;Marketing;South;120374;93331;UPI;TXN107088
11/1/2022;HR;Marketing;South;99109;16933;Cash;TXN107104
31/12/2023;IT;Marketing;South;148477;94385;UPI;TXN107167
5/8/2022;Marketing;Marketing;South;106651;22208;Cash;TXN107177
13/1/2023;Sales;Marketing;South;10073;74133;Cash;TXN107205
9/4/2021;HR;Marketing;South;103098;19222;UPI;TXN107217
4/6/2022;HR;Marketing;South;33457;32723;Bank Transfer;TXN107248
18/5/2021;Sales;Marketing;South;64690;32939;Card;TXN107296
10/10/2023;Operations;Marketing;South;23993;74265;Card;TXN107374
15/7/2022;IT;Marketing;South;36833;156577;Bank Transfer;TXN107379
13/5/2021;IT;Marketing;South;32567;102737;Cash;TXN107418
9/1/2021;Operations;Marketing;South;17785;149723;UPI;TXN107437
13/1/2021;Finance;Marketing;South;22564;131293;Card;TXN107438
17/10/2023;HR;Marketing;South;24720;83466;UPI;TXN107498
4/5/2021;Marketing;Marketing;South;92842;156729;Bank Transfer;TXN107656
24/10/2022;HR;Marketing;South;97414;46508;Card;TXN107795
30/12/2021;Operations;Marketing;South;95424;148716;Cash;TXN107809
30/9/2022;Marketing;Marketing;South;60648;47044;UPI;TXN107811
27/7/2022;Finance;Marketing;South;41623;94146;UPI;TXN107821
22/8/2022;Operations;Marketing;South;121258;24804;Card;TXN107822
30/8/2022;Operations;Marketing;South;33118;114951;Bank Transfer;TXN107837
10/6/2023;IT;Marketing;South;11215;25121;Card;TXN107904
15/4/2022;Marketing;Marketing;South;63801;115289;Bank Transfer;TXN107932
16/1/2022;Finance;Marketing;South;63085;89766;Cash;TXN108018
20/4/2022;Operations;Marketing;South;39108;162114;Cash;TXN108031
30/9/2021;IT;Marketing;South;132692;159533;Cash;TXN108040
20/11/2022;Finance;Marketing;South;16230;153747;Card;TXN108049
27/11/2022;Marketing;Marketing;South;110389;128891;Cash;TXN108075
8/12/2021;Sales;Marketing;South;123850;43109;UPI;TXN108107
19/2/2022;IT;Marketing;South;98618;12023;Bank Transfer;TXN108131
21/12/2022;Finance;Marketing;South;113275;151120;UPI;TXN108155
30/10/2023;Finance;Marketing;South;114725;49229;Bank Transfer;TXN108168
17/6/2023;HR;Marketing;South;146870;83242;Cash;TXN108187
13/9/2023;Marketing;Marketing;South;88102;168141;Bank Transfer;TXN108197
4/3/2023;Operations;Marketing;South;147006;141360;Cash;TXN108202
19/8/2023;Marketing;Marketing;South;49324;89602;UPI;TXN108206
13/8/2021;HR;Marketing;South;38919;59747;Cash;TXN108274
1/7/2022;Operations;Marketing;South;129797;77647;Card;TXN108286
19/6/2023;Finance;Marketing;South;102963;116794;UPI;TXN108292
26/1/2022;Marketing;Marketing;South;131256;143777;UPI;TXN108303
3/10/2021;Marketing;Marketing;South;63566;64630;Bank Transfer;TXN108484
11/6/2021;IT;Marketing;South;46417;161313;UPI;TXN108508
18/4/2022;Marketing;Marketing;South;23229;89695;Bank Transfer;TXN108517
12/6/2022;HR;Marketing;South;11147;76976;Bank Transfer;TXN108590
16/4/2023;Marketing;Marketing;South;36858;163101;UPI;TXN108596
19/12/2023;IT;Marketing;South;104138;120985;UPI;TXN108649
10/6/2023;Sales;Marketing;South;121611;86738;Bank Transfer;TXN108691
30/4/2022;Operations;Marketing;South;147933;148806;Cash;TXN108745
26/10/2023;Sales;Marketing;South;19782;82210;UPI;TXN108795
26/5/2022;IT;Marketing;South;81445;127004;Cash;TXN108826
19/6/2023;Operations;Marketing;South;134409;62189;Bank Transfer;TXN108867
15/6/2021;HR;Marketing;South;130714;142324;Card;TXN108870
23/3/2021;Marketing;Marketing;South;133212;137808;UPI;TXN108968
29/10/2023;IT;Marketing;South;93593;78048;Cash;TXN108977
13/1/2022;HR;Marketing;South;37654;167940;UPI;TXN109013
29/4/2021;Sales;Marketing;South;128019;10593;Bank Transfer;TXN109052
28/9/2021;HR;Marketing;South;34004;134156;Cash;TXN109087
3/4/2021;HR;Marketing;South;38552;162568;Bank Transfer;TXN109094
19/6/2023;HR;Marketing;South;37436;57159;Cash;TXN109110
29/5/2022;Marketing;Marketing;South;43085;52693;UPI;TXN109111
10/11/2021;Marketing;Marketing;South;79489;102133;Bank Transfer;TXN109150
31/8/2021;Marketing;Marketing;South;86840;61421;Card;TXN109207
13/12/2022;IT;Marketing;South;59089;81165;UPI;TXN109241
9/8/2022;IT;Marketing;South;96316;36832;Card;TXN109282
11/7/2023;Sales;Marketing;South;114308;91258;Card;TXN109321
12/7/2022;Sales;Marketing;South;120626;161904;Cash;TXN109326
8/8/2022;IT;Marketing;South;71700;116619;Card;TXN109337
2/3/2023;IT;Marketing;South;59145;73816;Bank Transfer;TXN109349
20/5/2023;IT;Marketing;South;136607;152385;Cash;TXN109357
10/11/2023;IT;Marketing;South;131074;89142;Cash;TXN109370
13/5/2021;Sales;Marketing;South;90460;40480;Card;TXN109373
1/2/2023;Operations;Marketing;South;39285;136398;UPI;TXN109489
22/12/2023;HR;Marketing;South;117752;12302;Bank Transfer;TXN109593
21/4/2022;Marketing;Marketing;South;107193;39541;UPI;TXN109614
8/4/2023;Operations;Marketing;South;85021;12662;Bank Transfer;TXN109681
8/7/2023;HR;Marketing;South;129705;100969;Card;TXN109705
4/8/2022;Sales;Marketing;South;103653;82001;Cash;TXN109716
11/6/2021;Marketing;Marketing;South;50896;149011;Card;TXN109727
20/7/2021;Marketing;Marketing;South;54610;108946;Bank Transfer;TXN109735
14/1/2022;Sales;Marketing;South;110284;70389;Cash;TXN109743
23/5/2023;Operations;Marketing;South;95401;63119;Card;TXN109760
15/3/2023;Marketing;Marketing;South;101168;87688;UPI;TXN109783
18/12/2022;Sales;Marketing;South;121517;30656;Cash;TXN109810
13/7/2022;Sales;Marketing;South;128180;57611;Cash;TXN109838
14/8/2023;Marketing;Marketing;South;27459;55152;Bank Transfer;TXN109842
26/12/2021;IT;Marketing;South;129687;50453;Bank Transfer;TXN109850
31/10/2023;Sales;Marketing;South;137340;89931;Bank Transfer;TXN109876
17/3/2022;Sales;Marketing;South;43615;18006;UPI;TXN109889
23/8/2021;Marketing;Marketing;South;117091;140439;UPI;TXN109916
8/9/2022;HR;Marketing;South;50527;23423;UPI;TXN109955
29/6/2023;Marketing;Marketing;South;71894;20785;Card;TXN109973
8/8/2021;Marketing;Utilities;South;10009;93558;Card;TXN100146
12/11/2023;Finance;Utilities;South;63213;137778;Cash;TXN100222
18/12/2023;Sales;Utilities;South;58788;57512;UPI;TXN100322
29/12/2023;Marketing;Utilities;South;47982;18175;UPI;TXN100429
9/4/2023;Finance;Utilities;South;20261;165250;Bank Transfer;TXN100472
19/6/2023;Finance;Utilities;South;17589;82216;Bank Transfer;TXN100619
17/2/2023;Sales;Utilities;South;117773;97398;Card;TXN100926
6/4/2021;Marketing;Utilities;South;142470;38973;Card;TXN100941
29/5/2021;Finance;Utilities;South;16605;108508;Bank Transfer;TXN101023
6/12/2021;Finance;Utilities;South;104506;134487;UPI;TXN101132
3/3/2021;Marketing;Utilities;South;33878;158118;Card;TXN101173
29/4/2023;Marketing;Utilities;South;51026;136599;Cash;TXN101296
24/11/2022;Sales;Utilities;South;33403;141624;Cash;TXN101320
23/4/2022;Marketing;Utilities;South;62118;81865;Cash;TXN101452
29/4/2021;Sales;Utilities;South;142534;157944;Cash;TXN101502
25/3/2023;Sales;Utilities;South;132418;95645;Bank Transfer;TXN101541
30/3/2022;Sales;Utilities;South;51154;95777;UPI;TXN101584
21/3/2022;Marketing;Utilities;South;146428;145368;Cash;TXN101631
29/3/2022;Finance;Utilities;South;26456;160559;Bank Transfer;TXN101715
6/7/2023;Sales;Utilities;South;102408;152931;Bank Transfer;TXN101795
12/4/2022;Sales;Utilities;South;145997;150938;Card;TXN101812
2/4/2021;Marketing;Utilities;South;44017;13721;Cash;TXN101843
3/11/2023;Marketing;Utilities;South;69019;169445;UPI;TXN101856
22/9/2023;Sales;Utilities;South;39445;115885;Cash;TXN101865
21/7/2023;Sales;Utilities;South;105166;166338;Bank Transfer;TXN102027
18/5/2021;Marketing;Utilities;South;72432;90859;Bank Transfer;TXN102104
7/10/2023;Marketing;Utilities;South;135524;42128;UPI;TXN102121
3/10/2022;Marketing;Utilities;South;72919;42333;UPI;TXN102123
11/8/2022;Finance;Utilities;South;69380;8364;UPI;TXN102196
22/1/2022;Sales;Utilities;South;127143;135669;Bank Transfer;TXN102252
25/9/2021;Marketing;Utilities;South;82547;111761;UPI;TXN102517
1/4/2023;Marketing;Utilities;South;95170;88832;Card;TXN102591
5/12/2022;Marketing;Utilities;South;100692;122317;Bank Transfer;TXN102643
23/4/2021;Finance;Utilities;South;18998;12163;Card;TXN102681
9/8/2023;Sales;Utilities;South;144948;10217;Bank Transfer;TXN102778
7/3/2022;Finance;Utilities;South;95340;27188;UPI;TXN102786
2/4/2023;Finance;Utilities;South;141305;76698;UPI;TXN102817
20/6/2021;Finance;Utilities;South;100666;30572;UPI;TXN102838
6/5/2022;Marketing;Utilities;South;23217;84031;UPI;TXN102899
20/4/2022;Finance;Utilities;South;75659;28751;Cash;TXN103036
20/6/2022;Sales;Utilities;South;15833;158274;Cash;TXN103044
3/12/2022;Finance;Utilities;South;72926;160516;UPI;TXN103070
6/4/2023;Sales;Utilities;South;58667;147663;UPI;TXN103130
19/12/2023;Marketing;Utilities;South;82598;116762;Bank Transfer;TXN103226
14/3/2021;Finance;Utilities;South;32081;156688;UPI;TXN103263
10/5/2023;Finance;Utilities;South;133327;56736;Card;TXN103339
8/10/2023;Finance;Utilities;South;14858;98355;Bank Transfer;TXN103369
4/9/2021;Finance;Utilities;South;10071;36161;Bank Transfer;TXN103413
27/5/2021;Sales;Utilities;South;146588;156253;Card;TXN103415
29/7/2023;Marketing;Utilities;South;65076;24149;UPI;TXN103656
23/10/2021;Finance;Utilities;South;43984;46879;Card;TXN103692
31/7/2023;Finance;Utilities;South;54906;59736;Bank Transfer;TXN103699
29/12/2022;Finance;Utilities;South;136371;151343;UPI;TXN103731
24/11/2021;Marketing;Utilities;South;69911;157260;Cash;TXN103850
7/9/2021;Sales;Utilities;South;139567;152548;Card;TXN103979
9/6/2023;Marketing;Utilities;South;10047;135482;Card;TXN103987
17/10/2022;Marketing;Utilities;South;91772;31116;UPI;TXN104056
20/6/2021;Finance;Utilities;South;53281;59814;Cash;TXN104111
29/3/2022;Sales;Utilities;South;139216;113846;Cash;TXN104130
9/5/2022;Marketing;Utilities;South;59372;140173;Card;TXN104132
7/3/2023;Marketing;Utilities;South;45719;87973;Cash;TXN104233
23/4/2022;Marketing;Utilities;South;76599;145784;Card;TXN104288
24/1/2023;Marketing;Utilities;South;45310;77003;Bank Transfer;TXN104341
12/11/2023;Sales;Utilities;South;117370;84545;Card;TXN104370
25/7/2021;Sales;Utilities;South;22451;164173;Cash;TXN104401
24/3/2021;Finance;Utilities;South;127993;111221;Card;TXN104407
14/3/2021;Sales;Utilities;South;51699;49083;Cash;TXN104819
19/1/2022;Finance;Utilities;South;129321;62825;Card;TXN104846
5/8/2021;Marketing;Utilities;South;112529;97541;Bank Transfer;TXN104850
11/9/2023;Marketing;Utilities;South;45280;21460;Bank Transfer;TXN104925
5/8/2022;Finance;Utilities;South;139036;107258;UPI;TXN105011
7/8/2021;Sales;Utilities;South;36965;147310;Bank Transfer;TXN105055
23/5/2023;Finance;Utilities;South;13866;35605;Card;TXN105084
13/9/2022;Finance;Utilities;South;33361;118215;Card;TXN105101
1/6/2021;Finance;Utilities;South;144711;106549;Card;TXN105176
21/8/2023;Marketing;Utilities;South;122409;61194;Cash;TXN105304
31/3/2022;Finance;Utilities;South;147718;147130;Bank Transfer;TXN105383
9/9/2023;Marketing;Utilities;South;94239;16145;Card;TXN105432
1/1/2022;Finance;Utilities;South;30710;133488;Bank Transfer;TXN105446
9/8/2021;Sales;Utilities;South;18944;159074;Cash;TXN105506
3/8/2021;Marketing;Utilities;South;22459;93656;Bank Transfer;TXN105515
17/1/2022;Finance;Utilities;South;29219;73291;UPI;TXN105551
23/4/2022;Marketing;Utilities;South;74074;117735;Bank Transfer;TXN105562
14/2/2021;Marketing;Utilities;South;88183;133121;UPI;TXN105585
21/11/2021;Sales;Utilities;South;26416;35848;Card;TXN105597
27/8/2022;Marketing;Utilities;South;61176;45173;UPI;TXN105607
25/1/2021;Marketing;Utilities;South;128170;41330;UPI;TXN105634
25/9/2023;Finance;Utilities;South;49857;126788;Card;TXN105645
6/3/2023;Finance;Utilities;South;31135;20220;Bank Transfer;TXN105695
25/3/2023;Sales;Utilities;South;31275;78590;UPI;TXN105791
7/1/2022;Marketing;Utilities;South;58819;11681;Cash;TXN105894
13/5/2022;Marketing;Utilities;South;41310;132687;Bank Transfer;TXN106055
15/7/2022;Marketing;Utilities;South;128788;36250;Cash;TXN106083
6/11/2022;Finance;Utilities;South;114135;28230;Cash;TXN106161
7/9/2022;Sales;Utilities;South;30357;11706;Bank Transfer;TXN106281
9/5/2021;Finance;Utilities;South;87137;88286;Cash;TXN106289
7/11/2023;Marketing;Utilities;South;66615;46465;UPI;TXN106325
31/7/2021;Sales;Utilities;South;114419;75052;Bank Transfer;TXN106386
21/3/2022;Marketing;Utilities;South;110064;155085;Cash;TXN106446
30/9/2021;Finance;Utilities;South;106068;67431;Bank Transfer;TXN106479
5/11/2021;Finance;Utilities;South;20937;157128;UPI;TXN106593
29/9/2023;Sales;Utilities;South;73255;54210;Cash;TXN106615
29/4/2021;Sales;Utilities;South;44326;14042;UPI;TXN106635
20/5/2023;Finance;Utilities;South;131558;99004;Bank Transfer;TXN106862
26/4/2022;Marketing;Utilities;South;56414;50582;Bank Transfer;TXN106943
10/6/2021;Finance;Utilities;South;18785;40148;Cash;TXN106967
17/12/2022;Marketing;Utilities;South;119670;164193;Bank Transfer;TXN107033
16/12/2023;Sales;Utilities;South;133869;64097;Cash;TXN107048
17/12/2022;Sales;Utilities;South;70245;93975;UPI;TXN107092
25/2/2021;Finance;Utilities;South;87156;165723;UPI;TXN107099
11/12/2023;Sales;Utilities;South;132084;67129;Card;TXN107442
2/11/2021;Sales;Utilities;South;115508;38307;Bank Transfer;TXN107458
20/9/2022;Finance;Utilities;South;19103;12668;Card;TXN107459
3/4/2021;Finance;Utilities;South;109208;41353;Cash;TXN107489
24/8/2022;Marketing;Utilities;South;71110;26195;Cash;TXN107619
15/9/2023;Marketing;Utilities;South;136889;20140;Bank Transfer;TXN107721
22/4/2021;Sales;Utilities;South;68141;22653;Card;TXN107779
21/12/2023;Marketing;Utilities;South;121529;15035;UPI;TXN107901
19/7/2023;Finance;Utilities;South;141871;47883;Card;TXN107942
29/9/2022;Sales;Utilities;South;105892;76028;Bank Transfer;TXN108032
27/7/2021;Finance;Utilities;South;55334;156258;Card;TXN108043
29/7/2021;Finance;Utilities;South;11957;110109;UPI;TXN108128
23/5/2021;Sales;Utilities;South;91255;84636;Bank Transfer;TXN108151
1/6/2022;Finance;Utilities;South;92554;169082;Card;TXN108159
28/6/2021;Marketing;Utilities;South;69075;148643;Cash;TXN108199
25/4/2023;Sales;Utilities;South;98490;65642;Card;TXN108265
6/5/2022;Marketing;Utilities;South;67314;62939;UPI;TXN108313
7/5/2021;Sales;Utilities;South;117790;133858;Card;TXN108407
26/1/2023;Marketing;Utilities;South;97377;39803;UPI;TXN108440
22/9/2023;Finance;Utilities;South;32871;80136;UPI;TXN108458
27/11/2021;Marketing;Utilities;South;138787;97757;UPI;TXN108570
10/2/2023;Finance;Utilities;South;22541;14952;Bank Transfer;TXN108573
22/11/2022;Finance;Utilities;South;116973;49762;UPI;TXN108643
14/3/2023;Marketing;Utilities;South;50039;38421;Bank Transfer;TXN108746
4/8/2022;Marketing;Utilities;South;53360;139041;UPI;TXN108823
25/3/2022;Finance;Utilities;South;34466;53923;UPI;TXN108966
15/5/2021;Marketing;Utilities;South;48867;79630;Cash;TXN108969
3/9/2021;Marketing;Utilities;South;86955;19966;Bank Transfer;TXN109031
24/2/2023;Finance;Utilities;South;79727;27353;Cash;TXN109035
28/7/2022;Sales;Utilities;South;80655;66653;Card;TXN109051
27/8/2023;Marketing;Utilities;South;76101;50680;Cash;TXN109057
17/3/2021;Sales;Utilities;South;85875;110249;Bank Transfer;TXN109073
27/1/2023;Marketing;Utilities;South;128459;17846;UPI;TXN109114
21/4/2021;Sales;Utilities;South;121836;35181;UPI;TXN109183
24/6/2021;Sales;Utilities;South;49724;134542;Cash;TXN109216
15/11/2022;Sales;Utilities;South;83110;26745;Card;TXN109273
15/10/2023;Sales;Utilities;South;99968;42936;Cash;TXN109277
21/11/2021;Sales;Utilities;South;117767;149256;Card;TXN109302
11/10/2021;Marketing;Utilities;South;49286;71581;Cash;TXN109309
6/8/2022;Finance;Utilities;South;29622;27588;Card;TXN109377
20/4/2023;Sales;Utilities;South;63490;84848;Card;TXN109427
10/7/2022;Marketing;Utilities;South;29126;92834;UPI;TXN109446
21/5/2022;Sales;Utilities;South;45282;164869;Bank Transfer;TXN109510
21/8/2022;Finance;Utilities;South;122107;81419;UPI;TXN109518
20/5/2022;Sales;Utilities;South;111683;68915;Card;TXN109571
28/1/2023;Finance;Utilities;South;40888;109824;UPI;TXN109600
5/9/2021;Finance;Utilities;South;28703;12725;Cash;TXN109776
5/10/2022;Sales;Utilities;South;74181;149083;Cash;TXN109785
8/12/2021;Marketing;Utilities;South;12435;60071;UPI;TXN109836
20/10/2022;Sales;Utilities;South;17764;166197;Card;TXN109840
19/6/2023;IT;Utilities;South;116775;55467;Cash;TXN100604
29/4/2022;IT;Utilities;South;83933;112368;UPI;TXN101256
12/3/2022;IT;Utilities;South;143425;56629;Bank Transfer;TXN101996
5/6/2021;IT;Utilities;South;82459;58106;Bank Transfer;TXN102322
14/5/2022;IT;Utilities;South;112829;82795;Bank Transfer;TXN102645
22/10/2022;IT;Utilities;South;146757;66535;Card;TXN102733
4/12/2022;IT;Utilities;South;70487;41149;UPI;TXN102743
12/7/2022;IT;Utilities;South;57105;16173;Card;TXN102828
29/4/2021;IT;Utilities;South;52184;62292;UPI;TXN102843
15/5/2022;IT;Utilities;South;13936;13513;UPI;TXN103159
29/11/2023;IT;Utilities;South;58393;36356;Card;TXN103372
18/9/2023;IT;Utilities;South;16772;52454;UPI;TXN103529
6/12/2021;IT;Utilities;South;110689;155868;Bank Transfer;TXN103575
23/9/2022;IT;Utilities;South;111052;18050;Cash;TXN103713
27/5/2023;IT;Utilities;South;12646;33937;Cash;TXN103802
10/2/2022;IT;Utilities;South;25234;31473;UPI;TXN103817
21/10/2021;IT;Utilities;South;143232;113444;Bank Transfer;TXN103978
20/1/2022;IT;Utilities;South;92278;150326;UPI;TXN104035
22/6/2023;IT;Utilities;South;55241;82455;Card;TXN104077
27/6/2023;IT;Utilities;South;130704;75024;Bank Transfer;TXN104309
1/1/2023;IT;Utilities;South;51001;61785;UPI;TXN104416
6/12/2021;IT;Utilities;South;139486;136713;Card;TXN104623
20/8/2022;IT;Utilities;South;88070;123118;Cash;TXN104625
26/7/2023;IT;Utilities;South;75587;82233;Bank Transfer;TXN104642
12/6/2022;IT;Utilities;South;132081;117687;UPI;TXN104705
8/9/2022;IT;Utilities;South;122424;85769;Cash;TXN104892
19/8/2022;IT;Utilities;South;131684;49738;Cash;TXN105256
8/12/2022;IT;Utilities;South;149678;107482;Cash;TXN105565
18/5/2022;IT;Utilities;South;25555;146528;Bank Transfer;TXN105754
7/3/2021;IT;Utilities;South;46174;111142;Bank Transfer;TXN105900
11/4/2021;IT;Utilities;South;63246;52448;Bank Transfer;TXN106084
29/6/2023;IT;Utilities;South;41244;99184;UPI;TXN106088
8/6/2022;IT;Utilities;South;110213;99964;Card;TXN106226
26/5/2021;IT;Utilities;South;121318;12036;Bank Transfer;TXN106412
2/1/2022;IT;Utilities;South;90010;83111;Cash;TXN106614
2/7/2021;IT;Utilities;South;148433;23391;Cash;TXN106654
19/2/2023;IT;Utilities;South;43399;55048;Cash;TXN106725
14/8/2021;IT;Utilities;South;74802;8984;UPI;TXN106811
16/12/2022;IT;Utilities;South;122237;126117;Bank Transfer;TXN106926
1/12/2022;IT;Utilities;South;59223;139842;UPI;TXN107042
2/7/2023;IT;Utilities;South;59316;11440;UPI;TXN107316
30/4/2023;IT;Utilities;South;131190;37838;Cash;TXN107381
10/1/2021;IT;Utilities;South;14683;19662;UPI;TXN107412
10/5/2023;IT;Utilities;South;68882;109196;Cash;TXN107593
20/7/2022;IT;Utilities;South;86894;61828;Cash;TXN107819
14/9/2021;IT;Utilities;South;93699;60047;Cash;TXN107852
25/9/2021;IT;Utilities;South;64221;59304;UPI;TXN108076
26/5/2021;IT;Utilities;South;55196;39269;Card;TXN108326
24/10/2023;IT;Utilities;South;28583;66694;UPI;TXN108334
2/9/2023;IT;Utilities;South;84323;112694;Bank Transfer;TXN108336
24/2/2021;IT;Utilities;South;60822;152938;Cash;TXN108365
26/1/2021;IT;Utilities;South;91537;158858;Bank Transfer;TXN109055
19/11/2023;IT;Utilities;South;131493;123930;UPI;TXN109155
13/3/2023;IT;Utilities;South;58429;64436;Bank Transfer;TXN109234
26/6/2023;IT;Utilities;South;57986;105671;Bank Transfer;TXN109278
26/4/2021;IT;Utilities;South;74314;20369;UPI;TXN109344
10/9/2022;IT;Utilities;South;36216;37201;Bank Transfer;TXN109350
15/11/2021;IT;Utilities;South;16902;56755;UPI;TXN109557
22/8/2022;IT;Utilities;South;16415;35596;Card;TXN109629
2/5/2022;IT;Utilities;South;52440;93292;Cash;TXN109637
30/8/2022;IT;Utilities;South;134953;132772;UPI;TXN109720
1/5/2023;IT;Utilities;South;145533;26780;UPI;TXN109800
3/3/2022;IT;Utilities;South;52291;111119;Bank Transfer;TXN109937
24/7/2023;IT;Utilities;South;23514;157099;Card;TXN109965
31/8/2023;HR;Utilities;South;106613;79734;UPI;TXN100133
1/7/2022;HR;Utilities;South;36451;47859;Card;TXN100238
24/7/2022;HR;Utilities;South;19198;72597;Card;TXN100261
22/11/2022;HR;Utilities;South;100413;138241;Bank Transfer;TXN100375
8/1/2021;HR;Utilities;South;103911;124320;Cash;TXN100653
25/11/2021;HR;Utilities;South;116534;58503;UPI;TXN100755
21/6/2022;HR;Utilities;South;55628;148262;Card;TXN100871
2/1/2021;HR;Utilities;South;139599;55948;Cash;TXN101361
31/3/2021;HR;Utilities;South;110510;120331;Card;TXN101369
11/8/2022;HR;Utilities;South;114555;113405;UPI;TXN101538
21/5/2021;HR;Utilities;South;95376;27225;Cash;TXN101637
25/8/2022;HR;Utilities;South;141050;77074;Bank Transfer;TXN102030
16/7/2023;HR;Utilities;South;102001;116596;Bank Transfer;TXN102077
15/7/2023;HR;Utilities;South;69821;104676;Card;TXN102132
22/6/2023;HR;Utilities;South;17030;18285;Cash;TXN102136
9/9/2023;HR;Utilities;South;80455;145426;Cash;TXN102294
20/7/2021;HR;Utilities;South;80657;66116;Bank Transfer;TXN102692
4/6/2022;HR;Utilities;South;71001;48020;Bank Transfer;TXN102925
11/9/2021;HR;Utilities;South;138699;80233;UPI;TXN103054
21/3/2022;HR;Utilities;South;27031;66318;Card;TXN103313
30/10/2021;HR;Utilities;South;145657;84061;Cash;TXN103345
25/4/2021;HR;Utilities;South;66141;164414;Card;TXN103408
13/8/2023;HR;Utilities;South;69200;163393;UPI;TXN103542
6/10/2023;HR;Utilities;South;97601;108402;Cash;TXN104001
10/12/2023;HR;Utilities;South;34836;138795;Bank Transfer;TXN104277
10/9/2022;HR;Utilities;South;103630;145998;Cash;TXN104314
7/2/2023;HR;Utilities;South;111190;33927;Card;TXN104400
12/10/2022;HR;Utilities;South;146252;160802;Card;TXN104521
2/9/2023;HR;Utilities;South;140413;168103;UPI;TXN104615
27/12/2022;HR;Utilities;South;88597;99123;UPI;TXN104689
18/8/2022;HR;Utilities;South;115852;81663;Bank Transfer;TXN104861
25/12/2023;HR;Utilities;South;48304;27612;UPI;TXN105025
4/12/2023;HR;Utilities;South;87507;164614;Cash;TXN105096
24/9/2023;HR;Utilities;South;76986;9360;Bank Transfer;TXN105194
2/12/2023;HR;Utilities;South;11432;51543;Card;TXN105407
26/7/2021;HR;Utilities;South;126845;68739;Bank Transfer;TXN105574
9/7/2023;HR;Utilities;South;113830;31901;Card;TXN105693
12/4/2023;HR;Utilities;South;14576;86240;Bank Transfer;TXN105853
4/12/2022;HR;Utilities;South;103738;146876;Cash;TXN105912
21/6/2022;HR;Utilities;South;127549;39947;Bank Transfer;TXN105997
24/5/2023;HR;Utilities;South;143761;134025;UPI;TXN106126
23/5/2022;HR;Utilities;South;27507;110460;Bank Transfer;TXN106387
10/5/2021;HR;Utilities;South;41715;38446;Cash;TXN106754
4/4/2023;HR;Utilities;South;93399;32821;Bank Transfer;TXN106845
4/5/2022;HR;Utilities;South;48862;15313;Cash;TXN106864
6/9/2021;HR;Utilities;South;89021;117700;Bank Transfer;TXN107015
29/3/2021;HR;Utilities;South;22207;109135;UPI;TXN107073
1/4/2022;HR;Utilities;South;15613;39076;Bank Transfer;TXN107285
14/7/2022;HR;Utilities;South;32424;85967;Card;TXN107332
16/12/2023;HR;Utilities;South;60412;166009;UPI;TXN107531
25/1/2021;HR;Utilities;South;69198;94582;UPI;TXN107718
27/3/2022;HR;Utilities;South;97112;124036;Cash;TXN107900
25/9/2023;HR;Utilities;South;49396;103784;Cash;TXN107908
10/3/2023;HR;Utilities;South;40897;100884;UPI;TXN107957
30/12/2023;HR;Utilities;South;61189;127981;Card;TXN108175
5/4/2021;HR;Utilities;South;25145;146178;Bank Transfer;TXN108433
2/11/2023;HR;Utilities;South;81660;8381;Card;TXN108540
26/11/2021;HR;Utilities;South;30581;123190;Cash;TXN109144
22/10/2023;HR;Utilities;South;74904;158571;Bank Transfer;TXN109191
22/2/2023;HR;Utilities;South;38552;129141;Cash;TXN109211
1/5/2021;HR;Utilities;South;30957;90417;UPI;TXN109275
20/6/2022;HR;Utilities;South;49818;154146;Bank Transfer;TXN109383
31/5/2021;HR;Utilities;South;55384;65110;Bank Transfer;TXN109649
21/12/2021;HR;Utilities;South;66291;42518;UPI;TXN109807
26/5/2022;Operations;Utilities;South;66879;149486;Bank Transfer;TXN100021
12/12/2021;Operations;Utilities;South;78371;133061;Card;TXN100183
6/12/2023;Operations;Utilities;South;139244;131951;Cash;TXN100243
31/5/2023;Operations;Utilities;South;12358;71182;Cash;TXN100562
8/3/2023;Operations;Utilities;South;121370;159137;UPI;TXN100603
18/6/2023;Operations;Utilities;South;19968;84620;Bank Transfer;TXN100710
31/12/2021;Operations;Utilities;South;96349;34999;Bank Transfer;TXN101243
22/8/2023;Operations;Utilities;South;88735;19734;Bank Transfer;TXN101797
2/6/2023;Operations;Utilities;South;61013;73747;Card;TXN101826
19/5/2022;Operations;Utilities;South;17521;131733;Cash;TXN102235
21/10/2023;Operations;Utilities;South;25960;16253;UPI;TXN102261
25/7/2023;Operations;Utilities;South;84469;23773;Cash;TXN102498
28/2/2021;Operations;Utilities;South;84860;21919;Card;TXN102581
23/7/2022;Operations;Utilities;South;39181;18962;Card;TXN103167
7/7/2023;Operations;Utilities;South;45942;103105;UPI;TXN103220
5/1/2022;Operations;Utilities;South;50411;83922;Bank Transfer;TXN103257
12/2/2021;Operations;Utilities;South;100182;24465;Cash;TXN103266
25/5/2023;Operations;Utilities;South;70363;32987;Bank Transfer;TXN103325
19/10/2021;Operations;Utilities;South;60842;26737;Cash;TXN103483
31/8/2022;Operations;Utilities;South;149393;55298;Card;TXN103818
23/12/2022;Operations;Utilities;South;125185;158777;Card;TXN103858
18/5/2022;Operations;Utilities;South;130632;59308;UPI;TXN104002
27/12/2023;Operations;Utilities;South;27013;109551;Bank Transfer;TXN104619
23/6/2023;Operations;Utilities;South;135642;102134;Card;TXN104664
6/12/2022;Operations;Utilities;South;14188;169923;Bank Transfer;TXN104685
24/10/2021;Operations;Utilities;South;93946;80681;Card;TXN104747
30/5/2022;Operations;Utilities;South;84188;16109;Card;TXN105116
24/5/2021;Operations;Utilities;South;18040;137323;Cash;TXN105223
29/8/2023;Operations;Utilities;South;35394;126063;Card;TXN105427
30/8/2023;Operations;Utilities;South;81717;72183;Bank Transfer;TXN105516
21/8/2023;Operations;Utilities;South;127786;45692;Card;TXN105518
24/11/2022;Operations;Utilities;South;19867;151056;Card;TXN105811
17/5/2022;Operations;Utilities;South;142306;9148;Cash;TXN105926
22/10/2023;Operations;Utilities;South;30062;168469;UPI;TXN106058
24/11/2021;Operations;Utilities;South;40964;139154;Bank Transfer;TXN106210
25/8/2021;Operations;Utilities;South;38979;9985;Cash;TXN106471
23/4/2023;Operations;Utilities;South;101777;55238;Cash;TXN106732
27/8/2022;Operations;Utilities;South;43433;17629;UPI;TXN106822
18/11/2022;Operations;Utilities;South;129088;84524;Cash;TXN106866
16/3/2021;Operations;Utilities;South;85651;38080;Card;TXN106915
18/10/2023;Operations;Utilities;South;78901;110345;Bank Transfer;TXN106919
9/12/2022;Operations;Utilities;South;79694;51963;Bank Transfer;TXN107260
13/1/2022;Operations;Utilities;South;95654;68230;UPI;TXN107290
5/7/2022;Operations;Utilities;South;81889;63729;Cash;TXN107346
5/4/2023;Operations;Utilities;South;107520;98978;Cash;TXN107400
26/10/2021;Operations;Utilities;South;64741;84071;UPI;TXN107529
8/9/2023;Operations;Utilities;South;30151;88332;Cash;TXN107569
15/7/2023;Operations;Utilities;South;120909;163951;UPI;TXN107712
15/7/2023;Operations;Utilities;South;74634;37914;Bank Transfer;TXN107783
24/5/2021;Operations;Utilities;South;132478;112671;Cash;TXN107906
14/2/2023;Operations;Utilities;South;113120;148400;UPI;TXN107938
20/9/2023;Operations;Utilities;South;56265;61841;Card;TXN108009
10/9/2023;Operations;Utilities;South;35598;127254;Card;TXN108260
13/9/2023;Operations;Utilities;South;52439;109463;UPI;TXN108578
16/6/2021;Operations;Utilities;South;47631;125439;UPI;TXN108599
20/8/2022;Operations;Utilities;South;85496;131051;Cash;TXN108604
23/2/2023;Operations;Utilities;South;72971;21818;Card;TXN108648
12/9/2022;Operations;Utilities;South;33399;140377;Cash;TXN108758
15/8/2022;Operations;Utilities;South;57055;104030;Cash;TXN108863
25/12/2023;Operations;Utilities;South;111837;79907;Bank Transfer;TXN109135
10/2/2023;Operations;Utilities;South;75283;165645;UPI;TXN109162
8/11/2022;Operations;Utilities;South;58205;95228;Cash;TXN109324
9/12/2021;Operations;Utilities;South;16960;31510;Card;TXN109534
20/2/2021;Operations;Utilities;South;141613;81744;Card;TXN109584
17/10/2021;Operations;Utilities;South;21416;158870;Card;TXN109648
2/10/2021;Operations;Utilities;South;80818;54981;Cash;TXN109737
25/9/2023;Operations;Utilities;South;28050;13421;Cash;TXN109798
25/4/2021;Operations;Utilities;South;40141;99236;Bank Transfer;TXN109925
18/1/2021;IT;Travel;West;23332;49838;Card;TXN100259
13/3/2023;IT;Travel;West;34701;106711;Card;TXN100358
12/5/2022;IT;Salaries;West;148760;91401;Card;TXN100368
19/3/2021;IT;Utilities;West;78079;164033;Card;TXN100663
14/7/2023;IT;Travel;West;61523;54521;Card;TXN100923
14/4/2022;IT;Marketing;West;55817;138271;Card;TXN100947
8/4/2021;IT;Marketing;West;95482;53926;Card;TXN101029
14/12/2022;IT;Infrastructure;West;37108;84998;Card;TXN101043
22/10/2021;IT;Travel;West;83993;123571;Card;TXN101235
12/4/2022;IT;Utilities;West;34479;146144;Card;TXN101246
30/8/2022;IT;Marketing;West;37277;149963;Card;TXN101343
31/3/2022;IT;Infrastructure;West;122453;80906;Card;TXN101562
17/5/2023;IT;Marketing;West;92159;118974;Card;TXN101574
9/12/2023;IT;Travel;West;39529;116863;Card;TXN101649
20/12/2023;IT;Training;West;123044;56046;Card;TXN101654
9/12/2022;IT;Marketing;West;64534;136863;Card;TXN101695
4/5/2021;IT;Infrastructure;West;136258;17525;Card;TXN101836
8/7/2022;IT;Training;West;100666;49208;Card;TXN101880
14/10/2022;IT;Training;West;141110;29534;Card;TXN101950
30/5/2022;IT;Infrastructure;West;72249;97791;Card;TXN102004
17/7/2022;IT;Infrastructure;West;135762;73897;Card;TXN102109
19/3/2022;IT;Salaries;West;134062;36337;Card;TXN102662
21/12/2022;IT;Marketing;West;122319;91074;Card;TXN102667
9/7/2022;IT;Utilities;West;67566;114153;Card;TXN102857
27/11/2021;IT;Travel;West;11401;106858;Card;TXN102928
9/8/2021;IT;Travel;West;79385;115347;Card;TXN103031
3/5/2022;IT;Utilities;West;28467;113082;Card;TXN103128
29/12/2022;IT;Salaries;West;124108;167300;Card;TXN103134
15/6/2021;IT;Training;West;145195;96709;Card;TXN103206
26/3/2022;IT;Travel;West;46872;40784;Card;TXN103391
11/3/2022;IT;Salaries;West;21603;107447;Card;TXN103474
12/6/2022;IT;Salaries;West;147707;122118;Card;TXN103538
6/6/2023;IT;Utilities;West;147411;145075;Card;TXN103573
12/10/2022;IT;Travel;West;138902;10892;Card;TXN103747
26/8/2023;IT;Travel;West;34721;153504;Card;TXN103936
28/9/2021;IT;Training;West;43688;120488;Card;TXN103959
6/6/2023;IT;Salaries;West;138167;15574;Card;TXN104080
2/1/2023;IT;Training;West;138547;11794;Card;TXN104657
10/12/2021;IT;Salaries;West;62603;136865;Card;TXN104757
19/7/2023;IT;Infrastructure;West;140709;97362;Card;TXN104773
1/6/2023;IT;Marketing;West;88996;101863;Card;TXN105017
18/12/2021;IT;Marketing;West;12366;155801;Card;TXN105368
10/10/2021;IT;Training;West;129939;153946;Card;TXN105663
12/12/2023;IT;Salaries;West;49238;52006;Card;TXN105847
11/2/2023;IT;Utilities;West;46222;20499;Card;TXN105888
10/5/2022;IT;Infrastructure;West;73477;111532;Card;TXN106021
31/8/2021;IT;Infrastructure;West;90656;38207;Card;TXN106032
31/3/2022;IT;Salaries;West;32188;39028;Card;TXN106053
20/5/2021;IT;Infrastructure;West;57078;105342;Card;TXN106095
24/7/2022;IT;Training;West;132699;10578;Card;TXN106129
23/4/2023;IT;Travel;West;30704;92266;Card;TXN106519
10/7/2022;IT;Training;West;18182;144898;Card;TXN106577
23/12/2021;IT;Training;West;123398;168040;Card;TXN106762
3/3/2021;IT;Marketing;West;123546;48531;Card;TXN106778
14/5/2022;IT;Utilities;West;29478;150890;Card;TXN106875
26/10/2022;IT;Travel;West;22261;87504;Card;TXN107080
26/1/2021;IT;Infrastructure;West;33005;14377;Card;TXN107097
2/5/2022;IT;Travel;West;38902;63394;Card;TXN107135
28/7/2022;IT;Utilities;West;129490;70386;Card;TXN107140
25/12/2023;IT;Utilities;West;38444;156363;Card;TXN107196
11/12/2022;IT;Training;West;107627;143986;Card;TXN107615
13/5/2022;IT;Infrastructure;West;66060;168142;Card;TXN107710
21/2/2022;IT;Utilities;West;133280;112352;Card;TXN107888
23/8/2023;IT;Utilities;West;30354;139112;Card;TXN108263
25/1/2021;IT;Training;West;93526;20862;Card;TXN108289
10/2/2021;IT;Travel;West;16747;42627;Card;TXN108333
23/8/2022;IT;Travel;West;36107;36786;Card;TXN108371
1/1/2021;IT;Utilities;West;95477;61539;Card;TXN108380
22/6/2022;IT;Travel;West;114758;122928;Card;TXN108384
21/1/2023;IT;Training;West;137301;94670;Card;TXN108707
4/11/2021;IT;Infrastructure;West;105616;20935;Card;TXN108877
8/7/2022;IT;Salaries;West;115137;76182;Card;TXN108885
1/1/2023;IT;Training;West;31595;95129;Card;TXN108929
1/3/2021;IT;Travel;West;98400;28257;Card;TXN109160
2/8/2022;IT;Infrastructure;West;77438;32249;Card;TXN109303
21/6/2022;IT;Training;West;146627;41382;Card;TXN109404
29/3/2023;IT;Utilities;West;120258;120721;Card;TXN109552
26/6/2023;IT;Infrastructure;West;38465;154501;Card;TXN109830
30/4/2021;IT;Training;West;38878;119409;Card;TXN109856
17/6/2021;IT;Utilities;West;100544;131409;Card;TXN109977
20/10/2022;Finance;Marketing;West;87059;69241;Card;TXN100443
26/5/2022;Finance;Training;West;97803;112330;Card;TXN100543
29/1/2023;Finance;Salaries;West;92943;15658;Card;TXN100600
28/4/2023;Finance;Marketing;West;146238;111235;Card;TXN100617
2/3/2021;Finance;Training;West;82556;165101;Card;TXN101046
29/1/2021;Finance;Marketing;West;84274;122261;Card;TXN101120
29/8/2023;Finance;Salaries;West;45507;149059;Card;TXN101397
26/5/2022;Finance;Training;West;113424;154214;Card;TXN101497
30/8/2021;Finance;Travel;West;45229;112065;Card;TXN101514
12/10/2023;Finance;Training;West;39168;62450;Card;TXN101529
20/9/2021;Finance;Marketing;West;84789;129444;Card;TXN101677
18/5/2021;Finance;Utilities;West;124687;96394;Card;TXN101931
1/11/2022;Finance;Marketing;West;94162;111270;Card;TXN102276
19/9/2021;Finance;Infrastructure;West;69354;47420;Card;TXN102564
1/12/2023;Finance;Salaries;West;49764;165668;Card;TXN103004
6/11/2021;Finance;Training;West;55066;154088;Card;TXN103079
5/11/2022;Finance;Travel;West;65259;56013;Card;TXN103131
12/1/2023;Finance;Salaries;West;111890;134861;Card;TXN103316
28/4/2023;Finance;Travel;West;50727;124676;Card;TXN103363
27/9/2022;Finance;Salaries;West;36782;18806;Card;TXN103496
31/1/2022;Finance;Training;West;133904;72801;Card;TXN103551
7/4/2023;Finance;Salaries;West;141183;101567;Card;TXN103829
13/3/2023;Finance;Salaries;West;15235;152525;Card;TXN103949
2/9/2023;Finance;Training;West;101302;47564;Card;TXN103982
27/2/2022;Finance;Infrastructure;West;60759;70121;Card;TXN104125
25/10/2022;Finance;Travel;West;40291;92791;Card;TXN104129
9/7/2021;Finance;Infrastructure;West;95519;56773;Card;TXN104408
3/3/2022;Finance;Salaries;West;139089;130279;Card;TXN104467
3/12/2022;Finance;Travel;West;122712;133276;Card;TXN104759
1/1/2021;Finance;Travel;West;43099;87458;Card;TXN104760
12/10/2021;Finance;Salaries;West;68583;130930;Card;TXN104871
2/3/2023;Finance;Utilities;West;114752;62579;Card;TXN105253
23/12/2021;Finance;Utilities;West;98507;35618;Card;TXN105275
18/10/2023;Finance;Infrastructure;West;34809;89353;Card;TXN105393
12/9/2021;Finance;Training;West;80610;142205;Card;TXN105470
18/11/2022;Finance;Travel;West;113197;98515;Card;TXN106378
8/1/2023;Finance;Marketing;West;75295;32924;Card;TXN106601
21/4/2022;Finance;Infrastructure;West;49060;89019;Card;TXN106605
28/5/2023;Finance;Utilities;West;108896;122337;Card;TXN106887
15/5/2022;Finance;Travel;West;51936;108884;Card;TXN106962
12/8/2022;Finance;Marketing;West;120086;19403;Card;TXN106986
27/8/2022;Finance;Marketing;West;72746;99470;Card;TXN107051
22/1/2022;Finance;Travel;West;146256;138942;Card;TXN107090
8/12/2023;Finance;Training;West;49848;122654;Card;TXN107126
31/12/2022;Finance;Marketing;West;90573;151292;Card;TXN107138
7/7/2022;Finance;Travel;West;124103;77847;Card;TXN107166
1/12/2022;Finance;Travel;West;68093;139355;Card;TXN107176
22/9/2021;Finance;Training;West;54617;147676;Card;TXN107236
16/1/2023;Finance;Salaries;West;91814;117438;Card;TXN107385
16/3/2023;Finance;Marketing;West;35972;150076;Card;TXN107695
5/5/2022;Finance;Marketing;West;77224;161371;Card;TXN107990
16/11/2021;Finance;Utilities;West;128589;40338;Card;TXN108029
8/12/2023;Finance;Salaries;West;24416;84328;Card;TXN108181
7/2/2022;Finance;Travel;West;41986;92281;Card;TXN108192
17/9/2021;Finance;Training;West;18146;65115;Card;TXN108256
30/9/2021;Finance;Training;West;97259;138143;Card;TXN108481
26/11/2022;Finance;Salaries;West;112808;69592;Card;TXN108655
30/8/2023;Finance;Utilities;West;129529;64282;Card;TXN108796
4/6/2021;Finance;Salaries;West;136108;73711;Card;TXN109020
24/3/2023;Finance;Marketing;West;61522;112169;Card;TXN109132
30/1/2022;Finance;Salaries;West;102771;20170;Card;TXN109182
27/6/2023;Finance;Travel;West;103064;65022;Card;TXN109238
31/8/2023;Finance;Infrastructure;West;81676;99837;Card;TXN109251
13/10/2021;Finance;Salaries;West;90884;143956;Card;TXN109272
30/11/2021;Finance;Utilities;West;94513;82256;Card;TXN109308
25/6/2022;Finance;Marketing;West;106284;34197;Card;TXN109346
5/5/2022;Finance;Marketing;West;52030;26932;Card;TXN109806
4/7/2022;Finance;Infrastructure;West;104786;97375;Card;TXN109873
31/3/2023;Finance;Salaries;West;16086;101491;Card;TXN109920
11/4/2023;Finance;Travel;West;96575;30150;Card;TXN109985
1/12/2022;Marketing;Marketing;West;75888;11379;Card;TXN100022
24/5/2022;Marketing;Infrastructure;West;116491;35040;Card;TXN100044
6/3/2021;Marketing;Salaries;West;113992;32594;Card;TXN100074
18/11/2023;Marketing;Marketing;West;136092;161382;Card;TXN100086
15/5/2021;Marketing;Travel;West;38782;66207;Card;TXN100087
15/11/2022;Marketing;Infrastructure;West;44612;138226;Card;TXN100137
4/2/2022;Marketing;Salaries;West;120289;161278;Card;TXN100283
23/7/2022;Marketing;Utilities;West;16027;118681;Card;TXN100434
14/5/2021;Marketing;Training;West;136008;79652;Card;TXN100482
12/2/2021;Marketing;Training;West;92688;93980;Card;TXN100614
27/8/2022;Marketing;Infrastructure;West;129259;20596;Card;TXN100630
8/10/2022;Marketing;Utilities;West;146997;14179;Card;TXN100721
24/12/2022;Marketing;Travel;West;17308;39435;Card;TXN100906
11/2/2021;Marketing;Travel;West;94151;102650;Card;TXN100996
27/4/2022;Marketing;Utilities;West;62967;57989;Card;TXN101039
7/8/2022;Marketing;Travel;West;103901;8745;Card;TXN101336
28/1/2021;Marketing;Marketing;West;11724;34595;Card;TXN101470
22/1/2021;Marketing;Utilities;West;127291;91011;Card;TXN102189
21/7/2022;Marketing;Training;West;29012;95774;Card;TXN102242
21/4/2022;Marketing;Training;West;87934;103826;Card;TXN102296
1/8/2023;Marketing;Travel;West;46499;91518;Card;TXN102372
29/6/2023;Marketing;Training;West;144553;132858;Card;TXN102506
13/4/2023;Marketing;Infrastructure;West;116626;123072;Card;TXN102544
4/9/2023;Marketing;Travel;West;104035;143177;Card;TXN102627
30/6/2023;Marketing;Travel;West;45065;55192;Card;TXN102766
23/8/2021;Marketing;Infrastructure;West;110092;25361;Card;TXN102782
28/4/2021;Marketing;Salaries;West;38936;166328;Card;TXN102823
13/7/2023;Marketing;Salaries;West;100100;44363;Card;TXN103035
8/5/2021;Marketing;Utilities;West;70736;67228;Card;TXN103184
6/10/2022;Marketing;Training;West;81431;83497;Card;TXN103261
27/5/2022;Marketing;Travel;West;27016;102613;Card;TXN103321
23/8/2021;Marketing;Travel;West;65347;159161;Card;TXN103401
14/4/2021;Marketing;Training;West;82693;165201;Card;TXN103914
1/1/2022;Marketing;Travel;West;39171;161103;Card;TXN104054
13/6/2023;Marketing;Utilities;West;99832;30456;Card;TXN104189
25/11/2022;Marketing;Infrastructure;West;56548;29043;Card;TXN104328
17/2/2023;Marketing;Infrastructure;West;149778;33597;Card;TXN104612
16/7/2022;Marketing;Marketing;West;40786;107714;Card;TXN104918
16/10/2023;Marketing;Marketing;West;31577;109270;Card;TXN105188
14/6/2023;Marketing;Utilities;West;125288;88544;Card;TXN105325
1/6/2022;Marketing;Infrastructure;West;22705;98976;Card;TXN105820
30/6/2021;Marketing;Infrastructure;West;33191;154422;Card;TXN106067
30/7/2021;Marketing;Salaries;West;116766;35541;Card;TXN106094
5/2/2022;Marketing;Training;West;21578;145792;Card;TXN106422
20/10/2021;Marketing;Utilities;West;87837;40509;Card;TXN106891
20/8/2023;Marketing;Salaries;West;55427;157897;Card;TXN106925
10/9/2021;Marketing;Utilities;West;98107;157859;Card;TXN107028
11/7/2022;Marketing;Training;West;49069;105625;Card;TXN107116
8/8/2023;Marketing;Travel;West;103726;45098;Card;TXN107288
12/6/2023;Marketing;Marketing;West;59008;22803;Card;TXN107356
29/6/2022;Marketing;Salaries;West;108864;108307;Card;TXN107358
23/9/2022;Marketing;Marketing;West;16993;130266;Card;TXN107527
13/4/2022;Marketing;Salaries;West;112566;98887;Card;TXN107588
30/1/2022;Marketing;Marketing;West;34321;33202;Card;TXN107679
14/7/2022;Marketing;Marketing;West;67746;148818;Card;TXN107708
18/1/2022;Marketing;Utilities;West;64879;158263;Card;TXN107780
6/10/2022;Marketing;Utilities;West;143125;59271;Card;TXN107788
21/2/2022;Marketing;Utilities;West;131307;15400;Card;TXN107978
6/8/2022;Marketing;Training;West;30377;69239;Card;TXN108016
21/3/2022;Marketing;Salaries;West;62176;106486;Card;TXN108214
17/3/2021;Marketing;Infrastructure;West;113601;136558;Card;TXN108285
3/1/2022;Marketing;Travel;West;149110;41316;Card;TXN108337
9/6/2023;Marketing;Infrastructure;West;116171;77939;Card;TXN108747
14/10/2022;Marketing;Salaries;West;33886;27021;Card;TXN108756
21/11/2023;Marketing;Salaries;West;24464;121552;Card;TXN108842
8/6/2023;Marketing;Marketing;West;86394;31336;Card;TXN109320
30/6/2022;Marketing;Salaries;West;104209;74411;Card;TXN109567
13/11/2022;Operations;Marketing;West;20704;152314;Card;TXN100124
28/8/2023;Operations;Salaries;West;23251;19016;Card;TXN100388
31/1/2023;Operations;Utilities;West;43034;53003;Card;TXN100397
1/5/2023;Operations;Training;West;45517;60420;Card;TXN100426
25/9/2021;Operations;Salaries;West;40169;57943;Card;TXN100572
1/10/2022;Operations;Infrastructure;West;128665;121409;Card;TXN100657
25/1/2021;Operations;Marketing;West;27907;132700;Card;TXN100883
14/2/2023;Operations;Utilities;West;31340;169761;Card;TXN100954
11/9/2023;Operations;Infrastructure;West;135040;59126;Card;TXN101190
7/2/2021;Operations;Marketing;West;93258;12561;Card;TXN101192
30/11/2023;Operations;Infrastructure;West;25136;58732;Card;TXN101207
8/3/2023;Operations;Utilities;West;97771;81742;Card;TXN101291
30/10/2021;Operations;Salaries;West;112495;12043;Card;TXN101300
4/6/2022;Operations;Training;West;105735;70058;Card;TXN101313
5/9/2023;Operations;Utilities;West;66591;109089;Card;TXN101398
4/8/2023;Operations;Utilities;West;10203;154459;Card;TXN101939
27/2/2022;Operations;Salaries;West;34290;137662;Card;TXN102181
19/1/2021;Operations;Salaries;West;46119;148608;Card;TXN102477
30/9/2022;Operations;Marketing;West;149075;146881;Card;TXN102583
19/7/2022;Operations;Salaries;West;108585;41908;Card;TXN102825
1/10/2022;Operations;Travel;West;75876;82727;Card;TXN103289
8/9/2022;Operations;Salaries;West;29189;58587;Card;TXN103539
8/5/2023;Operations;Salaries;West;148492;110373;Card;TXN103553
9/5/2022;Operations;Travel;West;125770;69816;Card;TXN103724
30/6/2023;Operations;Utilities;West;51128;32408;Card;TXN103847
30/9/2021;Operations;Marketing;West;133185;118025;Card;TXN103917
28/4/2023;Operations;Travel;West;108517;42294;Card;TXN104373
21/1/2021;Operations;Travel;West;76280;108296;Card;TXN104879
18/6/2021;Operations;Utilities;West;138017;8005;Card;TXN105113
13/6/2022;Operations;Training;West;73894;38525;Card;TXN105288
4/5/2023;Operations;Infrastructure;West;49338;90549;Card;TXN105566
16/12/2023;Operations;Training;West;17190;75059;Card;TXN105787
3/5/2021;Operations;Training;West;143777;150007;Card;TXN106521
17/8/2021;Operations;Training;West;127275;133872;Card;TXN106569
4/3/2023;Operations;Infrastructure;West;115736;159920;Card;TXN106632
14/3/2023;Operations;Travel;West;127724;122503;Card;TXN106727
12/8/2021;Operations;Marketing;West;34569;102503;Card;TXN106806
21/11/2022;Operations;Training;West;89030;55911;Card;TXN106833
9/3/2023;Operations;Training;West;31750;119294;Card;TXN106935
27/10/2023;Operations;Salaries;West;23558;138188;Card;TXN106961
25/9/2021;Operations;Salaries;West;13704;98636;Card;TXN107035
24/8/2021;Operations;Travel;West;118838;119572;Card;TXN107170
2/9/2021;Operations;Infrastructure;West;84019;103374;Card;TXN107351
2/4/2021;Operations;Salaries;West;114534;169233;Card;TXN107537
4/9/2023;Operations;Travel;West;36479;46531;Card;TXN108004
15/7/2022;Operations;Travel;West;105193;150993;Card;TXN108103
27/1/2023;Operations;Utilities;West;140071;144631;Card;TXN108105
7/5/2021;Operations;Utilities;West;36814;135499;Card;TXN108455
28/6/2022;Operations;Utilities;West;11396;37794;Card;TXN108462
31/8/2021;Operations;Salaries;West;63391;54315;Card;TXN108516
29/9/2023;Operations;Infrastructure;West;23107;136261;Card;TXN108628
3/4/2023;Operations;Salaries;West;94428;128827;Card;TXN108664
19/11/2023;Operations;Training;West;50396;143046;Card;TXN108765
24/7/2022;Operations;Travel;West;18779;157986;Card;TXN108810
9/2/2021;Operations;Utilities;West;135902;61653;Card;TXN108820
20/8/2021;Operations;Utilities;West;132871;73334;Card;TXN108994
5/7/2023;Operations;Salaries;West;137602;127283;Card;TXN109046
19/6/2022;Operations;Marketing;West;107975;32562;Card;TXN109212
21/10/2023;Operations;Travel;West;36543;121971;Card;TXN109246
19/8/2022;Operations;Infrastructure;West;41983;25914;Card;TXN109586
3/9/2021;Operations;Training;West;65417;69789;Card;TXN109603
20/7/2022;Operations;Training;West;66909;25686;Card;TXN109622
20/10/2022;Operations;Utilities;West;103621;19812;Card;TXN109664
27/10/2021;Operations;Utilities;West;72126;120258;Card;TXN109691
23/5/2023;Operations;Salaries;West;104045;12528;Card;TXN109721
3/9/2023;Operations;Salaries;West;116661;88802;Card;TXN109857
5/9/2022;HR;Infrastructure;West;48216;61044;Card;TXN100100
22/7/2021;HR;Salaries;West;105491;39892;Card;TXN100153
30/12/2022;HR;Travel;West;11912;28852;Card;TXN100395
7/10/2022;HR;Marketing;West;62960;34849;Card;TXN100634
16/4/2023;HR;Salaries;West;134488;42369;Card;TXN100733
19/5/2021;HR;Infrastructure;West;141568;157589;Card;TXN100744
21/1/2022;HR;Salaries;West;48789;16484;Card;TXN100873
26/10/2022;HR;Salaries;West;143557;68614;Card;TXN101032
8/3/2023;HR;Infrastructure;West;112416;67899;Card;TXN101500
16/11/2023;HR;Travel;West;24065;149443;Card;TXN101640
16/9/2023;HR;Training;West;54047;36976;Card;TXN101804
3/11/2022;HR;Infrastructure;West;133297;150335;Card;TXN101862
25/7/2023;HR;Training;West;56543;164236;Card;TXN101961
17/12/2023;HR;Utilities;West;105350;8232;Card;TXN102190
31/5/2023;HR;Travel;West;118787;79678;Card;TXN102222
8/1/2021;HR;Salaries;West;21349;141482;Card;TXN102237
4/5/2023;HR;Training;West;51113;85528;Card;TXN102433
23/10/2021;HR;Infrastructure;West;97776;138660;Card;TXN102515
18/8/2021;HR;Salaries;West;124946;113106;Card;TXN102842
27/11/2021;HR;Infrastructure;West;29734;86221;Card;TXN102865
26/1/2021;HR;Marketing;West;18882;89363;Card;TXN102890
15/11/2023;HR;Infrastructure;West;91844;54175;Card;TXN102891
16/8/2022;HR;Travel;West;133256;165007;Card;TXN102961
24/4/2023;HR;Travel;West;98768;119009;Card;TXN103065
4/9/2023;HR;Travel;West;49075;43271;Card;TXN103090
5/8/2022;HR;Training;West;32442;132971;Card;TXN103114
1/5/2023;HR;Salaries;West;45523;83793;Card;TXN103126
19/1/2021;HR;Infrastructure;West;71980;78863;Card;TXN103175
6/7/2023;HR;Infrastructure;West;93400;54273;Card;TXN103237
22/4/2023;HR;Infrastructure;West;15949;9307;Card;TXN103256
15/12/2022;HR;Utilities;West;45701;166814;Card;TXN103338
21/2/2021;HR;Infrastructure;West;79394;87163;Card;TXN103356
19/4/2021;HR;Salaries;West;70796;115745;Card;TXN103370
16/10/2021;HR;Infrastructure;West;87272;88777;Card;TXN103398
7/7/2021;HR;Training;West;113849;67400;Card;TXN103806
11/3/2021;HR;Salaries;West;10133;24541;Card;TXN103988
10/6/2022;HR;Travel;West;70816;106275;Card;TXN104075
23/4/2021;HR;Marketing;West;94406;75692;Card;TXN104162
16/9/2023;HR;Training;West;65965;58007;Card;TXN104281
19/9/2023;HR;Travel;West;81997;63634;Card;TXN104311
30/10/2021;HR;Infrastructure;West;48807;33877;Card;TXN104337
15/8/2022;HR;Training;West;106831;107442;Card;TXN104700
6/9/2021;HR;Marketing;West;135120;133669;Card;TXN104749
12/5/2021;HR;Infrastructure;West;40249;34613;Card;TXN105187
29/10/2023;HR;Salaries;West;58417;28771;Card;TXN105334
12/3/2022;HR;Travel;West;89235;48236;Card;TXN105401
26/1/2021;HR;Utilities;West;98601;51324;Card;TXN105458
17/4/2022;HR;Travel;West;129590;157924;Card;TXN105549
20/11/2022;HR;Infrastructure;West;66758;111055;Card;TXN105556
10/9/2022;HR;Travel;West;64734;160184;Card;TXN105738
23/3/2021;HR;Salaries;West;36352;43028;Card;TXN105857
28/8/2023;HR;Travel;West;73356;137097;Card;TXN105933
26/5/2022;HR;Infrastructure;West;72927;51891;Card;TXN106029
5/4/2023;HR;Utilities;West;84931;56260;Card;TXN106204
23/1/2023;HR;Training;West;126011;60245;Card;TXN106241
10/11/2023;HR;Infrastructure;West;137571;125966;Card;TXN106361
31/7/2023;HR;Travel;West;109774;109095;Card;TXN106393
9/4/2023;HR;Travel;West;10661;85234;Card;TXN106461
15/7/2023;HR;Travel;West;62100;126020;Card;TXN106495
21/1/2021;HR;Salaries;West;130138;25817;Card;TXN106533
15/2/2023;HR;Utilities;West;27736;112733;Card;TXN106669
26/6/2021;HR;Travel;West;22219;65622;Card;TXN106711
14/1/2023;HR;Training;West;89756;166194;Card;TXN106760
23/9/2023;HR;Marketing;West;143048;36965;Card;TXN106867
6/12/2021;HR;Travel;West;110937;90005;Card;TXN106946
8/8/2022;HR;Infrastructure;West;13816;8605;Card;TXN107111
13/9/2022;HR;Marketing;West;149778;110294;Card;TXN107213
2/10/2021;HR;Travel;West;131714;135162;Card;TXN107263
8/5/2023;HR;Marketing;West;41135;106872;Card;TXN107475
25/12/2021;HR;Travel;West;74075;34190;Card;TXN107554
11/9/2022;HR;Travel;West;32902;58082;Card;TXN107831
17/6/2022;HR;Training;West;88720;114785;Card;TXN107853
1/6/2022;HR;Utilities;West;102119;78749;Card;TXN108047
17/4/2021;HR;Marketing;West;128101;52545;Card;TXN108185
14/7/2021;HR;Utilities;West;91779;36015;Card;TXN108378
26/9/2021;HR;Travel;West;25913;64891;Card;TXN108465
31/12/2023;HR;Marketing;West;88147;108341;Card;TXN108513
18/1/2021;HR;Training;West;112932;166063;Card;TXN108692
6/8/2022;HR;Utilities;West;14491;111863;Card;TXN108726
12/8/2022;HR;Salaries;West;51214;110146;Card;TXN108944
19/8/2021;HR;Training;West;89497;109123;Card;TXN108984
8/12/2022;HR;Utilities;West;140646;105043;Card;TXN109178
6/7/2021;HR;Salaries;West;24419;157620;Card;TXN109205
29/7/2021;HR;Utilities;West;85992;32288;Card;TXN109213
12/10/2022;HR;Marketing;West;88133;69356;Card;TXN109583
24/6/2022;HR;Utilities;West;66316;53085;Card;TXN109748
10/7/2021;Sales;Salaries;West;23236;116798;Card;TXN100254
31/3/2021;Sales;Salaries;West;109147;53101;Card;TXN100385
18/5/2021;Sales;Infrastructure;West;35759;106041;Card;TXN100605
24/2/2022;Sales;Utilities;West;149949;98273;Card;TXN100801
18/10/2023;Sales;Utilities;West;135429;139846;Card;TXN100804
11/3/2022;Sales;Infrastructure;West;101200;94442;Card;TXN100904
23/3/2021;Sales;Infrastructure;West;57018;123401;Card;TXN100959
20/10/2021;Sales;Travel;West;139729;34234;Card;TXN101139
8/3/2022;Sales;Travel;West;31990;18807;Card;TXN101140
14/8/2021;Sales;Marketing;West;55116;120873;Card;TXN101158
25/4/2021;Sales;Marketing;West;129913;120844;Card;TXN101205
6/6/2021;Sales;Travel;West;96553;99578;Card;TXN101292
19/5/2023;Sales;Infrastructure;West;11467;48022;Card;TXN101301
19/6/2023;Sales;Training;West;40135;40938;Card;TXN101389
29/11/2023;Sales;Travel;West;50080;83738;Card;TXN101626
17/3/2022;Sales;Infrastructure;West;71045;36897;Card;TXN101674
20/6/2023;Sales;Training;West;129771;36950;Card;TXN101854
20/3/2021;Sales;Marketing;West;50564;33525;Card;TXN101902
30/9/2021;Sales;Training;West;114765;100131;Card;TXN101960
1/3/2023;Sales;Marketing;West;76193;62879;Card;TXN101967
19/8/2021;Sales;Utilities;West;71049;11470;Card;TXN102020
26/12/2023;Sales;Training;West;138742;104866;Card;TXN102191
18/6/2023;Sales;Marketing;West;115446;95623;Card;TXN102364
15/9/2023;Sales;Travel;West;138839;33124;Card;TXN102391
8/3/2022;Sales;Travel;West;88637;159437;Card;TXN102398
15/9/2023;Sales;Training;West;69376;132481;Card;TXN102484
8/3/2023;Sales;Training;West;70681;73843;Card;TXN102579
3/9/2021;Sales;Infrastructure;West;84111;27110;Card;TXN102624
26/12/2023;Sales;Salaries;West;57191;59931;Card;TXN102705
5/8/2023;Sales;Utilities;West;14839;143738;Card;TXN103012
23/1/2023;Sales;Training;West;22485;24321;Card;TXN103081
4/1/2022;Sales;Salaries;West;142449;98296;Card;TXN103125
18/8/2021;Sales;Infrastructure;West;84504;12479;Card;TXN103211
2/4/2022;Sales;Salaries;West;94701;75605;Card;TXN103385
23/7/2021;Sales;Travel;West;86565;58770;Card;TXN103576
9/2/2022;Sales;Marketing;West;93894;79157;Card;TXN103584
5/10/2022;Sales;Travel;West;77450;145880;Card;TXN103681
5/4/2023;Sales;Salaries;West;87453;13253;Card;TXN103767
2/6/2023;Sales;Utilities;West;113722;125786;Card;TXN103892
7/3/2022;Sales;Training;West;27894;115281;Card;TXN104206
29/7/2022;Sales;Infrastructure;West;118182;120829;Card;TXN104218
17/3/2022;Sales;Salaries;West;29731;142887;Card;TXN104273
28/5/2021;Sales;Marketing;West;141083;45175;Card;TXN104274
18/10/2021;Sales;Marketing;West;41626;96232;Card;TXN104412
17/4/2023;Sales;Travel;West;80623;32486;Card;TXN104414
2/12/2023;Sales;Salaries;West;83379;131739;Card;TXN104463
9/3/2023;Sales;Infrastructure;West;145531;29879;Card;TXN104501
30/11/2021;Sales;Salaries;West;124650;80220;Card;TXN104932
8/11/2023;Sales;Training;West;63994;83978;Card;TXN104992
8/7/2021;Sales;Marketing;West;129639;70878;Card;TXN104999
15/6/2022;Sales;Training;West;113210;143425;Card;TXN105196
25/12/2022;Sales;Training;West;27072;107324;Card;TXN105235
28/11/2021;Sales;Infrastructure;West;132327;47869;Card;TXN105766
4/7/2022;Sales;Marketing;West;50105;10836;Card;TXN105873
18/8/2021;Sales;Training;West;65718;163582;Card;TXN105922
7/6/2023;Sales;Salaries;West;145734;168613;Card;TXN105948
25/4/2023;Sales;Utilities;West;94073;162719;Card;TXN106026
25/2/2021;Sales;Salaries;West;89671;134387;Card;TXN106059
24/3/2023;Sales;Travel;West;144649;110172;Card;TXN106102
13/1/2023;Sales;Utilities;West;80353;169845;Card;TXN106160
8/10/2021;Sales;Infrastructure;West;149857;95512;Card;TXN106206
20/10/2023;Sales;Utilities;West;48848;161972;Card;TXN106274
24/2/2023;Sales;Salaries;West;64721;94029;Card;TXN106667
15/3/2022;Sales;Travel;West;78781;114380;Card;TXN106750
26/3/2021;Sales;Utilities;West;10748;41049;Card;TXN106767
9/9/2022;Sales;Marketing;West;73568;21582;Card;TXN106796
25/3/2022;Sales;Salaries;West;130565;106387;Card;TXN106944
16/12/2023;Sales;Utilities;West;81388;136125;Card;TXN106969
30/3/2023;Sales;Marketing;West;46070;78360;Card;TXN107188
22/4/2023;Sales;Utilities;West;120317;75200;Card;TXN107255
5/10/2022;Sales;Training;West;149655;76674;Card;TXN107962
15/6/2021;Sales;Salaries;West;124692;118039;Card;TXN108021
23/9/2021;Sales;Salaries;West;48724;163456;Card;TXN108120
16/9/2022;Sales;Infrastructure;West;40595;125760;Card;TXN108172
19/8/2022;Sales;Marketing;West;49264;108964;Card;TXN108291
12/5/2021;Sales;Utilities;West;93487;85089;Card;TXN108640
18/6/2023;Sales;Travel;West;55731;76285;Card;TXN108743
5/7/2023;Sales;Training;West;29267;79220;Card;TXN108764
1/2/2023;Sales;Utilities;West;139658;106253;Card;TXN108783
13/9/2021;Sales;Training;West;92830;92762;Card;TXN108851
2/10/2023;Sales;Travel;West;59158;162739;Card;TXN108953
28/8/2023;Sales;Utilities;West;65845;43662;Card;TXN109030
10/3/2021;Sales;Marketing;West;108815;150465;Card;TXN109042
7/12/2022;Sales;Salaries;West;52043;11859;Card;TXN109202
10/3/2023;Sales;Marketing;West;111221;101455;Card;TXN109270
4/6/2022;Sales;Training;West;42235;50208;Card;TXN109289
14/2/2021;Sales;Utilities;West;125765;168146;Card;TXN109390
11/8/2022;Sales;Marketing;West;51307;147643;Card;TXN109465
24/3/2022;Sales;Infrastructure;West;12632;86860;Card;TXN109520
12/9/2022;Sales;Marketing;West;74624;125829;Card;TXN109639
2/4/2023;Sales;Travel;West;98538;125964;Card;TXN109665
17/12/2023;Sales;Travel;West;37141;83883;Card;TXN109669
18/4/2023;Sales;Utilities;West;118909;156803;Card;TXN109801
1/4/2022;Sales;Salaries;West;67026;20801;Cash;TXN100059
15/12/2022;Sales;Salaries;West;81214;11138;Cash;TXN100679
1/5/2023;Marketing;Salaries;West;111359;19159;Cash;TXN100771
8/5/2021;Marketing;Salaries;West;31512;147379;Cash;TXN100979
4/8/2021;Sales;Salaries;West;52991;74452;Cash;TXN101064
7/7/2022;Operations;Salaries;West;88406;29964;Cash;TXN101381
5/11/2021;IT;Salaries;West;77028;9092;Cash;TXN101406
10/8/2023;IT;Salaries;West;85926;137563;Cash;TXN101633
23/10/2022;Finance;Salaries;West;90527;167442;Cash;TXN101852
25/5/2022;IT;Salaries;West;39884;111526;Cash;TXN101873
28/5/2021;Sales;Salaries;West;119264;37264;Cash;TXN101918
11/12/2022;Finance;Salaries;West;37337;55704;Cash;TXN102108
4/8/2022;HR;Salaries;West;27576;142213;Cash;TXN102113
26/2/2023;HR;Salaries;West;72382;60582;Cash;TXN102371
25/9/2023;IT;Salaries;West;37737;45916;Cash;TXN102452
19/7/2023;Marketing;Salaries;West;107571;42556;Cash;TXN102554
18/3/2021;Operations;Salaries;West;32418;148610;Cash;TXN102580
3/7/2021;HR;Salaries;West;42961;106225;Cash;TXN102712
11/10/2022;Finance;Salaries;West;110151;15805;Cash;TXN102804
2/2/2023;Operations;Salaries;West;45790;16733;Cash;TXN103110
23/11/2023;HR;Salaries;West;11052;59697;Cash;TXN103173
27/10/2023;Operations;Salaries;West;147869;160096;Cash;TXN103368
27/10/2021;Finance;Salaries;West;34988;58822;Cash;TXN103547
16/2/2023;Finance;Salaries;West;56827;48000;Cash;TXN103772
4/11/2021;Marketing;Salaries;West;134833;124502;Cash;TXN103924
1/7/2023;HR;Salaries;West;34568;157822;Cash;TXN103943
22/3/2022;Marketing;Salaries;West;102672;161620;Cash;TXN103976
24/8/2021;HR;Salaries;West;62343;116625;Cash;TXN104711
13/9/2022;HR;Salaries;West;68302;74832;Cash;TXN104795
25/11/2023;IT;Salaries;West;100597;152677;Cash;TXN104888
28/9/2021;IT;Salaries;West;51596;84522;Cash;TXN104917
20/2/2023;HR;Salaries;West;36745;52718;Cash;TXN104928
20/8/2022;HR;Salaries;West;70901;14056;Cash;TXN104956
8/7/2023;Operations;Salaries;West;91242;158165;Cash;TXN105003
5/9/2021;IT;Salaries;West;105013;40369;Cash;TXN105009
9/4/2022;Finance;Salaries;West;59967;158195;Cash;TXN105222
11/2/2021;HR;Salaries;West;104946;114325;Cash;TXN105601
1/10/2022;Sales;Salaries;West;122630;145300;Cash;TXN105643
28/6/2021;HR;Salaries;West;145590;151701;Cash;TXN105886
6/8/2023;IT;Salaries;West;19773;140076;Cash;TXN106000
23/10/2023;Marketing;Salaries;West;106782;79623;Cash;TXN106009
26/12/2023;Sales;Salaries;West;34780;150285;Cash;TXN106459
25/1/2021;Marketing;Salaries;West;66777;133377;Cash;TXN106485
8/1/2023;HR;Salaries;West;80295;70953;Cash;TXN106652
14/7/2021;HR;Salaries;West;82398;135061;Cash;TXN106706
22/1/2021;Marketing;Salaries;West;69371;91996;Cash;TXN106731
20/1/2021;Sales;Salaries;West;55094;23150;Cash;TXN106791
26/9/2022;HR;Salaries;West;64868;108554;Cash;TXN106808
14/8/2023;Marketing;Salaries;West;42209;81067;Cash;TXN107078
29/4/2023;IT;Salaries;West;62266;168471;Cash;TXN107087
27/1/2023;Marketing;Salaries;West;92958;147432;Cash;TXN107183
6/7/2023;Finance;Salaries;West;29935;158857;Cash;TXN107224
12/3/2022;Operations;Salaries;West;31015;168635;Cash;TXN107334
27/3/2023;IT;Salaries;West;93813;31618;Cash;TXN107342
10/11/2023;Sales;Salaries;West;33902;111747;Cash;TXN107396
16/2/2022;Sales;Salaries;West;94079;11305;Cash;TXN107572
14/9/2023;Sales;Salaries;West;125427;69405;Cash;TXN107646
25/9/2021;IT;Salaries;West;93415;25586;Cash;TXN107729
17/1/2021;Finance;Salaries;West;75475;169441;Cash;TXN107781
23/1/2021;Sales;Salaries;West;146088;13014;Cash;TXN107838
29/6/2022;IT;Salaries;West;124814;56972;Cash;TXN108026
19/12/2023;HR;Salaries;West;77271;117550;Cash;TXN108277
7/6/2021;HR;Salaries;West;41194;45142;Cash;TXN108419
25/5/2022;Finance;Salaries;West;37175;64355;Cash;TXN108444
29/10/2023;IT;Salaries;West;104000;19629;Cash;TXN108668
30/7/2023;Sales;Salaries;West;119710;82240;Cash;TXN108776
7/10/2022;HR;Salaries;West;104168;110624;Cash;TXN109104
22/7/2022;Operations;Salaries;West;21764;93161;Cash;TXN109456
5/1/2022;Sales;Salaries;West;78475;134066;Cash;TXN109787
29/9/2021;HR;Salaries;West;21510;62109;Cash;TXN109921
19/3/2022;Sales;Salaries;West;91578;154462;Cash;TXN109940
9/9/2023;Marketing;Marketing;West;57660;155517;Cash;TXN100161
18/7/2023;IT;Marketing;West;50132;116527;Cash;TXN100174
9/4/2021;HR;Marketing;West;45399;94687;Cash;TXN100245
17/7/2023;Marketing;Marketing;West;103806;105313;Cash;TXN100257
1/11/2022;HR;Marketing;West;43267;62102;Cash;TXN100908
7/7/2021;Marketing;Marketing;West;100963;78660;Cash;TXN101096
14/1/2021;Marketing;Marketing;West;118987;12908;Cash;TXN101464
13/5/2021;IT;Marketing;West;55209;37589;Cash;TXN101483
5/10/2023;IT;Marketing;West;85465;18126;Cash;TXN101614
4/2/2022;Finance;Marketing;West;30715;31404;Cash;TXN101828
20/8/2023;IT;Marketing;West;54006;87028;Cash;TXN101937
7/2/2021;Marketing;Marketing;West;18376;106663;Cash;TXN102050
2/7/2021;Operations;Marketing;West;44985;36784;Cash;TXN102082
12/10/2023;Marketing;Marketing;West;27871;29781;Cash;TXN102174
26/12/2021;HR;Marketing;West;58638;32517;Cash;TXN102536
17/11/2023;Operations;Marketing;West;129771;42489;Cash;TXN102719
9/6/2021;Marketing;Marketing;West;16647;29998;Cash;TXN102734
20/9/2023;Marketing;Marketing;West;61793;100687;Cash;TXN103138
12/7/2021;Sales;Marketing;West;17764;33924;Cash;TXN103140
15/1/2023;Operations;Marketing;West;135797;74648;Cash;TXN103224
1/12/2023;Marketing;Marketing;West;101374;133850;Cash;TXN103268
2/8/2023;Sales;Marketing;West;14455;103607;Cash;TXN103280
10/5/2022;HR;Marketing;West;27650;104867;Cash;TXN103388
13/7/2021;Marketing;Marketing;West;10163;35092;Cash;TXN103477
6/7/2021;IT;Marketing;West;146638;9565;Cash;TXN103797
15/8/2021;IT;Marketing;West;26919;26289;Cash;TXN103909
9/4/2022;Operations;Marketing;West;112904;167475;Cash;TXN103958
30/1/2021;Marketing;Marketing;West;136446;133958;Cash;TXN104170
3/1/2022;Operations;Marketing;West;46599;18396;Cash;TXN104173
9/8/2021;Sales;Marketing;West;21460;72541;Cash;TXN104265
1/8/2022;HR;Marketing;West;124284;30151;Cash;TXN104353
15/5/2022;HR;Marketing;West;64877;94083;Cash;TXN104506
21/11/2021;Finance;Marketing;West;60165;76237;Cash;TXN104841
18/4/2021;Sales;Marketing;West;88272;102522;Cash;TXN105068
2/10/2023;Marketing;Marketing;West;100686;42054;Cash;TXN105070
19/6/2022;Operations;Marketing;West;117289;125463;Cash;TXN105285
4/6/2022;Sales;Marketing;West;66660;166576;Cash;TXN105329
3/11/2023;Sales;Marketing;West;30387;140966;Cash;TXN105421
24/9/2023;Finance;Marketing;West;103960;43886;Cash;TXN105444
30/10/2022;Sales;Marketing;West;133555;101411;Cash;TXN105576
31/12/2023;Marketing;Marketing;West;115401;71915;Cash;TXN105625
1/5/2022;Operations;Marketing;West;14165;160370;Cash;TXN105632
17/1/2021;HR;Marketing;West;76573;39816;Cash;TXN105750
22/11/2021;Marketing;Marketing;West;71182;153119;Cash;TXN105761
24/12/2022;Marketing;Marketing;West;37007;96664;Cash;TXN105775
17/6/2022;Finance;Marketing;West;110437;133417;Cash;TXN105960
25/6/2021;Finance;Marketing;West;38820;64655;Cash;TXN106050
15/8/2022;Marketing;Marketing;West;31251;91617;Cash;TXN106448
17/5/2023;Operations;Marketing;West;29923;142916;Cash;TXN106498
26/1/2023;IT;Marketing;West;145449;27377;Cash;TXN106817
19/4/2023;Marketing;Marketing;West;102500;168388;Cash;TXN106886
24/5/2021;HR;Marketing;West;67077;33805;Cash;TXN107276
26/11/2021;IT;Marketing;West;107552;54764;Cash;TXN107293
10/5/2022;HR;Marketing;West;130305;64749;Cash;TXN107409
5/11/2023;Operations;Marketing;West;106225;16706;Cash;TXN107504
6/12/2023;Operations;Marketing;West;125197;29494;Cash;TXN107653
15/9/2022;Operations;Marketing;West;78342;54352;Cash;TXN107681
24/2/2022;Sales;Marketing;West;94414;36714;Cash;TXN107742
9/2/2023;Marketing;Marketing;West;43549;110823;Cash;TXN107823
3/5/2021;HR;Marketing;West;81629;68730;Cash;TXN107833
28/5/2022;Sales;Marketing;West;121954;126581;Cash;TXN107878
21/9/2021;Marketing;Marketing;West;142792;104706;Cash;TXN108003
17/1/2023;Marketing;Marketing;West;106729;30224;Cash;TXN108152
7/11/2023;Sales;Marketing;West;40270;125877;Cash;TXN108344
25/5/2021;Operations;Marketing;West;15920;127441;Cash;TXN108552
24/6/2022;Sales;Marketing;West;141626;39606;Cash;TXN108952
30/6/2022;IT;Marketing;West;105873;109125;Cash;TXN109072
8/4/2023;Sales;Marketing;West;21602;88486;Cash;TXN109167
19/8/2021;Finance;Marketing;West;118007;33552;Cash;TXN109458
26/4/2023;Sales;Marketing;West;34656;89825;Cash;TXN109462
21/10/2021;Sales;Marketing;West;124590;26451;Cash;TXN109495
30/6/2022;HR;Marketing;West;124915;134050;Cash;TXN109500
20/12/2022;IT;Marketing;West;52094;9806;Cash;TXN109566
20/12/2023;Sales;Marketing;West;58948;22048;Cash;TXN109712
16/3/2023;Operations;Marketing;West;123638;62920;Cash;TXN109734
8/10/2022;Sales;Infrastructure;West;91927;68989;Cash;TXN100127
5/8/2021;Sales;Infrastructure;West;36457;156498;Cash;TXN100409
3/4/2023;Finance;Infrastructure;West;24823;113610;Cash;TXN100546
4/1/2021;Operations;Infrastructure;West;62604;117162;Cash;TXN100720
16/6/2022;Sales;Infrastructure;West;22607;56512;Cash;TXN100736
27/8/2023;Operations;Infrastructure;West;26696;130847;Cash;TXN100864
26/5/2021;Sales;Infrastructure;West;76036;117213;Cash;TXN101138
9/10/2021;HR;Infrastructure;West;61020;49519;Cash;TXN101499
10/1/2021;IT;Infrastructure;West;20559;101965;Cash;TXN101642
18/2/2022;Finance;Infrastructure;West;19012;42279;Cash;TXN102135
1/3/2022;IT;Infrastructure;West;37578;37452;Cash;TXN102166
24/8/2023;Operations;Infrastructure;West;15594;10332;Cash;TXN102184
1/4/2022;Marketing;Infrastructure;West;23100;16000;Cash;TXN102479
28/4/2021;Operations;Infrastructure;West;55037;162722;Cash;TXN103416
20/10/2022;Sales;Infrastructure;West;23806;61539;Cash;TXN103555
30/8/2023;HR;Infrastructure;West;15696;9286;Cash;TXN103776
30/4/2021;IT;Infrastructure;West;75463;121771;Cash;TXN103811
26/4/2022;Marketing;Infrastructure;West;54180;16061;Cash;TXN103846
19/4/2021;Finance;Infrastructure;West;109411;134354;Cash;TXN103849
23/10/2022;Finance;Infrastructure;West;84954;33333;Cash;TXN103867
23/6/2023;HR;Infrastructure;West;26091;113264;Cash;TXN103888
21/5/2023;Sales;Infrastructure;West;144921;168788;Cash;TXN103915
15/6/2021;HR;Infrastructure;West;60187;130548;Cash;TXN104047
28/8/2023;HR;Infrastructure;West;73798;91001;Cash;TXN104238
16/4/2022;Finance;Infrastructure;West;117197;40701;Cash;TXN104261
30/9/2022;Marketing;Infrastructure;West;20468;152628;Cash;TXN104279
3/10/2022;Operations;Infrastructure;West;58993;105620;Cash;TXN104418
8/6/2023;Finance;Infrastructure;West;102334;33755;Cash;TXN104644
29/11/2022;Sales;Infrastructure;West;10699;141986;Cash;TXN104837
3/8/2021;Marketing;Infrastructure;West;74152;24399;Cash;TXN104869
13/9/2023;Marketing;Infrastructure;West;147065;139972;Cash;TXN105148
27/4/2021;IT;Infrastructure;West;37089;110743;Cash;TXN105168
4/9/2021;HR;Infrastructure;West;107989;123127;Cash;TXN105195
31/12/2023;Marketing;Infrastructure;West;56750;154450;Cash;TXN105228
28/7/2023;Marketing;Infrastructure;West;77011;94879;Cash;TXN105521
7/8/2021;Sales;Infrastructure;West;83850;81830;Cash;TXN105626
28/7/2022;IT;Infrastructure;West;124364;112334;Cash;TXN105667
16/8/2023;HR;Infrastructure;West;123458;53051;Cash;TXN105702
22/2/2022;HR;Infrastructure;West;131208;54464;Cash;TXN105759
28/12/2022;Operations;Infrastructure;West;98482;131474;Cash;TXN105989
25/8/2023;Finance;Infrastructure;West;76314;29023;Cash;TXN106043
3/11/2021;Sales;Infrastructure;West;18647;87314;Cash;TXN106064
19/12/2023;Sales;Infrastructure;West;39386;20304;Cash;TXN106089
25/1/2023;HR;Infrastructure;West;48229;169637;Cash;TXN106307
26/3/2023;Finance;Infrastructure;West;17176;14179;Cash;TXN106398
4/9/2023;Finance;Infrastructure;West;74388;139000;Cash;TXN106564
10/4/2021;Operations;Infrastructure;West;27104;93567;Cash;TXN106594
25/7/2023;Sales;Infrastructure;West;16243;100874;Cash;TXN106604
23/11/2022;Operations;Infrastructure;West;55246;23369;Cash;TXN106881
31/10/2023;Operations;Infrastructure;West;100890;134535;Cash;TXN106940
3/7/2021;HR;Infrastructure;West;89079;116654;Cash;TXN107039
1/10/2022;Operations;Infrastructure;West;134234;125275;Cash;TXN107192
11/11/2022;Sales;Infrastructure;West;65119;59293;Cash;TXN107289
4/5/2023;Operations;Infrastructure;West;16553;67799;Cash;TXN107314
19/8/2022;HR;Infrastructure;West;89632;113683;Cash;TXN107371
21/4/2021;Sales;Infrastructure;West;75287;88370;Cash;TXN107424
11/1/2021;Finance;Infrastructure;West;136929;14957;Cash;TXN107501
17/12/2021;Finance;Infrastructure;West;31213;99176;Cash;TXN107564
19/5/2023;IT;Infrastructure;West;115101;79064;Cash;TXN107587
16/6/2023;IT;Infrastructure;West;148253;159960;Cash;TXN107947
11/2/2023;Sales;Infrastructure;West;51098;80911;Cash;TXN107948
1/10/2022;Operations;Infrastructure;West;137457;71292;Cash;TXN107973
26/3/2021;HR;Infrastructure;West;37837;36820;Cash;TXN107980
2/6/2022;Finance;Infrastructure;West;65324;74839;Cash;TXN108046
13/3/2022;Sales;Infrastructure;West;147775;18166;Cash;TXN108066
24/5/2021;Finance;Infrastructure;West;119438;141491;Cash;TXN108071
23/4/2022;Operations;Infrastructure;West;99889;67404;Cash;TXN108435
13/8/2022;HR;Infrastructure;West;39621;110763;Cash;TXN108490
20/4/2022;Sales;Infrastructure;West;91084;9055;Cash;TXN108809
26/10/2022;Sales;Infrastructure;West;53377;60161;Cash;TXN108819
26/8/2022;HR;Infrastructure;West;26553;15133;Cash;TXN109280
15/9/2022;Marketing;Infrastructure;West;78068;155792;Cash;TXN109292
20/5/2022;Marketing;Infrastructure;West;39051;111493;Cash;TXN109300
31/1/2023;Marketing;Infrastructure;West;45791;76716;Cash;TXN109304
29/5/2023;Sales;Infrastructure;West;78225;93886;Cash;TXN109380
19/9/2022;HR;Infrastructure;West;47246;151642;Cash;TXN109767
1/6/2023;Operations;Infrastructure;West;47094;45850;Cash;TXN109834
17/11/2023;HR;Infrastructure;West;76437;12330;Cash;TXN109898
23/12/2023;Finance;Travel;West;101956;68438;Cash;TXN100077
3/2/2023;HR;Travel;West;88375;125991;Cash;TXN100168
29/3/2022;Operations;Travel;West;118350;11474;Cash;TXN100190
21/3/2022;Marketing;Travel;West;115532;39088;Cash;TXN100460
18/7/2021;Finance;Travel;West;64094;58636;Cash;TXN101316
24/2/2022;Finance;Travel;West;110408;167497;Cash;TXN101436
10/10/2022;IT;Travel;West;91117;46200;Cash;TXN101691
14/10/2021;Operations;Travel;West;64226;49787;Cash;TXN101813
3/6/2022;HR;Travel;West;46188;107847;Cash;TXN101841
29/1/2021;Operations;Travel;West;73914;130978;Cash;TXN101890
12/9/2023;HR;Travel;West;19046;97849;Cash;TXN102129
23/1/2023;Sales;Travel;West;74772;89319;Cash;TXN102446
7/7/2022;Marketing;Travel;West;114835;160690;Cash;TXN102467
10/2/2023;Operations;Travel;West;64694;49126;Cash;TXN102510
5/8/2023;Marketing;Travel;West;61871;113856;Cash;TXN102593
18/1/2022;Marketing;Travel;West;27802;140454;Cash;TXN102598
22/2/2021;Sales;Travel;West;126839;90186;Cash;TXN102738
30/3/2023;Marketing;Travel;West;130138;133343;Cash;TXN102767
23/2/2021;Operations;Travel;West;25574;16076;Cash;TXN102824
20/6/2021;IT;Travel;West;146527;37392;Cash;TXN103449
2/9/2023;Finance;Travel;West;30640;61232;Cash;TXN103571
10/9/2021;Finance;Travel;West;29596;158063;Cash;TXN103608
20/5/2021;Sales;Travel;West;114800;166117;Cash;TXN103884
11/7/2021;Sales;Travel;West;91559;36459;Cash;TXN103998
16/12/2021;Marketing;Travel;West;75674;8574;Cash;TXN104131
15/10/2021;HR;Travel;West;18066;38684;Cash;TXN104293
2/9/2022;HR;Travel;West;10228;62947;Cash;TXN104395
15/10/2022;Finance;Travel;West;96562;162968;Cash;TXN104442
20/9/2021;IT;Travel;West;80976;85361;Cash;TXN104474
25/12/2021;Finance;Travel;West;87804;48074;Cash;TXN104476
31/7/2023;Operations;Travel;West;89075;94076;Cash;TXN104551
10/8/2023;Operations;Travel;West;95094;33685;Cash;TXN104639
5/11/2023;IT;Travel;West;123262;132737;Cash;TXN104849
21/6/2021;Finance;Travel;West;128744;95372;Cash;TXN104897
31/8/2023;Finance;Travel;West;89904;135234;Cash;TXN104994
16/9/2023;Operations;Travel;West;59902;93833;Cash;TXN105034
28/4/2023;Marketing;Travel;West;79578;19634;Cash;TXN105106
26/2/2021;Operations;Travel;West;69998;69422;Cash;TXN105418
29/12/2022;Marketing;Travel;West;42398;83052;Cash;TXN105678
29/11/2023;Operations;Travel;West;59456;145892;Cash;TXN105887
11/10/2023;Sales;Travel;West;70149;123910;Cash;TXN105963
4/8/2021;Operations;Travel;West;83127;111756;Cash;TXN105986
5/6/2023;Sales;Travel;West;139386;143237;Cash;TXN106179
22/3/2022;IT;Travel;West;54896;156193;Cash;TXN106251
4/8/2023;Finance;Travel;West;62685;143310;Cash;TXN106257
7/12/2021;IT;Travel;West;138603;30264;Cash;TXN106359
23/5/2022;HR;Travel;West;16277;126622;Cash;TXN106490
15/3/2022;Sales;Travel;West;91598;24049;Cash;TXN106522
20/1/2022;IT;Travel;West;90963;32422;Cash;TXN106720
3/9/2023;HR;Travel;West;88294;33482;Cash;TXN106828
28/2/2023;HR;Travel;West;101646;151360;Cash;TXN106890
19/1/2023;IT;Travel;West;117142;99276;Cash;TXN107016
17/11/2021;Sales;Travel;West;84875;58248;Cash;TXN107084
10/8/2022;IT;Travel;West;41842;57778;Cash;TXN107085
30/4/2023;HR;Travel;West;40659;156957;Cash;TXN107253
30/9/2023;IT;Travel;West;53246;47231;Cash;TXN107378
24/5/2021;Sales;Travel;West;140462;168904;Cash;TXN107471
29/6/2021;IT;Travel;West;116358;25830;Cash;TXN107565
4/9/2023;IT;Travel;West;91205;132788;Cash;TXN107749
28/12/2023;IT;Travel;West;145103;8409;Cash;TXN107862
13/2/2021;HR;Travel;West;77800;117047;Cash;TXN107905
13/10/2021;Sales;Travel;West;125200;145219;Cash;TXN107935
27/5/2022;Finance;Travel;West;35526;152660;Cash;TXN107951
8/12/2021;Sales;Travel;West;18471;115348;Cash;TXN108023
30/4/2023;Operations;Travel;West;50584;144589;Cash;TXN108141
10/3/2022;Operations;Travel;West;63150;148719;Cash;TXN108201
5/3/2021;Sales;Travel;West;87972;103727;Cash;TXN108331
6/5/2022;Sales;Travel;West;118700;138845;Cash;TXN108332
6/10/2021;Marketing;Travel;West;92525;156057;Cash;TXN108482
17/8/2021;Operations;Travel;West;125872;103543;Cash;TXN108532
27/7/2021;HR;Travel;West;125277;154991;Cash;TXN108568
11/9/2021;HR;Travel;West;114893;68255;Cash;TXN108575
15/11/2021;Operations;Travel;West;81693;89122;Cash;TXN108695
10/12/2022;HR;Travel;West;78383;159876;Cash;TXN109076
15/1/2021;Sales;Travel;West;67587;121388;Cash;TXN109127
1/4/2023;Marketing;Travel;West;47025;150672;Cash;TXN109148
23/2/2023;IT;Travel;West;89792;40686;Cash;TXN109556
9/2/2023;Operations;Travel;West;46528;16064;Cash;TXN109722
15/7/2021;HR;Travel;West;114664;13873;Cash;TXN109808
4/12/2021;Finance;Utilities;West;23869;35685;Cash;TXN100208
4/4/2021;Finance;Utilities;West;59025;60754;Cash;TXN100345
28/12/2022;Operations;Utilities;West;13706;89617;Cash;TXN100383
3/11/2022;Marketing;Utilities;West;146239;111253;Cash;TXN100485
6/9/2021;Sales;Utilities;West;91548;9565;Cash;TXN100641
13/10/2021;Operations;Utilities;West;130721;159060;Cash;TXN100911
23/7/2023;Operations;Utilities;West;83114;55971;Cash;TXN100970
15/12/2022;HR;Utilities;West;133126;139846;Cash;TXN100976
6/2/2021;HR;Utilities;West;107410;27535;Cash;TXN101196
8/2/2022;HR;Utilities;West;76679;151271;Cash;TXN101427
18/10/2021;Marketing;Utilities;West;73795;69817;Cash;TXN101572
23/10/2022;Sales;Utilities;West;116706;20131;Cash;TXN101665
26/4/2023;Marketing;Utilities;West;119809;129590;Cash;TXN101964
28/4/2023;IT;Utilities;West;126584;143536;Cash;TXN102251
19/11/2022;Operations;Utilities;West;38709;86275;Cash;TXN102264
4/9/2021;HR;Utilities;West;108861;143025;Cash;TXN102279
10/11/2023;Sales;Utilities;West;11521;118748;Cash;TXN102628
13/11/2023;Marketing;Utilities;West;68526;167033;Cash;TXN102730
31/5/2022;IT;Utilities;West;42545;37270;Cash;TXN102880
10/5/2022;HR;Utilities;West;88728;45024;Cash;TXN102958
2/8/2023;Operations;Utilities;West;55985;100270;Cash;TXN102975
16/4/2022;Marketing;Utilities;West;89674;96836;Cash;TXN103048
19/8/2022;HR;Utilities;West;19226;151497;Cash;TXN103217
28/10/2023;HR;Utilities;West;40836;42869;Cash;TXN103247
16/11/2022;Marketing;Utilities;West;113121;86448;Cash;TXN103565
10/3/2023;Marketing;Utilities;West;118788;124756;Cash;TXN103601
26/5/2023;Sales;Utilities;West;113913;36594;Cash;TXN103688
29/3/2021;Sales;Utilities;West;79966;126204;Cash;TXN103708
29/11/2022;Marketing;Utilities;West;27458;108904;Cash;TXN104027
15/6/2022;IT;Utilities;West;82911;123741;Cash;TXN104316
27/2/2023;HR;Utilities;West;132426;73770;Cash;TXN104350
10/11/2021;Sales;Utilities;West;57515;94351;Cash;TXN104367
12/2/2021;Marketing;Utilities;West;22669;128785;Cash;TXN104403
10/11/2023;Finance;Utilities;West;41288;143356;Cash;TXN104455
30/7/2021;Operations;Utilities;West;85720;47133;Cash;TXN104457
26/2/2022;HR;Utilities;West;127940;144227;Cash;TXN104517
14/7/2023;IT;Utilities;West;126942;106572;Cash;TXN104610
19/9/2023;Operations;Utilities;West;86742;99514;Cash;TXN104655
2/12/2023;Finance;Utilities;West;35910;80702;Cash;TXN104771
15/10/2022;Operations;Utilities;West;143192;116872;Cash;TXN104817
17/8/2022;Finance;Utilities;West;83101;118020;Cash;TXN104838
14/1/2022;Marketing;Utilities;West;127189;118532;Cash;TXN104889
7/4/2021;Sales;Utilities;West;89889;68797;Cash;TXN104976
6/4/2023;Finance;Utilities;West;121212;151158;Cash;TXN105007
11/4/2023;HR;Utilities;West;129998;73376;Cash;TXN105209
29/4/2021;HR;Utilities;West;89738;157098;Cash;TXN105300
9/12/2021;Sales;Utilities;West;99537;163506;Cash;TXN105380
28/5/2023;HR;Utilities;West;77152;9896;Cash;TXN105489
25/8/2021;Marketing;Utilities;West;25505;169653;Cash;TXN105639
15/11/2022;Marketing;Utilities;West;140828;8374;Cash;TXN105647
27/2/2023;Marketing;Utilities;West;120202;153085;Cash;TXN105660
14/7/2022;HR;Utilities;West;13079;33169;Cash;TXN105880
10/11/2021;Operations;Utilities;West;135114;154547;Cash;TXN106005
19/7/2022;Finance;Utilities;West;103671;67080;Cash;TXN106006
20/8/2021;IT;Utilities;West;108954;64183;Cash;TXN106480
17/5/2022;IT;Utilities;West;56692;69090;Cash;TXN106484
29/1/2022;HR;Utilities;West;21763;20591;Cash;TXN106819
29/7/2023;Marketing;Utilities;West;71986;139787;Cash;TXN106922
11/4/2023;Operations;Utilities;West;63707;162902;Cash;TXN107049
15/8/2023;Sales;Utilities;West;125200;41934;Cash;TXN107141
18/11/2023;Marketing;Utilities;West;121645;124967;Cash;TXN107184
10/10/2022;Marketing;Utilities;West;15304;133044;Cash;TXN107325
6/9/2021;IT;Utilities;West;11563;69869;Cash;TXN107389
7/10/2023;IT;Utilities;West;143373;17349;Cash;TXN107547
12/9/2022;IT;Utilities;West;47607;163808;Cash;TXN107867
4/7/2022;HR;Utilities;West;147235;49336;Cash;TXN108068
8/2/2023;Operations;Utilities;West;64137;24778;Cash;TXN108132
16/8/2021;Operations;Utilities;West;47551;59237;Cash;TXN108245
28/12/2023;Finance;Utilities;West;119946;105428;Cash;TXN108566
22/5/2023;Sales;Utilities;West;69672;11401;Cash;TXN108641
15/12/2021;IT;Utilities;West;111242;11871;Cash;TXN108657
9/11/2023;Marketing;Utilities;West;73543;161979;Cash;TXN108778
15/10/2022;Sales;Utilities;West;112674;44848;Cash;TXN108803
29/4/2022;Marketing;Utilities;West;77989;114420;Cash;TXN108940
28/7/2023;Sales;Utilities;West;15751;23677;Cash;TXN109488
6/4/2023;IT;Utilities;West;27341;159310;Cash;TXN109654
25/1/2023;Finance;Utilities;West;15514;60957;Cash;TXN109661
26/10/2022;Sales;Utilities;West;89331;151552;Cash;TXN109676
5/1/2022;HR;Utilities;West;125048;113355;Cash;TXN109717
14/5/2021;Marketing;Utilities;West;85705;160412;Cash;TXN109828
3/7/2022;Operations;Utilities;West;80658;130939;Cash;TXN109843
30/11/2022;Finance;Training;West;17190;51124;Cash;TXN100142
4/9/2021;Sales;Training;West;58847;28168;Cash;TXN100151
23/11/2023;Marketing;Training;West;126443;14326;Cash;TXN100217
2/6/2022;Sales;Training;West;55231;91408;Cash;TXN100244
19/4/2022;Operations;Training;West;25890;89472;Cash;TXN100351
23/1/2021;Marketing;Training;West;131878;77589;Cash;TXN100356
6/11/2023;HR;Training;West;66433;136369;Cash;TXN100364
2/5/2023;Marketing;Training;West;87049;136272;Cash;TXN100371
31/1/2022;Marketing;Training;West;22317;126307;Cash;TXN100419
30/12/2023;HR;Training;West;90121;59078;Cash;TXN100459
16/11/2022;Operations;Training;West;107210;74815;Cash;TXN100484
25/12/2023;Finance;Training;West;124176;16982;Cash;TXN100533
17/4/2021;Operations;Training;West;35090;126146;Cash;TXN100647
3/2/2021;Sales;Training;West;35524;62785;Cash;TXN100693
16/3/2021;IT;Training;West;45171;27939;Cash;TXN100872
26/6/2021;IT;Training;West;95656;152340;Cash;TXN100885
20/11/2022;Marketing;Training;West;131482;162671;Cash;TXN100895
18/1/2021;HR;Training;West;117491;47907;Cash;TXN100913
2/9/2022;Operations;Training;West;24414;63935;Cash;TXN101008
25/7/2022;Marketing;Training;West;29507;155437;Cash;TXN101213
29/12/2021;Operations;Training;West;80250;82232;Cash;TXN101231
16/11/2022;HR;Training;West;111764;120715;Cash;TXN101405
4/11/2021;Finance;Training;West;140708;12153;Cash;TXN101523
12/3/2023;Marketing;Training;West;144006;140221;Cash;TXN101542
7/11/2021;IT;Training;West;71405;49150;Cash;TXN101718
20/7/2023;Operations;Training;West;66561;46520;Cash;TXN101778
21/1/2022;Marketing;Training;West;98385;147247;Cash;TXN101848
23/10/2022;HR;Training;West;66425;20094;Cash;TXN101979
6/4/2022;IT;Training;West;141652;60044;Cash;TXN102000
10/11/2023;Operations;Training;West;76704;55326;Cash;TXN102036
27/7/2022;Sales;Training;West;65653;18549;Cash;TXN102177
27/7/2022;Sales;Training;West;147882;139418;Cash;TXN102438
1/9/2023;HR;Training;West;122631;35514;Cash;TXN102646
4/12/2022;Operations;Training;West;41087;60398;Cash;TXN102696
26/1/2022;IT;Training;West;88475;61636;Cash;TXN103061
14/9/2022;Finance;Training;West;121186;9106;Cash;TXN103360
8/9/2022;Finance;Training;West;71832;164050;Cash;TXN103666
13/9/2023;Marketing;Training;West;13539;12391;Cash;TXN103693
4/12/2023;Operations;Training;West;121140;86320;Cash;TXN103882
28/3/2021;IT;Training;West;116015;90327;Cash;TXN103967
3/6/2023;IT;Training;West;79208;159294;Cash;TXN103977
6/7/2021;Sales;Training;West;13668;117031;Cash;TXN104102
17/3/2021;Sales;Training;West;19006;58678;Cash;TXN104159
29/12/2023;Operations;Training;West;97256;96615;Cash;TXN104167
21/10/2021;IT;Training;West;94935;30280;Cash;TXN104379
15/5/2023;IT;Training;West;94739;104647;Cash;TXN104404
4/6/2021;IT;Training;West;77409;62962;Cash;TXN104573
3/5/2021;IT;Training;West;108904;125623;Cash;TXN104611
17/3/2021;Marketing;Training;West;25952;115927;Cash;TXN104690
26/3/2021;Marketing;Training;West;105616;65732;Cash;TXN104715
17/2/2021;Sales;Training;West;132119;152628;Cash;TXN104780
1/2/2023;Operations;Training;West;109957;168436;Cash;TXN105005
4/12/2021;Sales;Training;West;89691;154967;Cash;TXN105202
26/6/2021;IT;Training;West;126106;76320;Cash;TXN105208
18/5/2023;IT;Training;West;124048;155640;Cash;TXN105214
2/6/2023;Operations;Training;West;58030;124199;Cash;TXN105306
18/11/2023;Marketing;Training;West;38025;90209;Cash;TXN105528
16/6/2023;Marketing;Training;West;14436;87131;Cash;TXN105624
16/9/2023;Marketing;Training;West;118271;48754;Cash;TXN105709
31/3/2023;HR;Training;West;103418;88648;Cash;TXN105799
29/9/2023;Operations;Training;West;25765;25410;Cash;TXN106041
12/6/2022;IT;Training;West;72884;132024;Cash;TXN106224
2/2/2022;Marketing;Training;West;34381;22758;Cash;TXN106426
2/3/2023;HR;Training;West;130129;123565;Cash;TXN106825
23/1/2021;Operations;Training;West;59278;133670;Cash;TXN106844
24/8/2022;Operations;Training;West;55610;15211;Cash;TXN106964
28/10/2022;Operations;Training;West;131867;108347;Cash;TXN107267
27/8/2022;Operations;Training;West;56268;158872;Cash;TXN107382
8/1/2022;HR;Training;West;54953;122499;Cash;TXN107487
20/8/2021;IT;Training;West;147492;86192;Cash;TXN107860
27/12/2023;Marketing;Training;West;136702;31807;Cash;TXN107879
1/4/2022;HR;Training;West;94557;95355;Cash;TXN107940
16/10/2021;IT;Training;West;13796;77466;Cash;TXN107952
22/11/2021;Finance;Training;West;97855;56598;Cash;TXN107991
31/3/2021;Finance;Training;West;11969;94599;Cash;TXN108154
22/8/2021;Finance;Training;West;140140;56406;Cash;TXN108311
29/5/2022;Finance;Training;West;61665;76463;Cash;TXN108486
25/1/2022;Finance;Training;West;146255;158308;Cash;TXN108722
11/10/2022;HR;Training;West;60403;17862;Cash;TXN108773
6/8/2021;HR;Training;West;61517;63648;Cash;TXN108833
31/12/2022;HR;Training;West;49606;85088;Cash;TXN108839
27/9/2022;HR;Training;West;12666;163904;Cash;TXN108939
4/11/2022;Finance;Training;West;123280;139280;Cash;TXN109025
9/1/2022;Marketing;Training;West;87950;105183;Cash;TXN109367
10/10/2023;Operations;Training;West;48052;74330;Cash;TXN109379
26/11/2021;Marketing;Training;West;82672;69689;Cash;TXN109388
3/6/2023;Marketing;Training;West;147955;92843;Cash;TXN109459
5/6/2022;HR;Training;West;79756;116592;Cash;TXN109460
22/2/2023;IT;Training;West;107479;21552;Cash;TXN109536
21/9/2021;Marketing;Training;West;126545;106172;Cash;TXN109609
30/1/2023;Operations;Training;West;124402;119788;Cash;TXN109700
10/12/2023;Sales;Training;West;33854;117263;Cash;TXN109862
10/8/2023;IT;Training;West;47834;85415;Cash;TXN109917
25/8/2023;Finance;Training;West;125467;135878;Cash;TXN109993
10/2/2021;Finance;Travel;West;94769;68215;Bank Transfer;TXN100085
14/5/2023;Operations;Travel;West;12714;108606;Bank Transfer;TXN100172
27/2/2021;HR;Travel;West;90957;37610;Bank Transfer;TXN100483
12/12/2021;Operations;Travel;West;34245;161356;Bank Transfer;TXN100637
24/10/2022;Finance;Travel;West;92137;27224;Bank Transfer;TXN100702
11/4/2023;Sales;Travel;West;14344;21749;Bank Transfer;TXN100922
12/12/2022;Marketing;Travel;West;133311;127481;Bank Transfer;TXN101075
6/8/2021;Marketing;Travel;West;79354;71220;Bank Transfer;TXN101160
27/12/2022;Sales;Travel;West;37419;115740;Bank Transfer;TXN101331
25/7/2023;Marketing;Travel;West;18594;156217;Bank Transfer;TXN101359
20/11/2021;HR;Travel;West;35875;57729;Bank Transfer;TXN101608
10/2/2022;Finance;Travel;West;149571;44678;Bank Transfer;TXN101738
20/12/2023;Sales;Travel;West;22333;37563;Bank Transfer;TXN101810
4/7/2023;Sales;Travel;West;48548;58459;Bank Transfer;TXN102071
3/2/2022;Marketing;Travel;West;58029;142613;Bank Transfer;TXN102096
16/6/2022;Sales;Travel;West;76391;19924;Bank Transfer;TXN102206
20/5/2022;Marketing;Travel;West;16217;105983;Bank Transfer;TXN102425
28/12/2021;HR;Travel;West;22549;125230;Bank Transfer;TXN102443
19/10/2022;Marketing;Travel;West;28883;169201;Bank Transfer;TXN102619
13/3/2023;Marketing;Travel;West;10941;95431;Bank Transfer;TXN102697
7/7/2021;Marketing;Travel;West;96658;86448;Bank Transfer;TXN102701
17/7/2021;Sales;Travel;West;129632;59604;Bank Transfer;TXN102770
22/11/2021;Marketing;Travel;West;36225;79157;Bank Transfer;TXN102813
5/9/2021;Operations;Travel;West;110378;146742;Bank Transfer;TXN102911
12/9/2022;Finance;Travel;West;85111;23604;Bank Transfer;TXN102945
23/10/2022;IT;Travel;West;48937;45441;Bank Transfer;TXN103013
2/11/2021;Marketing;Travel;West;137943;10250;Bank Transfer;TXN103069
11/2/2023;Sales;Travel;West;34232;46739;Bank Transfer;TXN103322
1/11/2021;Finance;Travel;West;117960;39877;Bank Transfer;TXN103443
17/12/2021;Operations;Travel;West;73211;137012;Bank Transfer;TXN103607
22/2/2023;Marketing;Travel;West;90600;56573;Bank Transfer;TXN103735
29/4/2023;Marketing;Travel;West;67593;119965;Bank Transfer;TXN103868
17/4/2022;Sales;Travel;West;107895;67895;Bank Transfer;TXN103937
9/7/2023;Sales;Travel;West;109227;67006;Bank Transfer;TXN103950
24/4/2023;HR;Travel;West;106872;57567;Bank Transfer;TXN104018
9/4/2021;Sales;Travel;West;125159;158222;Bank Transfer;TXN104184
12/1/2021;Operations;Travel;West;134664;57334;Bank Transfer;TXN104345
6/7/2023;Finance;Travel;West;97172;33544;Bank Transfer;TXN104363
27/2/2021;Marketing;Travel;West;126521;162917;Bank Transfer;TXN104426
17/9/2021;IT;Travel;West;30835;22977;Bank Transfer;TXN104485
21/11/2023;Marketing;Travel;West;145899;26137;Bank Transfer;TXN104547
31/5/2023;IT;Travel;West;46119;66778;Bank Transfer;TXN104589
22/4/2021;Marketing;Travel;West;87827;145575;Bank Transfer;TXN104740
21/6/2023;Sales;Travel;West;54604;152569;Bank Transfer;TXN104752
24/4/2021;Finance;Travel;West;91193;102451;Bank Transfer;TXN105144
2/3/2023;Marketing;Travel;West;22929;35282;Bank Transfer;TXN105375
5/10/2023;IT;Travel;West;143731;157151;Bank Transfer;TXN105480
28/7/2021;Operations;Travel;West;112420;91840;Bank Transfer;TXN105689
8/6/2021;Sales;Travel;West;17449;73322;Bank Transfer;TXN105980
24/8/2021;HR;Travel;West;15729;102092;Bank Transfer;TXN106139
2/3/2023;Finance;Travel;West;77100;27640;Bank Transfer;TXN106225
13/4/2022;IT;Travel;West;134189;109961;Bank Transfer;TXN106382
19/4/2022;Marketing;Travel;West;56185;147839;Bank Transfer;TXN106418
10/8/2023;HR;Travel;West;83785;159005;Bank Transfer;TXN106530
7/1/2022;Sales;Travel;West;42068;50462;Bank Transfer;TXN106536
28/3/2021;Finance;Travel;West;55077;64746;Bank Transfer;TXN106673
8/8/2022;HR;Travel;West;91535;161585;Bank Transfer;TXN106801
5/8/2022;IT;Travel;West;39994;65745;Bank Transfer;TXN106823
10/6/2021;IT;Travel;West;114217;81935;Bank Transfer;TXN106835
24/9/2022;Finance;Travel;West;46687;154496;Bank Transfer;TXN106974
22/12/2021;Finance;Travel;West;120402;103424;Bank Transfer;TXN107008
24/1/2021;IT;Travel;West;59361;66620;Bank Transfer;TXN107077
29/4/2023;IT;Travel;West;24741;9481;Bank Transfer;TXN107102
24/5/2023;Sales;Travel;West;115018;86672;Bank Transfer;TXN107122
22/12/2021;IT;Travel;West;142829;101496;Bank Transfer;TXN107232
16/8/2023;Marketing;Travel;West;37113;141882;Bank Transfer;TXN107377
4/11/2023;Operations;Travel;West;101579;114677;Bank Transfer;TXN107461
15/9/2022;Operations;Travel;West;75785;104541;Bank Transfer;TXN107479
6/1/2023;Sales;Travel;West;140865;70482;Bank Transfer;TXN107493
11/4/2022;Finance;Travel;West;24073;72135;Bank Transfer;TXN107549
22/12/2021;Marketing;Travel;West;132404;85317;Bank Transfer;TXN107604
6/4/2023;Finance;Travel;West;128066;167677;Bank Transfer;TXN107845
11/8/2022;Operations;Travel;West;146592;71165;Bank Transfer;TXN108072
15/2/2023;Operations;Travel;West;146550;120843;Bank Transfer;TXN108186
22/12/2021;IT;Travel;West;57777;152258;Bank Transfer;TXN108400
14/9/2023;IT;Travel;West;111472;83304;Bank Transfer;TXN108447
31/7/2021;Marketing;Travel;West;115824;75757;Bank Transfer;TXN108477
1/11/2022;Sales;Travel;West;18406;38618;Bank Transfer;TXN108479
1/2/2023;Marketing;Travel;West;21752;14635;Bank Transfer;TXN108528
21/11/2021;Operations;Travel;West;122603;114263;Bank Transfer;TXN109047
21/2/2022;Sales;Travel;West;137136;82567;Bank Transfer;TXN109174
20/1/2021;Marketing;Travel;West;69201;86936;Bank Transfer;TXN109222
31/3/2022;HR;Travel;West;74339;56802;Bank Transfer;TXN109240
20/7/2022;IT;Travel;West;137269;119067;Bank Transfer;TXN109331
3/1/2021;Sales;Travel;West;130171;94681;Bank Transfer;TXN109428
29/7/2022;IT;Travel;West;144279;143834;Bank Transfer;TXN109494
4/6/2022;Sales;Travel;West;36418;150224;Bank Transfer;TXN109499
18/12/2023;Finance;Travel;West;17791;147495;Bank Transfer;TXN109562
26/12/2021;Sales;Travel;West;149813;29558;Bank Transfer;TXN109667
15/2/2023;IT;Travel;West;53689;15312;Bank Transfer;TXN109961
16/3/2023;IT;Infrastructure;West;144560;67544;Bank Transfer;TXN100095
7/3/2023;HR;Infrastructure;West;130503;21823;Bank Transfer;TXN100128
19/11/2022;Sales;Infrastructure;West;70428;132802;Bank Transfer;TXN100218
29/11/2023;IT;Infrastructure;West;64351;64261;Bank Transfer;TXN100270
16/4/2022;IT;Infrastructure;West;76473;122490;Bank Transfer;TXN100286
21/11/2022;Operations;Infrastructure;West;76057;45622;Bank Transfer;TXN100372
6/8/2023;HR;Infrastructure;West;145309;135412;Bank Transfer;TXN100432
10/6/2023;Finance;Infrastructure;West;133110;47537;Bank Transfer;TXN100433
8/2/2021;Finance;Infrastructure;West;81131;152537;Bank Transfer;TXN100465
3/5/2023;Operations;Infrastructure;West;128560;110305;Bank Transfer;TXN100537
17/9/2023;Sales;Infrastructure;West;51030;102952;Bank Transfer;TXN100576
20/9/2023;Marketing;Infrastructure;West;91340;75116;Bank Transfer;TXN100786
15/1/2021;Finance;Infrastructure;West;63075;128186;Bank Transfer;TXN100817
5/3/2023;Finance;Infrastructure;West;112978;156300;Bank Transfer;TXN100825
23/12/2023;Sales;Infrastructure;West;110806;57157;Bank Transfer;TXN100899
24/1/2022;Finance;Infrastructure;West;20468;126609;Bank Transfer;TXN101133
14/10/2021;Finance;Infrastructure;West;52773;57160;Bank Transfer;TXN101476
1/11/2021;Marketing;Infrastructure;West;97005;56566;Bank Transfer;TXN101570
24/11/2021;IT;Infrastructure;West;74459;108974;Bank Transfer;TXN101582
22/2/2023;Operations;Infrastructure;West;84227;19902;Bank Transfer;TXN101590
22/3/2022;Finance;Infrastructure;West;68100;35423;Bank Transfer;TXN101721
29/10/2021;Operations;Infrastructure;West;90116;82295;Bank Transfer;TXN101980
22/12/2021;Sales;Infrastructure;West;105980;155815;Bank Transfer;TXN102118
1/10/2022;Operations;Infrastructure;West;35150;156072;Bank Transfer;TXN102150
23/11/2021;HR;Infrastructure;West;142697;47415;Bank Transfer;TXN102172
20/3/2021;Operations;Infrastructure;West;10733;108018;Bank Transfer;TXN102214
10/11/2022;Finance;Infrastructure;West;57417;39720;Bank Transfer;TXN102229
23/5/2022;Operations;Infrastructure;West;42768;122867;Bank Transfer;TXN102238
16/9/2021;Sales;Infrastructure;West;138919;20646;Bank Transfer;TXN102254
12/2/2022;Sales;Infrastructure;West;15430;80853;Bank Transfer;TXN102739
11/6/2021;Marketing;Infrastructure;West;21602;101603;Bank Transfer;TXN102808
26/4/2021;HR;Infrastructure;West;30215;64531;Bank Transfer;TXN102995
20/11/2021;Sales;Infrastructure;West;66098;103256;Bank Transfer;TXN102998
4/8/2022;IT;Infrastructure;West;30098;57094;Bank Transfer;TXN103052
21/8/2023;IT;Infrastructure;West;149333;51096;Bank Transfer;TXN103343
3/3/2021;Finance;Infrastructure;West;44763;145983;Bank Transfer;TXN103558
8/11/2023;HR;Infrastructure;West;58996;46992;Bank Transfer;TXN103795
13/5/2023;HR;Infrastructure;West;137871;113395;Bank Transfer;TXN103895
18/5/2021;Operations;Infrastructure;West;137019;136578;Bank Transfer;TXN103999
20/3/2023;IT;Infrastructure;West;36798;39106;Bank Transfer;TXN104148
10/10/2021;Sales;Infrastructure;West;105231;18499;Bank Transfer;TXN104214
31/8/2022;IT;Infrastructure;West;23893;121329;Bank Transfer;TXN104420
7/1/2021;HR;Infrastructure;West;113166;122881;Bank Transfer;TXN104487
18/5/2022;IT;Infrastructure;West;141778;111191;Bank Transfer;TXN104595
19/4/2021;IT;Infrastructure;West;23544;36570;Bank Transfer;TXN104737
2/6/2021;Finance;Infrastructure;West;117707;72490;Bank Transfer;TXN104761
22/5/2023;IT;Infrastructure;West;137899;21026;Bank Transfer;TXN104774
21/10/2022;Marketing;Infrastructure;West;40361;156750;Bank Transfer;TXN105076
1/2/2021;Finance;Infrastructure;West;92663;11829;Bank Transfer;TXN105117
23/4/2022;Sales;Infrastructure;West;11559;79735;Bank Transfer;TXN105344
23/7/2021;Finance;Infrastructure;West;127600;43026;Bank Transfer;TXN105676
13/6/2022;HR;Infrastructure;West;110093;67908;Bank Transfer;TXN105686
16/2/2022;Finance;Infrastructure;West;122095;35902;Bank Transfer;TXN105977
10/6/2021;IT;Infrastructure;West;78089;169079;Bank Transfer;TXN106049
3/10/2021;Operations;Infrastructure;West;88416;108168;Bank Transfer;TXN106054
13/11/2022;IT;Infrastructure;West;57354;55257;Bank Transfer;TXN106218
15/10/2022;Marketing;Infrastructure;West;134683;143238;Bank Transfer;TXN106259
17/1/2021;HR;Infrastructure;West;74660;158790;Bank Transfer;TXN106435
1/8/2023;HR;Infrastructure;West;67083;78311;Bank Transfer;TXN106469
6/5/2023;Marketing;Infrastructure;West;40487;39018;Bank Transfer;TXN106568
11/1/2022;IT;Infrastructure;West;43186;59126;Bank Transfer;TXN106672
25/4/2023;Marketing;Infrastructure;West;22984;35220;Bank Transfer;TXN106728
16/10/2023;Sales;Infrastructure;West;56474;97988;Bank Transfer;TXN106847
29/12/2021;Marketing;Infrastructure;West;108135;64385;Bank Transfer;TXN107005
14/12/2022;Sales;Infrastructure;West;18659;150451;Bank Transfer;TXN107040
25/8/2023;HR;Infrastructure;West;93252;65718;Bank Transfer;TXN107106
8/10/2022;Operations;Infrastructure;West;130517;39812;Bank Transfer;TXN107124
4/10/2021;Sales;Infrastructure;West;25218;155898;Bank Transfer;TXN107195
19/6/2023;Marketing;Infrastructure;West;79187;34993;Bank Transfer;TXN107197
15/10/2022;Marketing;Infrastructure;West;76039;42229;Bank Transfer;TXN107361
14/3/2023;HR;Infrastructure;West;72508;40006;Bank Transfer;TXN107562
2/11/2021;Marketing;Infrastructure;West;39428;73170;Bank Transfer;TXN107678
2/12/2021;Finance;Infrastructure;West;83633;159280;Bank Transfer;TXN108188
4/10/2022;Operations;Infrastructure;West;97101;42732;Bank Transfer;TXN108488
15/11/2021;Marketing;Infrastructure;West;50464;54536;Bank Transfer;TXN108556
10/4/2022;Marketing;Infrastructure;West;106110;117861;Bank Transfer;TXN108594
5/8/2021;Marketing;Infrastructure;West;127271;158015;Bank Transfer;TXN108696
14/3/2022;Marketing;Infrastructure;West;47011;74263;Bank Transfer;TXN108913
8/10/2022;IT;Infrastructure;West;132698;13063;Bank Transfer;TXN109054
15/11/2023;Operations;Infrastructure;West;60430;45510;Bank Transfer;TXN109060
17/3/2023;Marketing;Infrastructure;West;60806;8579;Bank Transfer;TXN109387
15/6/2022;Sales;Infrastructure;West;90749;146449;Bank Transfer;TXN109406
3/2/2023;IT;Infrastructure;West;27343;141314;Bank Transfer;TXN109525
7/5/2022;Operations;Infrastructure;West;91129;150224;Bank Transfer;TXN109540
11/1/2021;Sales;Infrastructure;West;106099;59823;Bank Transfer;TXN109548
6/9/2023;Finance;Infrastructure;West;34759;11813;Bank Transfer;TXN109587
8/8/2023;Operations;Infrastructure;West;133397;99271;Bank Transfer;TXN109790
31/1/2022;Finance;Infrastructure;West;48289;8969;Bank Transfer;TXN109818
9/2/2022;Operations;Infrastructure;West;108295;27172;Bank Transfer;TXN109839
14/11/2021;IT;Training;West;97656;100215;Bank Transfer;TXN100136
26/9/2022;HR;Training;West;122683;95705;Bank Transfer;TXN100328
30/12/2022;Operations;Training;West;53311;145240;Bank Transfer;TXN100414
2/7/2023;HR;Training;West;56515;66918;Bank Transfer;TXN100449
29/12/2021;HR;Training;West;68873;156296;Bank Transfer;TXN100673
8/3/2021;Operations;Training;West;102272;65684;Bank Transfer;TXN100687
18/8/2022;HR;Training;West;111005;91107;Bank Transfer;TXN100696
12/5/2021;Operations;Training;West;135277;91920;Bank Transfer;TXN100774
26/5/2023;HR;Training;West;129115;14677;Bank Transfer;TXN100880
28/3/2021;Finance;Training;West;98765;151033;Bank Transfer;TXN101401
19/1/2022;Sales;Training;West;17375;49504;Bank Transfer;TXN101522
12/12/2022;Finance;Training;West;24833;137020;Bank Transfer;TXN101565
26/8/2021;Marketing;Training;West;116327;119829;Bank Transfer;TXN101788
5/2/2022;HR;Training;West;72308;60907;Bank Transfer;TXN102092
13/7/2023;HR;Training;West;61632;150436;Bank Transfer;TXN102278
15/10/2022;Finance;Training;West;124100;110382;Bank Transfer;TXN102450
28/4/2022;IT;Training;West;39185;99330;Bank Transfer;TXN102604
23/9/2023;Marketing;Training;West;19612;163214;Bank Transfer;TXN102608
24/11/2022;Marketing;Training;West;123613;74207;Bank Transfer;TXN102997
19/8/2023;Sales;Training;West;78764;126256;Bank Transfer;TXN102999
10/1/2021;Finance;Training;West;88675;30444;Bank Transfer;TXN103091
25/1/2022;IT;Training;West;105062;156011;Bank Transfer;TXN103142
10/6/2023;Marketing;Training;West;90483;113777;Bank Transfer;TXN103147
5/5/2022;Sales;Training;West;15853;111505;Bank Transfer;TXN103301
3/4/2021;Sales;Training;West;109316;112864;Bank Transfer;TXN103431
27/8/2021;Marketing;Training;West;96509;60529;Bank Transfer;TXN103432
21/1/2022;IT;Training;West;20427;67541;Bank Transfer;TXN103543
14/11/2022;HR;Training;West;78920;146649;Bank Transfer;TXN103634
28/9/2023;Sales;Training;West;91834;18727;Bank Transfer;TXN103659
9/1/2023;IT;Training;West;57561;135587;Bank Transfer;TXN103883
7/9/2022;Operations;Training;West;123962;113817;Bank Transfer;TXN103894
5/1/2022;HR;Training;West;38277;36014;Bank Transfer;TXN103938
1/11/2022;Marketing;Training;West;126947;88639;Bank Transfer;TXN103971
27/1/2021;IT;Training;West;58938;117255;Bank Transfer;TXN104248
26/10/2021;Finance;Training;West;72754;42839;Bank Transfer;TXN104452
25/8/2023;Marketing;Training;West;49305;142675;Bank Transfer;TXN104896
19/12/2022;Marketing;Training;West;94568;55011;Bank Transfer;TXN104915
4/7/2022;Finance;Training;West;132467;95619;Bank Transfer;TXN104937
28/7/2023;HR;Training;West;136948;31788;Bank Transfer;TXN104951
3/12/2023;Finance;Training;West;56536;17077;Bank Transfer;TXN105120
31/12/2023;Operations;Training;West;137191;28276;Bank Transfer;TXN105269
23/10/2023;Operations;Training;West;84046;106316;Bank Transfer;TXN105328
3/1/2022;Operations;Training;West;92563;38544;Bank Transfer;TXN105535
18/9/2023;Operations;Training;West;100777;99540;Bank Transfer;TXN105552
4/10/2022;Operations;Training;West;100864;68380;Bank Transfer;TXN105843
22/10/2022;Operations;Training;West;84076;110886;Bank Transfer;TXN105868
3/12/2023;Operations;Training;West;48291;124967;Bank Transfer;TXN105910
22/4/2023;Finance;Training;West;143795;77507;Bank Transfer;TXN105999
24/10/2022;HR;Training;West;43312;161912;Bank Transfer;TXN106011
18/12/2022;Operations;Training;West;67095;34125;Bank Transfer;TXN106391
18/7/2023;Finance;Training;West;111572;99811;Bank Transfer;TXN106434
7/12/2023;IT;Training;West;84599;8683;Bank Transfer;TXN106571
28/4/2021;Operations;Training;West;37668;37415;Bank Transfer;TXN106592
2/5/2023;IT;Training;West;120976;96205;Bank Transfer;TXN106853
24/9/2021;Sales;Training;West;79990;107219;Bank Transfer;TXN106861
28/7/2023;Sales;Training;West;53331;139971;Bank Transfer;TXN107089
11/7/2021;Operations;Training;West;136514;156552;Bank Transfer;TXN107137
6/2/2021;Finance;Training;West;109205;54315;Bank Transfer;TXN107150
29/6/2022;Sales;Training;West;41664;132549;Bank Transfer;TXN107154
22/3/2022;IT;Training;West;24495;154778;Bank Transfer;TXN107185
9/10/2022;Sales;Training;West;92375;159982;Bank Transfer;TXN107775
2/5/2021;Sales;Training;West;31384;38513;Bank Transfer;TXN107792
30/10/2022;Marketing;Training;West;130724;60054;Bank Transfer;TXN107799
9/8/2022;Operations;Training;West;82887;48130;Bank Transfer;TXN107868
24/7/2023;Finance;Training;West;89222;62061;Bank Transfer;TXN108279
9/6/2023;Finance;Training;West;121115;60793;Bank Transfer;TXN108315
5/3/2022;Marketing;Training;West;28267;21636;Bank Transfer;TXN108385
7/7/2022;IT;Training;West;94998;30923;Bank Transfer;TXN108468
22/3/2022;IT;Training;West;119894;149516;Bank Transfer;TXN108619
4/2/2023;HR;Training;West;48728;141929;Bank Transfer;TXN108728
18/3/2021;HR;Training;West;87790;156849;Bank Transfer;TXN109003
7/12/2021;IT;Training;West;66045;79322;Bank Transfer;TXN109037
1/5/2023;HR;Training;West;23739;121248;Bank Transfer;TXN109305
27/2/2021;IT;Training;West;120828;86590;Bank Transfer;TXN109363
11/6/2023;Operations;Training;West;47903;14210;Bank Transfer;TXN109550
14/4/2021;Finance;Training;West;88619;88824;Bank Transfer;TXN109979
2/2/2022;Sales;Salaries;West;70920;115474;Bank Transfer;TXN100213
5/2/2022;IT;Salaries;West;104257;100526;Bank Transfer;TXN100215
13/3/2023;Sales;Salaries;West;10894;27651;Bank Transfer;TXN100330
5/12/2021;IT;Salaries;West;149753;77120;Bank Transfer;TXN100455
21/4/2022;Sales;Salaries;West;24414;147149;Bank Transfer;TXN100470
5/8/2023;Marketing;Salaries;West;92544;114332;Bank Transfer;TXN100921
19/11/2022;Sales;Salaries;West;121873;23326;Bank Transfer;TXN101084
7/1/2022;Finance;Salaries;West;66615;154444;Bank Transfer;TXN101089
18/2/2022;Marketing;Salaries;West;86251;127647;Bank Transfer;TXN101115
29/1/2023;Finance;Salaries;West;125625;17106;Bank Transfer;TXN101117
1/10/2021;IT;Salaries;West;55569;15764;Bank Transfer;TXN101341
17/12/2022;Sales;Salaries;West;113326;149447;Bank Transfer;TXN101382
26/8/2023;Sales;Salaries;West;133796;142536;Bank Transfer;TXN101575
15/7/2022;Marketing;Salaries;West;29725;161312;Bank Transfer;TXN101765
4/10/2022;Operations;Salaries;West;55583;27511;Bank Transfer;TXN101817
18/9/2021;HR;Salaries;West;145928;112334;Bank Transfer;TXN102117
4/12/2023;Finance;Salaries;West;36576;27519;Bank Transfer;TXN102225
12/6/2023;IT;Salaries;West;77078;84093;Bank Transfer;TXN102316
13/12/2021;HR;Salaries;West;33792;38927;Bank Transfer;TXN102435
4/10/2023;IT;Salaries;West;79356;73452;Bank Transfer;TXN102547
20/5/2023;HR;Salaries;West;97304;168710;Bank Transfer;TXN102942
11/5/2022;Finance;Salaries;West;149065;118005;Bank Transfer;TXN103074
2/6/2021;Finance;Salaries;West;120137;35214;Bank Transfer;TXN103096
28/10/2021;Sales;Salaries;West;33670;30497;Bank Transfer;TXN103245
15/5/2021;Operations;Salaries;West;141401;114879;Bank Transfer;TXN103324
15/11/2023;IT;Salaries;West;121694;46342;Bank Transfer;TXN104175
29/8/2022;Operations;Salaries;West;24417;113664;Bank Transfer;TXN104178
15/9/2022;Marketing;Salaries;West;110789;133953;Bank Transfer;TXN104617
24/6/2021;Marketing;Salaries;West;99168;156518;Bank Transfer;TXN104673
29/9/2023;Sales;Salaries;West;64016;148211;Bank Transfer;TXN104783
27/2/2023;Operations;Salaries;West;104029;43833;Bank Transfer;TXN104829
5/5/2023;IT;Salaries;West;16982;136706;Bank Transfer;TXN105348
10/10/2021;Finance;Salaries;West;37578;101993;Bank Transfer;TXN105369
3/3/2023;Sales;Salaries;West;10944;68265;Bank Transfer;TXN105415
17/8/2022;Sales;Salaries;West;87835;145959;Bank Transfer;TXN105429
18/8/2023;Finance;Salaries;West;137416;146987;Bank Transfer;TXN105561
23/3/2023;Sales;Salaries;West;74307;91074;Bank Transfer;TXN106138
4/3/2021;IT;Salaries;West;38341;125598;Bank Transfer;TXN106599
2/11/2023;Operations;Salaries;West;21876;127079;Bank Transfer;TXN106708
4/4/2023;Marketing;Salaries;West;26781;139663;Bank Transfer;TXN106719
7/10/2023;IT;Salaries;West;42968;134347;Bank Transfer;TXN106779
20/3/2021;Sales;Salaries;West;108776;15098;Bank Transfer;TXN106800
2/9/2023;IT;Salaries;West;50585;100568;Bank Transfer;TXN106805
7/12/2022;HR;Salaries;West;60950;36266;Bank Transfer;TXN106918
7/11/2021;Marketing;Salaries;West;34490;95232;Bank Transfer;TXN107079
11/9/2022;Marketing;Salaries;West;21520;43516;Bank Transfer;TXN107214
12/7/2022;IT;Salaries;West;12766;73745;Bank Transfer;TXN107398
12/4/2023;IT;Salaries;West;130471;140490;Bank Transfer;TXN107666
9/4/2022;HR;Salaries;West;146858;70120;Bank Transfer;TXN107832
23/9/2023;HR;Salaries;West;97158;109496;Bank Transfer;TXN107843
25/6/2021;HR;Salaries;West;88907;137453;Bank Transfer;TXN107889
18/12/2022;IT;Salaries;West;30375;154724;Bank Transfer;TXN107918
11/8/2023;HR;Salaries;West;64616;103139;Bank Transfer;TXN108061
12/5/2022;Finance;Salaries;West;128337;104381;Bank Transfer;TXN108143
11/8/2021;Operations;Salaries;West;47696;29016;Bank Transfer;TXN108198
17/5/2022;Sales;Salaries;West;11324;39269;Bank Transfer;TXN108293
28/9/2021;IT;Salaries;West;104685;169517;Bank Transfer;TXN108307
28/11/2023;IT;Salaries;West;107412;85885;Bank Transfer;TXN108376
1/2/2023;Sales;Salaries;West;53407;70723;Bank Transfer;TXN108437
13/4/2022;Sales;Salaries;West;10173;75203;Bank Transfer;TXN108463
23/8/2021;HR;Salaries;West;73716;46786;Bank Transfer;TXN108674
29/12/2022;HR;Salaries;West;140942;134128;Bank Transfer;TXN108686
14/11/2022;Finance;Salaries;West;63932;77358;Bank Transfer;TXN108850
5/12/2023;Sales;Salaries;West;70037;115006;Bank Transfer;TXN109131
16/9/2023;IT;Salaries;West;50176;82708;Bank Transfer;TXN109166
7/9/2022;Marketing;Salaries;West;82042;40016;Bank Transfer;TXN109365
25/8/2023;Finance;Salaries;West;137749;129786;Bank Transfer;TXN109418
19/1/2023;HR;Salaries;West;19401;10057;Bank Transfer;TXN109602
20/3/2022;HR;Salaries;West;71037;67808;Bank Transfer;TXN109660
15/10/2021;Marketing;Salaries;West;39587;132269;Bank Transfer;TXN109797
22/7/2022;Operations;Salaries;West;109156;90425;Bank Transfer;TXN109939
16/9/2022;Sales;Utilities;West;13640;130463;Bank Transfer;TXN100579
24/2/2021;Finance;Utilities;West;146188;83732;Bank Transfer;TXN100924
16/1/2023;IT;Utilities;West;99249;19678;Bank Transfer;TXN100963
3/11/2022;Operations;Utilities;West;13591;12934;Bank Transfer;TXN101230
6/5/2023;Operations;Utilities;West;21184;168367;Bank Transfer;TXN101242
10/1/2022;Finance;Utilities;West;86992;82107;Bank Transfer;TXN101526
8/8/2022;Finance;Utilities;West;16115;79864;Bank Transfer;TXN101552
2/7/2021;Sales;Utilities;West;72716;24368;Bank Transfer;TXN101871
12/2/2021;IT;Utilities;West;27503;158773;Bank Transfer;TXN101914
23/4/2021;HR;Utilities;West;35276;83095;Bank Transfer;TXN102083
31/8/2021;HR;Utilities;West;129421;115746;Bank Transfer;TXN102200
29/10/2023;HR;Utilities;West;93432;47856;Bank Transfer;TXN102411
14/11/2021;Marketing;Utilities;West;95028;46260;Bank Transfer;TXN102462
4/5/2021;Operations;Utilities;West;16572;22942;Bank Transfer;TXN102573
19/4/2021;Finance;Utilities;West;72468;71523;Bank Transfer;TXN102584
10/10/2022;Operations;Utilities;West;24789;87273;Bank Transfer;TXN102690
22/2/2021;Operations;Utilities;West;32362;100290;Bank Transfer;TXN102827
14/10/2023;Sales;Utilities;West;60416;41988;Bank Transfer;TXN102937
23/4/2022;HR;Utilities;West;74748;89052;Bank Transfer;TXN102957
16/4/2023;Finance;Utilities;West;77713;63008;Bank Transfer;TXN103037
12/3/2022;Sales;Utilities;West;68877;152324;Bank Transfer;TXN103095
2/1/2022;Operations;Utilities;West;14702;98012;Bank Transfer;TXN103218
22/7/2022;HR;Utilities;West;20818;68965;Bank Transfer;TXN103310
31/5/2023;HR;Utilities;West;120875;48908;Bank Transfer;TXN103365
1/7/2022;Marketing;Utilities;West;75509;30755;Bank Transfer;TXN103371
5/4/2023;IT;Utilities;West;81875;11966;Bank Transfer;TXN103486
5/2/2022;Operations;Utilities;West;54807;85444;Bank Transfer;TXN103527
27/8/2021;Operations;Utilities;West;80531;130373;Bank Transfer;TXN103560
21/11/2022;Marketing;Utilities;West;40607;9503;Bank Transfer;TXN103587
26/10/2021;Marketing;Utilities;West;65417;28400;Bank Transfer;TXN103599
8/12/2021;Finance;Utilities;West;141361;162654;Bank Transfer;TXN103902
11/6/2021;Operations;Utilities;West;11172;94785;Bank Transfer;TXN104344
25/3/2023;Finance;Utilities;West;124288;34980;Bank Transfer;TXN104660
27/11/2021;Marketing;Utilities;West;37870;76735;Bank Transfer;TXN104873
24/3/2021;HR;Utilities;West;90509;158377;Bank Transfer;TXN105028
20/3/2021;Marketing;Utilities;West;55205;134907;Bank Transfer;TXN105109
22/10/2023;Marketing;Utilities;West;11833;106464;Bank Transfer;TXN105122
2/5/2022;HR;Utilities;West;47666;64037;Bank Transfer;TXN105225
31/12/2022;IT;Utilities;West;131787;66758;Bank Transfer;TXN105241
29/7/2022;Marketing;Utilities;West;140273;12614;Bank Transfer;TXN105666
25/10/2023;IT;Utilities;West;27622;140846;Bank Transfer;TXN105769
5/10/2023;HR;Utilities;West;95141;96615;Bank Transfer;TXN105930
1/12/2022;HR;Utilities;West;122218;98280;Bank Transfer;TXN106403
24/3/2023;HR;Utilities;West;112594;112722;Bank Transfer;TXN106467
28/7/2023;Operations;Utilities;West;29500;91798;Bank Transfer;TXN106507
28/8/2022;Operations;Utilities;West;128854;53284;Bank Transfer;TXN106586
20/11/2022;Finance;Utilities;West;133066;25763;Bank Transfer;TXN106710
8/4/2022;Operations;Utilities;West;25448;142198;Bank Transfer;TXN106761
2/10/2021;Marketing;Utilities;West;73627;36858;Bank Transfer;TXN106978
17/8/2022;Marketing;Utilities;West;125436;45122;Bank Transfer;TXN107056
7/12/2023;IT;Utilities;West;74412;11857;Bank Transfer;TXN107329
24/7/2021;HR;Utilities;West;115144;110834;Bank Transfer;TXN107339
18/12/2021;Marketing;Utilities;West;76185;80996;Bank Transfer;TXN107357
18/10/2022;IT;Utilities;West;42602;118778;Bank Transfer;TXN107365
26/6/2021;Finance;Utilities;West;40224;164080;Bank Transfer;TXN107375
25/9/2021;Finance;Utilities;West;43221;95593;Bank Transfer;TXN107455
2/10/2022;Finance;Utilities;West;109025;128786;Bank Transfer;TXN107699
25/6/2022;HR;Utilities;West;129194;14860;Bank Transfer;TXN107899
7/1/2023;HR;Utilities;West;56828;96322;Bank Transfer;TXN107926
22/1/2022;Sales;Utilities;West;103095;46765;Bank Transfer;TXN107998
16/9/2021;IT;Utilities;West;92452;18410;Bank Transfer;TXN108149
21/4/2022;IT;Utilities;West;44218;22069;Bank Transfer;TXN108209
13/12/2022;Marketing;Utilities;West;23461;36094;Bank Transfer;TXN108685
24/5/2022;Marketing;Utilities;West;81694;73106;Bank Transfer;TXN108711
10/12/2021;Sales;Utilities;West;112589;102240;Bank Transfer;TXN109024
6/4/2022;Operations;Utilities;West;22215;97627;Bank Transfer;TXN109048
3/2/2022;Operations;Utilities;West;29391;101258;Bank Transfer;TXN109140
14/7/2022;IT;Utilities;West;111934;153702;Bank Transfer;TXN109259
4/9/2021;Operations;Utilities;West;14017;41737;Bank Transfer;TXN109682
14/5/2021;Operations;Utilities;West;142322;39131;Bank Transfer;TXN109775
19/9/2023;Operations;Utilities;West;143667;57046;Bank Transfer;TXN109948
8/9/2023;Operations;Marketing;West;79683;119349;Bank Transfer;TXN100256
24/3/2021;IT;Marketing;West;22349;78264;Bank Transfer;TXN100555
3/5/2022;Sales;Marketing;West;26041;10015;Bank Transfer;TXN100563
7/9/2021;Sales;Marketing;West;87395;145673;Bank Transfer;TXN100567
16/11/2023;HR;Marketing;West;113616;152470;Bank Transfer;TXN100651
31/1/2023;Marketing;Marketing;West;59588;34348;Bank Transfer;TXN100937
20/10/2023;Operations;Marketing;West;89712;68771;Bank Transfer;TXN100964
8/12/2021;HR;Marketing;West;136610;42971;Bank Transfer;TXN101003
22/12/2023;Marketing;Marketing;West;96422;57389;Bank Transfer;TXN101153
7/7/2023;IT;Marketing;West;75860;97835;Bank Transfer;TXN101261
24/7/2022;HR;Marketing;West;143832;54329;Bank Transfer;TXN101303
13/1/2022;HR;Marketing;West;12422;70751;Bank Transfer;TXN101321
6/12/2023;Marketing;Marketing;West;97834;103306;Bank Transfer;TXN101354
14/6/2021;Finance;Marketing;West;86840;133387;Bank Transfer;TXN101490
7/12/2021;Sales;Marketing;West;120123;79805;Bank Transfer;TXN101751
11/9/2021;HR;Marketing;West;10791;129430;Bank Transfer;TXN101809
4/6/2021;Sales;Marketing;West;81813;129172;Bank Transfer;TXN101842
6/3/2021;Sales;Marketing;West;123645;160968;Bank Transfer;TXN101855
7/6/2023;Marketing;Marketing;West;90061;91189;Bank Transfer;TXN101971
22/7/2021;HR;Marketing;West;57055;55698;Bank Transfer;TXN101985
18/1/2022;Finance;Marketing;West;84894;93311;Bank Transfer;TXN102207
8/9/2023;Operations;Marketing;West;27568;29420;Bank Transfer;TXN102300
30/4/2022;Finance;Marketing;West;35476;72478;Bank Transfer;TXN102496
25/12/2023;Finance;Marketing;West;32969;45254;Bank Transfer;TXN102685
29/6/2023;HR;Marketing;West;55972;112215;Bank Transfer;TXN102700
24/10/2023;Marketing;Marketing;West;142229;75391;Bank Transfer;TXN102811
4/12/2023;HR;Marketing;West;145143;20353;Bank Transfer;TXN102826
7/9/2023;Finance;Marketing;West;84447;136066;Bank Transfer;TXN102884
5/1/2021;Marketing;Marketing;West;70922;29750;Bank Transfer;TXN102908
5/6/2023;Operations;Marketing;West;98668;109211;Bank Transfer;TXN102943
1/10/2021;Finance;Marketing;West;31061;140626;Bank Transfer;TXN102993
8/12/2022;Operations;Marketing;West;143196;62153;Bank Transfer;TXN103040
21/8/2023;Finance;Marketing;West;19052;142742;Bank Transfer;TXN103286
21/7/2023;Finance;Marketing;West;79659;65378;Bank Transfer;TXN103409
18/4/2023;IT;Marketing;West;69999;132046;Bank Transfer;TXN103574
19/4/2023;Sales;Marketing;West;89114;20147;Bank Transfer;TXN103664
31/1/2023;Finance;Marketing;West;98617;98296;Bank Transfer;TXN103792
15/12/2021;IT;Marketing;West;131841;81477;Bank Transfer;TXN103830
15/7/2023;HR;Marketing;West;121464;135418;Bank Transfer;TXN103877
10/6/2023;Finance;Marketing;West;102221;103331;Bank Transfer;TXN104020
6/7/2022;Marketing;Marketing;West;61236;59545;Bank Transfer;TXN104033
21/1/2023;HR;Marketing;West;107679;133044;Bank Transfer;TXN104083
5/3/2021;Sales;Marketing;West;69567;46099;Bank Transfer;TXN104246
8/5/2023;Sales;Marketing;West;34831;149196;Bank Transfer;TXN104449
31/3/2023;Operations;Marketing;West;62476;58259;Bank Transfer;TXN104525
19/10/2021;HR;Marketing;West;15544;167064;Bank Transfer;TXN104541
2/2/2021;HR;Marketing;West;24141;157656;Bank Transfer;TXN104571
30/4/2022;HR;Marketing;West;114391;65125;Bank Transfer;TXN104815
28/7/2022;HR;Marketing;West;134990;65464;Bank Transfer;TXN105032
21/1/2023;Operations;Marketing;West;109889;131637;Bank Transfer;TXN105087
11/10/2021;HR;Marketing;West;94412;142306;Bank Transfer;TXN105139
22/6/2022;HR;Marketing;West;98143;14737;Bank Transfer;TXN105233
4/4/2022;IT;Marketing;West;103122;13334;Bank Transfer;TXN105238
19/6/2023;HR;Marketing;West;73446;61285;Bank Transfer;TXN105456
8/6/2022;Finance;Marketing;West;25716;161230;Bank Transfer;TXN105482
10/3/2021;Sales;Marketing;West;110334;117846;Bank Transfer;TXN105612
19/1/2021;Marketing;Marketing;West;27999;115220;Bank Transfer;TXN105638
26/3/2022;Finance;Marketing;West;37372;61413;Bank Transfer;TXN105745
19/1/2023;Sales;Marketing;West;69523;100098;Bank Transfer;TXN106019
11/11/2023;Operations;Marketing;West;75702;24834;Bank Transfer;TXN106075
12/9/2021;IT;Marketing;West;75768;75669;Bank Transfer;TXN106128
8/9/2022;Marketing;Marketing;West;148090;126166;Bank Transfer;TXN106195
23/6/2022;Sales;Marketing;West;131710;30235;Bank Transfer;TXN106351
16/9/2021;Marketing;Marketing;West;67146;84932;Bank Transfer;TXN106463
15/7/2021;Sales;Marketing;West;93253;83253;Bank Transfer;TXN106916
22/7/2021;Sales;Marketing;West;121898;110205;Bank Transfer;TXN107002
26/5/2021;HR;Marketing;West;105228;145608;Bank Transfer;TXN107120
1/12/2022;Marketing;Marketing;West;120942;49304;Bank Transfer;TXN107146
26/3/2021;IT;Marketing;West;70495;169109;Bank Transfer;TXN107281
29/7/2023;Sales;Marketing;West;30459;58214;Bank Transfer;TXN107390
5/6/2022;Marketing;Marketing;West;121208;155881;Bank Transfer;TXN107468
18/12/2023;Operations;Marketing;West;11740;153327;Bank Transfer;TXN107521
14/7/2023;Sales;Marketing;West;46843;50706;Bank Transfer;TXN107605
13/12/2022;Finance;Marketing;West;40767;166809;Bank Transfer;TXN107617
25/12/2021;Marketing;Marketing;West;17169;87626;Bank Transfer;TXN107629
12/6/2023;Finance;Marketing;West;68131;33471;Bank Transfer;TXN108060
3/6/2021;Sales;Marketing;West;67803;94717;Bank Transfer;TXN108130
11/7/2023;Operations;Marketing;West;25811;138944;Bank Transfer;TXN108272
2/7/2023;Finance;Marketing;West;45497;11919;Bank Transfer;TXN108335
28/10/2022;Operations;Marketing;West;119805;38927;Bank Transfer;TXN108426
5/5/2021;Marketing;Marketing;West;142876;141931;Bank Transfer;TXN108512
22/2/2023;Operations;Marketing;West;137211;25005;Bank Transfer;TXN108559
23/11/2022;Finance;Marketing;West;47473;91082;Bank Transfer;TXN108644
19/1/2021;IT;Marketing;West;35785;135155;Bank Transfer;TXN108651
5/4/2022;Sales;Marketing;West;117617;96759;Bank Transfer;TXN108763
6/6/2021;Marketing;Marketing;West;107997;119963;Bank Transfer;TXN108858
10/1/2022;HR;Marketing;West;106054;105083;Bank Transfer;TXN108914
20/10/2021;IT;Marketing;West;24062;66477;Bank Transfer;TXN109065
4/11/2023;Marketing;Marketing;West;140868;86043;Bank Transfer;TXN109088
14/6/2021;IT;Marketing;West;146819;101786;Bank Transfer;TXN109134
29/7/2023;Marketing;Marketing;West;115539;32482;Bank Transfer;TXN109341
15/6/2023;IT;Marketing;West;77750;151369;Bank Transfer;TXN109393
25/1/2022;Finance;Marketing;West;64155;144422;Bank Transfer;TXN109449
16/2/2022;Operations;Marketing;West;116561;71765;Bank Transfer;TXN109709
8/2/2023;IT;Marketing;West;27393;138279;Bank Transfer;TXN109769
18/11/2021;HR;Marketing;West;133747;134849;Bank Transfer;TXN109905
3/8/2022;Operations;Marketing;West;73534;124070;Bank Transfer;TXN109908
9/10/2021;IT;Marketing;West;97862;95020;Bank Transfer;TXN109981
22/5/2023;IT;Marketing;West;144311;69127;UPI;TXN100006
9/2/2023;IT;Infrastructure;West;95737;58734;UPI;TXN100008
25/9/2022;IT;Salaries;West;121372;77604;UPI;TXN100131
10/6/2021;IT;Infrastructure;West;21492;130214;UPI;TXN100211
9/6/2021;IT;Marketing;West;89747;24178;UPI;TXN100370
22/9/2021;IT;Utilities;West;43462;111424;UPI;TXN100422
2/8/2023;IT;Salaries;West;24842;63671;UPI;TXN100951
5/6/2022;IT;Marketing;West;111694;68587;UPI;TXN100983
29/11/2023;IT;Marketing;West;15846;23767;UPI;TXN101050
7/3/2023;IT;Training;West;51522;43554;UPI;TXN101198
4/3/2023;IT;Utilities;West;144847;60600;UPI;TXN101605
8/7/2022;IT;Marketing;West;77586;131778;UPI;TXN101878
3/8/2023;IT;Travel;West;131696;68007;UPI;TXN101901
13/1/2023;IT;Salaries;West;22023;117067;UPI;TXN102120
24/8/2023;IT;Marketing;West;135211;23341;UPI;TXN102268
20/12/2021;IT;Utilities;West;62470;46818;UPI;TXN102749
25/11/2021;IT;Infrastructure;West;122457;74296;UPI;TXN102805
19/2/2021;IT;Training;West;32814;101401;UPI;TXN102930
10/1/2022;IT;Travel;West;72960;29487;UPI;TXN103155
4/7/2023;IT;Utilities;West;54732;12967;UPI;TXN103264
18/9/2021;IT;Utilities;West;65941;86205;UPI;TXN103376
14/6/2023;IT;Marketing;West;12879;41314;UPI;TXN103383
21/10/2022;IT;Training;West;104516;113334;UPI;TXN103465
28/12/2022;IT;Infrastructure;West;37740;98997;UPI;TXN103528
18/8/2021;IT;Travel;West;100292;132065;UPI;TXN103594
27/2/2021;IT;Utilities;West;137605;162953;UPI;TXN103923
10/3/2022;IT;Salaries;West;13703;78276;UPI;TXN103964
10/7/2022;IT;Salaries;West;125397;95310;UPI;TXN104079
21/7/2023;IT;Utilities;West;120621;97309;UPI;TXN104268
5/5/2023;IT;Training;West;75202;48252;UPI;TXN104398
17/6/2022;IT;Infrastructure;West;129229;37148;UPI;TXN104738
9/12/2021;IT;Training;West;109137;161116;UPI;TXN104741
21/12/2022;IT;Training;West;11596;69904;UPI;TXN105134
21/6/2022;IT;Utilities;West;45580;113835;UPI;TXN105152
3/1/2022;IT;Travel;West;17150;137259;UPI;TXN105170
7/2/2023;IT;Salaries;West;37968;37676;UPI;TXN105500
24/9/2022;IT;Infrastructure;West;61790;108003;UPI;TXN105636
16/6/2021;IT;Travel;West;80309;168075;UPI;TXN105723
29/4/2021;IT;Utilities;West;28863;65859;UPI;TXN105755
7/11/2022;IT;Salaries;West;10078;64645;UPI;TXN105992
12/7/2023;IT;Salaries;West;36263;104590;UPI;TXN106213
10/10/2021;IT;Marketing;West;19589;64312;UPI;TXN106318
29/10/2021;IT;Travel;West;53701;165384;UPI;TXN106334
15/5/2022;IT;Marketing;West;132161;129946;UPI;TXN106663
13/3/2022;IT;Marketing;West;51220;131891;UPI;TXN106674
6/3/2021;IT;Utilities;West;44675;45156;UPI;TXN106699
22/1/2022;IT;Training;West;124012;41666;UPI;TXN106977
4/11/2021;IT;Utilities;West;29750;13768;UPI;TXN107107
27/8/2021;IT;Training;West;24033;28946;UPI;TXN107128
14/4/2021;IT;Salaries;West;43563;57391;UPI;TXN107189
24/6/2022;IT;Infrastructure;West;50472;10899;UPI;TXN107211
10/3/2023;IT;Marketing;West;140351;138179;UPI;TXN107220
13/3/2023;IT;Marketing;West;138526;142759;UPI;TXN107238
5/7/2021;IT;Salaries;West;15282;151374;UPI;TXN107308
2/2/2023;IT;Utilities;West;107361;98210;UPI;TXN107435
7/5/2022;IT;Utilities;West;85927;9153;UPI;TXN107603
15/10/2021;IT;Salaries;West;59394;158340;UPI;TXN107703
12/11/2021;IT;Infrastructure;West;138677;92160;UPI;TXN107738
3/12/2021;IT;Travel;West;54077;142178;UPI;TXN107812
11/12/2023;IT;Infrastructure;West;49128;110263;UPI;TXN107864
12/6/2022;IT;Marketing;West;103200;36683;UPI;TXN107965
13/11/2023;IT;Marketing;West;58321;16014;UPI;TXN108091
30/10/2021;IT;Travel;West;74469;78394;UPI;TXN108229
8/8/2021;IT;Salaries;West;95676;58687;UPI;TXN109161
20/10/2021;IT;Marketing;West;46210;83209;UPI;TXN109190
9/1/2023;IT;Utilities;West;147472;162302;UPI;TXN109243
15/9/2023;IT;Marketing;West;59973;168333;UPI;TXN109293
27/8/2021;IT;Training;West;15976;153655;UPI;TXN109436
7/11/2023;IT;Infrastructure;West;99361;164640;UPI;TXN109568
31/1/2022;IT;Utilities;West;55694;36888;UPI;TXN109606
16/11/2023;IT;Infrastructure;West;137267;146328;UPI;TXN109613
23/3/2022;IT;Salaries;West;134429;153631;UPI;TXN109642
14/4/2023;IT;Utilities;West;39784;63905;UPI;TXN109723
23/6/2022;IT;Utilities;West;129600;147420;UPI;TXN109919
21/4/2023;IT;Utilities;West;87277;112487;UPI;TXN109957
26/8/2022;IT;Salaries;West;106915;103450;UPI;TXN109997
16/8/2022;Sales;Travel;West;94613;31936;UPI;TXN100078
23/5/2023;Sales;Marketing;West;61832;133400;UPI;TXN100411
6/3/2023;Sales;Travel;West;12897;23430;UPI;TXN100452
5/4/2021;Sales;Salaries;West;102262;61901;UPI;TXN100565
3/4/2021;Sales;Salaries;West;148223;79654;UPI;TXN100624
17/8/2021;Sales;Salaries;West;135848;78482;UPI;TXN100714
28/1/2023;Sales;Salaries;West;69789;116560;UPI;TXN101033
6/11/2023;Sales;Marketing;West;93611;169798;UPI;TXN101074
30/4/2023;Sales;Utilities;West;144480;163015;UPI;TXN101172
1/12/2022;Sales;Travel;West;20167;9551;UPI;TXN101221
16/5/2022;Sales;Marketing;West;143294;161509;UPI;TXN101333
5/2/2022;Sales;Travel;West;34551;22289;UPI;TXN101351
7/1/2021;Sales;Travel;West;95285;129742;UPI;TXN101386
19/12/2021;Sales;Travel;West;131534;134167;UPI;TXN101421
2/11/2023;Sales;Travel;West;37502;119058;UPI;TXN101510
10/4/2022;Sales;Travel;West;73615;118197;UPI;TXN101864
9/2/2023;Sales;Salaries;West;53042;161407;UPI;TXN101992
16/5/2021;Sales;Infrastructure;West;95075;70649;UPI;TXN102011
1/8/2023;Sales;Utilities;West;20250;86901;UPI;TXN102665
13/3/2022;Sales;Infrastructure;West;53775;25534;UPI;TXN102723
22/11/2022;Sales;Training;West;48086;19933;UPI;TXN102772
6/9/2022;Sales;Infrastructure;West;32090;139729;UPI;TXN102834
8/1/2022;Sales;Infrastructure;West;124358;93949;UPI;TXN102858
3/11/2021;Sales;Marketing;West;145937;30925;UPI;TXN102862
14/3/2021;Sales;Infrastructure;West;132341;116029;UPI;TXN103221
30/9/2022;Sales;Travel;West;54819;93370;UPI;TXN103400
26/9/2022;Sales;Marketing;West;70513;81913;UPI;TXN103406
8/12/2023;Sales;Infrastructure;West;15773;163091;UPI;TXN103516
7/9/2021;Sales;Utilities;West;123680;109062;UPI;TXN103517
22/6/2023;Sales;Utilities;West;131625;9304;UPI;TXN103569
20/7/2023;Sales;Infrastructure;West;47621;120747;UPI;TXN103709
18/9/2023;Sales;Infrastructure;West;49833;78762;UPI;TXN103766
4/7/2021;Sales;Marketing;West;120711;155944;UPI;TXN103824
11/7/2021;Sales;Utilities;West;50542;104236;UPI;TXN104005
9/2/2022;Sales;Marketing;West;59690;43128;UPI;TXN104038
2/1/2023;Sales;Utilities;West;60767;90181;UPI;TXN104103
19/9/2021;Sales;Training;West;83993;71081;UPI;TXN104203
4/10/2022;Sales;Marketing;West;42924;118702;UPI;TXN104212
5/3/2022;Sales;Infrastructure;West;139349;13194;UPI;TXN104603
28/12/2022;Sales;Salaries;West;27955;55390;UPI;TXN104605
20/8/2021;Sales;Travel;West;10635;37594;UPI;TXN104654
24/12/2022;Sales;Marketing;West;108806;63589;UPI;TXN104767
2/7/2022;Sales;Travel;West;129593;169850;UPI;TXN104866
13/1/2021;Sales;Marketing;West;85462;116981;UPI;TXN105145
15/7/2022;Sales;Utilities;West;85298;155032;UPI;TXN105221
14/4/2022;Sales;Training;West;64400;160732;UPI;TXN105332
7/6/2021;Sales;Travel;West;64584;75148;UPI;TXN105721
18/3/2022;Sales;Training;West;103890;165747;UPI;TXN105806
17/3/2022;Sales;Infrastructure;West;42983;116646;UPI;TXN105834
5/3/2021;Sales;Utilities;West;29939;149014;UPI;TXN105892
19/3/2022;Sales;Infrastructure;West;71525;135948;UPI;TXN106857
4/2/2021;Sales;Training;West;13792;163621;UPI;TXN106905
4/6/2022;Sales;Marketing;West;127270;91148;UPI;TXN106976
12/11/2022;Sales;Marketing;West;45950;64109;UPI;TXN107278
25/11/2022;Sales;Travel;West;57068;123160;UPI;TXN107283
3/12/2022;Sales;Salaries;West;114706;132446;UPI;TXN107319
18/10/2021;Sales;Training;West;149133;129705;UPI;TXN107321
17/1/2022;Sales;Travel;West;90831;119971;UPI;TXN107582
31/1/2023;Sales;Salaries;West;106200;108874;UPI;TXN107648
24/6/2023;Sales;Salaries;West;143730;82272;UPI;TXN107817
2/10/2023;Sales;Salaries;West;114012;98750;UPI;TXN108124
29/9/2023;Sales;Salaries;West;27358;125389;UPI;TXN108362
23/8/2021;Sales;Utilities;West;75234;26740;UPI;TXN108375
18/5/2021;Sales;Training;West;41207;36773;UPI;TXN108627
3/2/2022;Sales;Marketing;West;52580;73025;UPI;TXN108742
22/8/2021;Sales;Training;West;148535;147999;UPI;TXN108960
25/5/2023;Sales;Travel;West;24968;21528;UPI;TXN109100
30/6/2022;Sales;Marketing;West;120252;132724;UPI;TXN109164
1/5/2023;Sales;Salaries;West;115991;120440;UPI;TXN109179
19/4/2022;Sales;Marketing;West;59019;78772;UPI;TXN109201
14/12/2023;Sales;Salaries;West;112697;83316;UPI;TXN109311
9/2/2022;Sales;Training;West;131240;104077;UPI;TXN109323
12/5/2022;Sales;Utilities;West;18381;94273;UPI;TXN109570
7/9/2022;Sales;Infrastructure;West;32781;139333;UPI;TXN109684
27/2/2023;Sales;Training;West;121270;32361;UPI;TXN109829
8/6/2021;Sales;Training;West;139600;111848;UPI;TXN109841
8/3/2021;Sales;Infrastructure;West;58145;128962;UPI;TXN109992
18/11/2023;Operations;Travel;West;102115;90119;UPI;TXN100129
4/10/2022;Operations;Utilities;West;106931;132960;UPI;TXN100145
25/7/2023;Operations;Salaries;West;134463;121305;UPI;TXN100314
6/2/2023;Operations;Training;West;138291;148276;UPI;TXN100580
19/6/2023;Operations;Infrastructure;West;12600;162399;UPI;TXN100621
16/8/2021;Operations;Training;West;72564;54131;UPI;TXN100691
19/5/2022;Operations;Marketing;West;138575;44828;UPI;TXN100724
27/9/2021;Operations;Travel;West;52129;27826;UPI;TXN100767
12/7/2023;Operations;Utilities;West;123462;148178;UPI;TXN100800
9/5/2022;Operations;Infrastructure;West;119912;38028;UPI;TXN100986
5/4/2023;Operations;Utilities;West;95464;140534;UPI;TXN101159
5/12/2022;Operations;Infrastructure;West;70071;59935;UPI;TXN101269
6/3/2022;Operations;Infrastructure;West;115071;90734;UPI;TXN101311
11/12/2021;Operations;Salaries;West;144396;43567;UPI;TXN101540
13/12/2023;Operations;Training;West;115067;135074;UPI;TXN101544
4/5/2022;Operations;Infrastructure;West;32879;112356;UPI;TXN101554
1/2/2022;Operations;Marketing;West;50971;67566;UPI;TXN101558
16/12/2021;Operations;Marketing;West;83353;50734;UPI;TXN101929
12/8/2023;Operations;Marketing;West;44984;135549;UPI;TXN102179
26/6/2021;Operations;Training;West;16984;27451;UPI;TXN102182
23/3/2022;Operations;Salaries;West;24358;71207;UPI;TXN102223
13/6/2021;Operations;Utilities;West;118269;24003;UPI;TXN102621
20/2/2023;Operations;Training;West;66941;65087;UPI;TXN102724
31/1/2021;Operations;Utilities;West;126313;131609;UPI;TXN102802
25/12/2023;Operations;Training;West;108814;165953;UPI;TXN103230
5/8/2023;Operations;Infrastructure;West;53910;86892;UPI;TXN103235
18/3/2023;Operations;Training;West;106516;147491;UPI;TXN103362
20/5/2022;Operations;Utilities;West;119847;40348;UPI;TXN103457
4/7/2021;Operations;Salaries;West;94580;43512;UPI;TXN103482
29/11/2021;Operations;Training;West;27791;27790;UPI;TXN103491
14/6/2022;Operations;Marketing;West;122749;135103;UPI;TXN103775
18/12/2023;Operations;Training;West;98620;135218;UPI;TXN103848
30/3/2023;Operations;Training;West;75506;21051;UPI;TXN104015
13/9/2023;Operations;Salaries;West;43161;33071;UPI;TXN104068
31/8/2023;Operations;Training;West;65138;163013;UPI;TXN104156
15/11/2023;Operations;Travel;West;134947;12968;UPI;TXN104181
22/9/2022;Operations;Utilities;West;69116;68554;UPI;TXN104234
17/11/2021;Operations;Salaries;West;50326;121584;UPI;TXN104312
29/7/2023;Operations;Marketing;West;44888;33503;UPI;TXN104419
17/5/2021;Operations;Utilities;West;26459;158585;UPI;TXN104454
17/5/2021;Operations;Infrastructure;West;135077;167502;UPI;TXN104653
5/7/2022;Operations;Salaries;West;85891;50237;UPI;TXN104781
26/6/2022;Operations;Travel;West;72821;73933;UPI;TXN104785
1/11/2021;Operations;Salaries;West;54391;91165;UPI;TXN104857
20/8/2021;Operations;Training;West;28044;92868;UPI;TXN104860
20/6/2021;Operations;Travel;West;21178;121308;UPI;TXN104997
14/5/2022;Operations;Infrastructure;West;116938;123240;UPI;TXN105004
8/7/2022;Operations;Utilities;West;40765;134384;UPI;TXN105038
16/6/2023;Operations;Travel;West;135466;130383;UPI;TXN105054
8/6/2023;Operations;Utilities;West;89820;97618;UPI;TXN105291
11/1/2021;Operations;Training;West;31008;145683;UPI;TXN105457
18/2/2021;Operations;Salaries;West;20647;167396;UPI;TXN105611
4/12/2022;Operations;Travel;West;118467;91971;UPI;TXN105657
9/11/2023;Operations;Infrastructure;West;148383;105794;UPI;TXN105669
25/10/2023;Operations;Utilities;West;74286;102285;UPI;TXN105722
10/10/2021;Operations;Infrastructure;West;93041;57303;UPI;TXN105994
13/9/2021;Operations;Utilities;West;123855;140067;UPI;TXN106394
11/9/2021;Operations;Utilities;West;136230;26958;UPI;TXN106790
21/7/2023;Operations;Marketing;West;112291;61972;UPI;TXN106954
23/3/2022;Operations;Marketing;West;133265;24366;UPI;TXN107538
19/4/2021;Operations;Marketing;West;58200;122379;UPI;TXN107539
23/6/2022;Operations;Travel;West;98094;19086;UPI;TXN107618
13/9/2023;Operations;Salaries;West;141141;121685;UPI;TXN107628
14/10/2021;Operations;Marketing;West;40865;33484;UPI;TXN107633
5/6/2023;Operations;Infrastructure;West;97931;130916;UPI;TXN107661
6/4/2022;Operations;Utilities;West;142824;144939;UPI;TXN107720
31/3/2023;Operations;Utilities;West;101424;59421;UPI;TXN107777
25/4/2021;Operations;Marketing;West;70978;31254;UPI;TXN107786
22/3/2021;Operations;Utilities;West;108067;41706;UPI;TXN107793
1/3/2023;Operations;Salaries;West;105800;118083;UPI;TXN107902
21/5/2022;Operations;Utilities;West;35811;11058;UPI;TXN108055
29/12/2022;Operations;Marketing;West;106404;152830;UPI;TXN108114
5/12/2021;Operations;Salaries;West;25639;104305;UPI;TXN108163
24/6/2022;Operations;Infrastructure;West;140906;124654;UPI;TXN108193
24/6/2023;Operations;Training;West;48328;79309;UPI;TXN108361
13/5/2021;Operations;Salaries;West;55863;157443;UPI;TXN108542
31/5/2023;Operations;Travel;West;148460;143381;UPI;TXN108652
25/6/2021;Operations;Infrastructure;West;18537;142053;UPI;TXN108757
19/7/2023;Operations;Travel;West;80277;109506;UPI;TXN108775
7/9/2023;Operations;Marketing;West;34569;96069;UPI;TXN109242
3/11/2023;Operations;Utilities;West;52846;29946;UPI;TXN109413
15/2/2023;Operations;Training;West;52772;145580;UPI;TXN109498
24/1/2023;Operations;Utilities;West;128026;162882;UPI;TXN109621
30/5/2021;HR;Marketing;West;115741;94588;UPI;TXN100292
28/5/2022;HR;Infrastructure;West;55463;25011;UPI;TXN100329
19/8/2022;HR;Utilities;West;144123;117203;UPI;TXN100413
5/2/2022;HR;Travel;West;52178;70996;UPI;TXN100578
23/10/2021;HR;Travel;West;127888;61654;UPI;TXN100779
20/9/2023;HR;Marketing;West;52202;68780;UPI;TXN100841
7/6/2023;HR;Marketing;West;67937;34965;UPI;TXN100847
16/3/2021;HR;Training;West;111168;158513;UPI;TXN100993
19/12/2021;HR;Infrastructure;West;53967;76163;UPI;TXN101212
6/8/2023;HR;Utilities;West;34686;105044;UPI;TXN101274
13/2/2023;HR;Infrastructure;West;34939;154917;UPI;TXN101379
14/2/2022;HR;Travel;West;137843;159680;UPI;TXN101391
31/5/2022;HR;Travel;West;104386;141505;UPI;TXN101429
29/11/2023;HR;Training;West;116298;108254;UPI;TXN101517
28/9/2023;HR;Utilities;West;111146;47911;UPI;TXN101559
12/5/2022;HR;Marketing;West;95532;127087;UPI;TXN101866
22/4/2021;HR;Travel;West;111013;14132;UPI;TXN102024
18/2/2023;HR;Salaries;West;145303;115390;UPI;TXN102234
25/7/2023;HR;Salaries;West;78335;58472;UPI;TXN102320
31/5/2023;HR;Salaries;West;133549;96672;UPI;TXN102454
30/6/2022;HR;Infrastructure;West;136474;76712;UPI;TXN102983
18/12/2023;HR;Training;West;133816;95233;UPI;TXN103001
27/7/2023;HR;Travel;West;56264;26276;UPI;TXN103083
3/8/2021;HR;Travel;West;118732;155912;UPI;TXN103182
8/4/2021;HR;Infrastructure;West;98071;24674;UPI;TXN103203
21/11/2022;HR;Infrastructure;West;78438;85203;UPI;TXN103259
22/7/2021;HR;Marketing;West;27597;104958;UPI;TXN103283
12/9/2022;HR;Travel;West;91951;16519;UPI;TXN103394
19/5/2021;HR;Utilities;West;130578;37764;UPI;TXN103469
6/4/2021;HR;Training;West;118653;125760;UPI;TXN103507
18/6/2022;HR;Marketing;West;14944;165896;UPI;TXN103581
5/12/2023;HR;Salaries;West;64785;66486;UPI;TXN103703
12/5/2023;HR;Utilities;West;132544;116025;UPI;TXN103744
19/11/2022;HR;Training;West;116485;49648;UPI;TXN103774
20/5/2021;HR;Infrastructure;West;122501;151491;UPI;TXN103966
28/2/2023;HR;Salaries;West;30792;52404;UPI;TXN103984
5/11/2022;HR;Training;West;24058;153404;UPI;TXN104028
6/8/2022;HR;Travel;West;20146;167533;UPI;TXN104115
17/3/2023;HR;Infrastructure;West;18431;46593;UPI;TXN104465
5/3/2022;HR;Training;West;20086;36964;UPI;TXN104490
28/6/2021;HR;Travel;West;51113;16668;UPI;TXN104599
19/4/2023;HR;Travel;West;130306;168878;UPI;TXN104634
23/5/2023;HR;Utilities;West;36425;14642;UPI;TXN104779
18/7/2021;HR;Utilities;West;119562;141060;UPI;TXN104821
24/5/2021;HR;Marketing;West;10661;132159;UPI;TXN104845
26/9/2023;HR;Marketing;West;50503;156132;UPI;TXN104959
16/4/2022;HR;Salaries;West;22057;17968;UPI;TXN105045
20/6/2021;HR;Utilities;West;146991;41775;UPI;TXN105065
26/1/2023;HR;Travel;West;22473;28421;UPI;TXN105367
28/6/2022;HR;Training;West;136775;123337;UPI;TXN105372
5/1/2021;HR;Travel;West;23965;78859;UPI;TXN105420
2/11/2022;HR;Training;West;57565;30501;UPI;TXN105474
9/3/2022;HR;Training;West;46761;13479;UPI;TXN105542
24/5/2022;HR;Salaries;West;133100;112935;UPI;TXN105765
10/1/2021;HR;Salaries;West;113533;75271;UPI;TXN105924
21/9/2021;HR;Infrastructure;West;132880;96103;UPI;TXN105967
15/2/2021;HR;Marketing;West;103420;151030;UPI;TXN106022
5/2/2021;HR;Marketing;West;19044;78676;UPI;TXN106061
29/5/2022;HR;Salaries;West;131671;120786;UPI;TXN106085
31/1/2021;HR;Travel;West;128721;143555;UPI;TXN106167
29/12/2023;HR;Training;West;49123;81967;UPI;TXN106340
10/3/2021;HR;Infrastructure;West;67812;129108;UPI;TXN106383
5/7/2022;HR;Marketing;West;90469;151542;UPI;TXN106392
1/9/2021;HR;Travel;West;52440;168647;UPI;TXN106513
21/7/2022;HR;Marketing;West;124979;161416;UPI;TXN106739
18/12/2022;HR;Marketing;West;76156;27323;UPI;TXN106963
26/12/2023;HR;Utilities;West;18819;160836;UPI;TXN106980
4/11/2022;HR;Utilities;West;122488;46301;UPI;TXN107143
9/9/2023;HR;Training;West;86880;123526;UPI;TXN107237
27/8/2021;HR;Travel;West;28616;143395;UPI;TXN107305
11/8/2021;HR;Travel;West;78905;135032;UPI;TXN107312
24/6/2022;HR;Marketing;West;29227;98591;UPI;TXN107350
21/9/2021;HR;Training;West;72534;78835;UPI;TXN107369
26/2/2021;HR;Utilities;West;26094;34430;UPI;TXN107420
9/1/2022;HR;Training;West;110477;137482;UPI;TXN107758
4/12/2022;HR;Marketing;West;137634;165685;UPI;TXN107931
23/8/2023;HR;Salaries;West;130537;20404;UPI;TXN107939
11/11/2023;HR;Infrastructure;West;103538;46599;UPI;TXN107974
23/2/2023;HR;Travel;West;96642;33056;UPI;TXN108062
1/2/2023;HR;Utilities;West;132357;118899;UPI;TXN108238
18/5/2022;HR;Training;West;24640;84876;UPI;TXN108314
29/5/2023;HR;Travel;West;23683;8542;UPI;TXN108351
23/9/2021;HR;Marketing;West;116170;23993;UPI;TXN108415
9/5/2022;HR;Travel;West;60812;26854;UPI;TXN108520
27/4/2023;HR;Travel;West;78275;99162;UPI;TXN108558
7/12/2023;HR;Travel;West;146258;127562;UPI;TXN109328
7/1/2021;HR;Utilities;West;148026;38775;UPI;TXN109381
24/10/2022;HR;Travel;West;75976;71208;UPI;TXN109604
27/2/2023;HR;Travel;West;104782;38472;UPI;TXN109729
22/7/2022;HR;Salaries;West;11890;116299;UPI;TXN109869
14/1/2021;Marketing;Infrastructure;West;92256;104791;UPI;TXN100037
9/12/2023;Marketing;Training;West;13155;34496;UPI;TXN100239
20/9/2023;Marketing;Travel;West;14677;98275;UPI;TXN100302
1/10/2023;Marketing;Marketing;West;96049;73886;UPI;TXN100305
9/1/2023;Marketing;Travel;West;104817;144746;UPI;TXN100402
17/5/2023;Marketing;Training;West;21752;53418;UPI;TXN100410
31/3/2022;Marketing;Travel;West;85921;81775;UPI;TXN100423
19/6/2021;Marketing;Salaries;West;139212;151864;UPI;TXN100450
8/11/2022;Marketing;Marketing;West;118029;126548;UPI;TXN100553
10/2/2023;Marketing;Utilities;West;29003;25231;UPI;TXN100571
30/4/2022;Marketing;Utilities;West;102263;8234;UPI;TXN100677
2/7/2022;Marketing;Travel;West;101196;149586;UPI;TXN100715
16/10/2022;Marketing;Travel;West;126888;19845;UPI;TXN100742
11/3/2023;Marketing;Salaries;West;57323;161646;UPI;TXN100781
9/12/2023;Marketing;Travel;West;19422;121202;UPI;TXN100892
15/9/2023;Marketing;Travel;West;149062;24625;UPI;TXN100919
29/1/2021;Marketing;Training;West;28164;70060;UPI;TXN101022
11/1/2022;Marketing;Marketing;West;73135;57130;UPI;TXN101136
4/4/2022;Marketing;Marketing;West;62008;17559;UPI;TXN101284
3/4/2021;Marketing;Infrastructure;West;73968;148238;UPI;TXN101420
22/10/2021;Marketing;Utilities;West;75945;126567;UPI;TXN101441
27/10/2022;Marketing;Marketing;West;12693;146740;UPI;TXN101586
30/8/2021;Marketing;Marketing;West;119518;132594;UPI;TXN101659
13/9/2022;Marketing;Marketing;West;135650;136592;UPI;TXN101685
19/9/2023;Marketing;Training;West;115700;161879;UPI;TXN101932
7/6/2022;Marketing;Infrastructure;West;107845;72278;UPI;TXN101957
23/4/2021;Marketing;Salaries;West;108119;122434;UPI;TXN101970
26/6/2022;Marketing;Utilities;West;68235;150085;UPI;TXN102075
22/5/2021;Marketing;Training;West;112216;157167;UPI;TXN102156
18/8/2023;Marketing;Salaries;West;102150;34339;UPI;TXN102202
6/11/2023;Marketing;Marketing;West;140640;153332;UPI;TXN102273
5/12/2022;Marketing;Utilities;West;149750;152061;UPI;TXN102461
23/3/2021;Marketing;Training;West;54895;18582;UPI;TXN102647
4/10/2021;Marketing;Utilities;West;96966;78058;UPI;TXN102674
24/6/2022;Marketing;Infrastructure;West;30293;137473;UPI;TXN102793
13/2/2022;Marketing;Utilities;West;54665;32421;UPI;TXN102839
23/2/2023;Marketing;Marketing;West;60817;78167;UPI;TXN102844
3/1/2021;Marketing;Salaries;West;37177;71743;UPI;TXN102923
29/11/2021;Marketing;Infrastructure;West;76948;19399;UPI;TXN102929
25/1/2021;Marketing;Marketing;West;48397;89396;UPI;TXN103242
13/9/2021;Marketing;Salaries;West;70928;136020;UPI;TXN103323
16/6/2022;Marketing;Marketing;West;108205;99131;UPI;TXN103494
9/7/2023;Marketing;Travel;West;61539;73721;UPI;TXN103622
3/6/2022;Marketing;Salaries;West;149322;71743;UPI;TXN103701
11/4/2023;Marketing;Training;West;109320;69540;UPI;TXN103779
20/2/2023;Marketing;Salaries;West;124073;29521;UPI;TXN103865
25/7/2022;Marketing;Salaries;West;111801;165740;UPI;TXN104071
19/1/2021;Marketing;Marketing;West;44198;148378;UPI;TXN104081
17/3/2021;Marketing;Utilities;West;111311;88175;UPI;TXN104210
8/8/2023;Marketing;Salaries;West;118025;90833;UPI;TXN104258
5/9/2022;Marketing;Utilities;West;91301;39792;UPI;TXN104359
23/6/2023;Marketing;Infrastructure;West;147610;25532;UPI;TXN104620
2/5/2021;Marketing;Marketing;West;60377;83330;UPI;TXN104622
28/6/2021;Marketing;Training;West;72166;45539;UPI;TXN104650
20/3/2022;Marketing;Utilities;West;16874;39092;UPI;TXN104708
14/10/2021;Marketing;Marketing;West;94274;45996;UPI;TXN104782
31/10/2022;Marketing;Travel;West;61108;143361;UPI;TXN104885
13/10/2021;Marketing;Infrastructure;West;104853;142791;UPI;TXN105033
6/4/2022;Marketing;Training;West;27129;16500;UPI;TXN105094
10/5/2021;Marketing;Marketing;West;130758;40074;UPI;TXN105255
24/5/2023;Marketing;Training;West;115852;127429;UPI;TXN105476
6/5/2023;Marketing;Infrastructure;West;124849;118594;UPI;TXN105538
11/12/2023;Marketing;Infrastructure;West;62760;57890;UPI;TXN105555
4/10/2021;Marketing;Training;West;32388;132313;UPI;TXN105640
18/8/2023;Marketing;Travel;West;47812;38882;UPI;TXN105724
27/6/2023;Marketing;Utilities;West;73810;17560;UPI;TXN105743
12/9/2022;Marketing;Utilities;West;61678;141436;UPI;TXN105788
20/12/2022;Marketing;Training;West;89987;105037;UPI;TXN106209
7/10/2023;Marketing;Training;West;128781;107042;UPI;TXN106406
16/3/2021;Marketing;Utilities;West;146018;116881;UPI;TXN106531
2/11/2023;Marketing;Travel;West;132822;81303;UPI;TXN106556
18/11/2022;Marketing;Marketing;West;70493;82181;UPI;TXN106600
18/3/2023;Marketing;Salaries;West;84632;36493;UPI;TXN106680
26/6/2021;Marketing;Salaries;West;135933;125611;UPI;TXN106859
23/1/2021;Marketing;Training;West;19251;36328;UPI;TXN107013
25/12/2023;Marketing;Marketing;West;45074;68039;UPI;TXN107066
17/3/2022;Marketing;Utilities;West;38248;49964;UPI;TXN107163
14/1/2021;Marketing;Training;West;12973;14243;UPI;TXN107181
19/1/2022;Marketing;Marketing;West;94059;50273;UPI;TXN107491
31/12/2021;Marketing;Infrastructure;West;23642;81012;UPI;TXN107651
15/12/2022;Marketing;Infrastructure;West;60605;134829;UPI;TXN107709
6/7/2023;Marketing;Salaries;West;64571;72237;UPI;TXN107955
19/1/2022;Marketing;Salaries;West;110982;44295;UPI;TXN107982
21/8/2022;Marketing;Marketing;West;81107;153518;UPI;TXN108100
5/6/2023;Marketing;Infrastructure;West;20694;81339;UPI;TXN108102
1/7/2023;Marketing;Infrastructure;West;85153;77580;UPI;TXN108121
16/9/2023;Marketing;Infrastructure;West;11179;45448;UPI;TXN108178
26/3/2022;Marketing;Travel;West;96622;51570;UPI;TXN108179
8/11/2023;Marketing;Salaries;West;32528;107837;UPI;TXN108215
10/4/2023;Marketing;Utilities;West;26487;137200;UPI;TXN108231
14/2/2022;Marketing;Travel;West;142609;64575;UPI;TXN108446
20/2/2022;Marketing;Infrastructure;West;90994;65539;UPI;TXN108503
29/11/2023;Marketing;Utilities;West;120370;90220;UPI;TXN108606
8/10/2022;Marketing;Travel;West;119406;131157;UPI;TXN108631
29/10/2023;Marketing;Marketing;West;80655;125428;UPI;TXN109056
21/2/2021;Marketing;Salaries;West;54623;67293;UPI;TXN109097
5/2/2022;Marketing;Utilities;West;109070;76339;UPI;TXN109677
6/6/2022;Marketing;Infrastructure;West;107506;117340;UPI;TXN109774
21/12/2021;Marketing;Infrastructure;West;114762;82540;UPI;TXN109795
4/9/2022;Marketing;Infrastructure;West;106177;89392;UPI;TXN109947
5/5/2023;Finance;Training;West;124291;60466;UPI;TXN100147
20/1/2023;Finance;Marketing;West;125883;22963;UPI;TXN100223
20/7/2022;Finance;Travel;West;63902;46336;UPI;TXN100260
24/7/2022;Finance;Salaries;West;16171;134709;UPI;TXN100294
10/1/2023;Finance;Marketing;West;88699;66594;UPI;TXN100512
16/2/2021;Finance;Marketing;West;71236;49878;UPI;TXN100642
17/9/2022;Finance;Infrastructure;West;20042;60225;UPI;TXN100654
24/10/2023;Finance;Training;West;130452;82953;UPI;TXN100670
25/5/2021;Finance;Marketing;West;119130;132467;UPI;TXN100685
26/12/2022;Finance;Infrastructure;West;59891;34496;UPI;TXN100769
3/8/2021;Finance;Salaries;West;77209;87680;UPI;TXN100903
16/4/2022;Finance;Infrastructure;West;131229;115767;UPI;TXN100966
10/2/2022;Finance;Travel;West;132863;146050;UPI;TXN101034
11/12/2022;Finance;Training;West;52691;103853;UPI;TXN101069
3/1/2021;Finance;Infrastructure;West;137056;18502;UPI;TXN101135
28/3/2023;Finance;Infrastructure;West;144366;155821;UPI;TXN101145
4/8/2021;Finance;Infrastructure;West;52148;80755;UPI;TXN101209
19/8/2021;Finance;Utilities;West;99374;15369;UPI;TXN101466
14/5/2021;Finance;Travel;West;100345;33038;UPI;TXN101769
16/1/2022;Finance;Salaries;West;49829;119550;UPI;TXN101789
31/3/2023;Finance;Travel;West;77105;150620;UPI;TXN101833
26/2/2022;Finance;Salaries;West;21156;82592;UPI;TXN101837
9/7/2021;Finance;Training;West;41935;53850;UPI;TXN101946
1/11/2021;Finance;Salaries;West;112868;73997;UPI;TXN102161
25/8/2022;Finance;Travel;West;19323;70688;UPI;TXN102459
27/5/2021;Finance;Marketing;West;83109;97797;UPI;TXN102632
29/3/2023;Finance;Salaries;West;103709;151963;UPI;TXN102755
23/8/2021;Finance;Utilities;West;18951;61117;UPI;TXN102820
21/8/2021;Finance;Utilities;West;60618;73162;UPI;TXN102888
15/12/2022;Finance;Infrastructure;West;146531;96811;UPI;TXN102921
12/9/2022;Finance;Travel;West;146433;132051;UPI;TXN102927
20/9/2022;Finance;Training;West;89757;79872;UPI;TXN103030
20/5/2022;Finance;Salaries;West;14806;17662;UPI;TXN103093
23/1/2023;Finance;Travel;West;134503;27987;UPI;TXN103099
27/12/2021;Finance;Marketing;West;80083;64515;UPI;TXN103191
15/9/2021;Finance;Training;West;76998;97979;UPI;TXN103228
2/4/2023;Finance;Travel;West;146518;126064;UPI;TXN103326
14/12/2021;Finance;Training;West;123393;78000;UPI;TXN103512
15/10/2021;Finance;Salaries;West;10547;12130;UPI;TXN103649
3/8/2023;Finance;Utilities;West;71473;98305;UPI;TXN103686
31/7/2021;Finance;Salaries;West;44936;41913;UPI;TXN103711
30/4/2022;Finance;Utilities;West;31547;17021;UPI;TXN103736
31/1/2021;Finance;Utilities;West;116174;36939;UPI;TXN103757
10/11/2022;Finance;Training;West;134434;33916;UPI;TXN103780
21/12/2022;Finance;Travel;West;149293;71137;UPI;TXN103816
9/6/2022;Finance;Salaries;West;66145;106789;UPI;TXN103838
6/8/2023;Finance;Marketing;West;104248;12756;UPI;TXN103981
27/12/2022;Finance;Training;West;45239;131931;UPI;TXN103996
24/1/2023;Finance;Salaries;West;89437;89226;UPI;TXN104072
31/3/2021;Finance;Marketing;West;68014;136474;UPI;TXN104230
15/5/2021;Finance;Training;West;25986;155045;UPI;TXN104285
13/7/2021;Finance;Salaries;West;103706;97997;UPI;TXN104296
25/4/2023;Finance;Utilities;West;149627;135585;UPI;TXN104334
25/7/2023;Finance;Marketing;West;74156;37581;UPI;TXN104410
10/7/2021;Finance;Utilities;West;70675;106643;UPI;TXN104794
8/3/2021;Finance;Training;West;116039;95613;UPI;TXN104809
14/6/2021;Finance;Training;West;146035;103497;UPI;TXN104901
30/3/2023;Finance;Utilities;West;109851;104724;UPI;TXN104963
14/10/2021;Finance;Travel;West;28794;22148;UPI;TXN105118
6/7/2021;Finance;Utilities;West;35917;54274;UPI;TXN105140
11/7/2022;Finance;Travel;West;131545;117418;UPI;TXN105182
17/4/2021;Finance;Marketing;West;54639;149980;UPI;TXN105190
14/6/2022;Finance;Marketing;West;63229;75648;UPI;TXN105386
23/12/2021;Finance;Travel;West;41626;96965;UPI;TXN105478
3/11/2021;Finance;Training;West;88131;19240;UPI;TXN105501
14/1/2022;Finance;Training;West;75025;163032;UPI;TXN105701
19/9/2023;Finance;Travel;West;137262;36910;UPI;TXN105773
19/5/2023;Finance;Training;West;138711;28155;UPI;TXN105783
3/8/2022;Finance;Utilities;West;53791;146497;UPI;TXN106159
22/4/2023;Finance;Salaries;West;58339;159191;UPI;TXN106250
13/4/2021;Finance;Infrastructure;West;62452;53170;UPI;TXN106464
19/10/2023;Finance;Marketing;West;51732;137745;UPI;TXN106523
12/12/2022;Finance;Travel;West;15097;19112;UPI;TXN106582
18/7/2023;Finance;Utilities;West;78410;153466;UPI;TXN106641
31/7/2023;Finance;Utilities;West;58241;111419;UPI;TXN106677
14/11/2021;Finance;Training;West;81446;18255;UPI;TXN106843
21/8/2022;Finance;Salaries;West;97243;55937;UPI;TXN106981
25/6/2021;Finance;Training;West;129158;53279;UPI;TXN107026
6/1/2022;Finance;Training;West;112249;67154;UPI;TXN107134
18/6/2021;Finance;Salaries;West;80126;30710;UPI;TXN107179
30/4/2023;Finance;Travel;West;124960;107613;UPI;TXN107193
8/3/2022;Finance;Infrastructure;West;67238;62302;UPI;TXN107245
24/10/2023;Finance;Travel;West;55216;122094;UPI;TXN107370
13/7/2023;Finance;Infrastructure;West;32479;155769;UPI;TXN107439
16/5/2023;Finance;Training;West;109992;112403;UPI;TXN107589
26/11/2021;Finance;Infrastructure;West;108969;44035;UPI;TXN107610
21/6/2023;Finance;Infrastructure;West;30907;54585;UPI;TXN107731
18/8/2021;Finance;Utilities;West;103846;11322;UPI;TXN107755
13/11/2023;Finance;Infrastructure;West;136549;125413;UPI;TXN107871
23/1/2022;Finance;Infrastructure;West;47845;72385;UPI;TXN107886
23/10/2022;Finance;Marketing;West;68851;166346;UPI;TXN108037
15/11/2023;Finance;Utilities;West;82785;98794;UPI;TXN108054
2/8/2022;Finance;Travel;West;133190;145513;UPI;TXN108134
10/8/2022;Finance;Training;West;48888;125659;UPI;TXN108183
17/12/2022;Finance;Marketing;West;90499;80213;UPI;TXN108471
24/6/2021;Finance;Salaries;West;102240;129269;UPI;TXN108653
17/12/2022;Finance;Utilities;West;66957;34375;UPI;TXN108782
22/8/2021;Finance;Utilities;West;32869;12236;UPI;TXN109091
3/10/2022;Finance;Utilities;West;117381;163176;UPI;TXN109149
27/11/2022;Finance;Infrastructure;West;20076;94014;UPI;TXN109395
30/5/2021;Finance;Infrastructure;West;80954;27386;UPI;TXN109532
22/6/2021;Finance;Travel;West;134242;84851;UPI;TXN109543
16/11/2023;Finance;Utilities;West;87083;137298;UPI;TXN109616
28/3/2022;Finance;Infrastructure;West;11823;91963;UPI;TXN109671
10/3/2022;Finance;Infrastructure;West;122082;38545;UPI;TXN109683
5/8/2021;Finance;Infrastructure;West;122917;20595;UPI;TXN109733
17/8/2021;Finance;Training;West;15550;25928;UPI;TXN109751
7/6/2022;Finance;Utilities;West;127685;133949;UPI;TXN109860
19/5/2023;Finance;Travel;West;23682;48791;UPI;TXN109868
18/5/2022;Finance;Infrastructure;West;30192;39926;UPI;TXN109988
18/11/2022;Sales;Marketing;North;103948;76187;Card;TXN100026
17/7/2022;Sales;Marketing;North;129239;163833;Card;TXN100028
9/4/2021;Sales;Marketing;North;77431;118930;Cash;TXN100096
25/6/2022;Sales;Marketing;North;79951;86138;Card;TXN100120
10/10/2023;Sales;Marketing;North;31203;102468;Cash;TXN100126
3/9/2021;Sales;Marketing;North;41485;158145;Cash;TXN100269
22/2/2022;Sales;Marketing;North;15109;62617;Bank Transfer;TXN100390
15/4/2021;Sales;Marketing;North;47165;69541;Cash;TXN100542
8/4/2021;Sales;Marketing;North;45569;51816;Cash;TXN100590
2/3/2021;Sales;Marketing;North;141137;102072;Cash;TXN100626
8/7/2023;Sales;Marketing;North;76527;159094;Bank Transfer;TXN100671
25/1/2023;Sales;Marketing;North;12019;90267;Bank Transfer;TXN100824
7/11/2023;Sales;Marketing;North;54049;136367;Card;TXN101045
11/4/2022;Sales;Marketing;North;89164;86295;Card;TXN101070
24/5/2023;Sales;Marketing;North;104301;71297;Card;TXN101395
21/3/2022;Sales;Marketing;North;17512;54422;Cash;TXN101419
11/9/2022;Sales;Marketing;North;40245;151491;Cash;TXN101601
18/10/2021;Sales;Marketing;North;43107;76830;UPI;TXN101618
9/2/2023;Sales;Marketing;North;84227;159925;Cash;TXN101676
9/2/2023;Sales;Marketing;North;77081;62887;Card;TXN101752
29/1/2023;Sales;Marketing;North;51845;96908;Bank Transfer;TXN101896
17/7/2021;Sales;Marketing;North;45961;141241;UPI;TXN102093
25/12/2022;Sales;Marketing;North;12786;145298;UPI;TXN102315
18/2/2023;Sales;Marketing;North;21179;36984;Cash;TXN102401
22/6/2023;Sales;Marketing;North;85179;156259;Bank Transfer;TXN102650
6/11/2022;Sales;Marketing;North;138362;74274;Card;TXN102831
25/3/2021;Sales;Marketing;North;90338;149495;UPI;TXN103028
2/5/2023;Sales;Marketing;North;107193;155445;UPI;TXN103965
13/7/2023;Sales;Marketing;North;62563;131211;Bank Transfer;TXN104453
21/12/2022;Sales;Marketing;North;64428;33791;Bank Transfer;TXN104505
16/12/2023;Sales;Marketing;North;23720;146352;Bank Transfer;TXN104651
4/9/2021;Sales;Marketing;North;89082;29102;Cash;TXN104800
22/4/2021;Sales;Marketing;North;90615;56533;Bank Transfer;TXN105040
9/5/2021;Sales;Marketing;North;119181;121054;Card;TXN105085
10/5/2021;Sales;Marketing;North;132851;137242;Cash;TXN105142
13/7/2022;Sales;Marketing;North;125945;153156;Cash;TXN105189
15/9/2023;Sales;Marketing;North;110580;77538;Cash;TXN105193
31/7/2022;Sales;Marketing;North;84202;44050;Bank Transfer;TXN105455
17/12/2023;Sales;Marketing;North;100759;99885;Card;TXN105683
4/3/2022;Sales;Marketing;North;23501;74371;Cash;TXN105710
23/8/2021;Sales;Marketing;North;129496;161080;Cash;TXN105727
4/6/2021;Sales;Marketing;North;47239;62994;Cash;TXN105953
1/4/2022;Sales;Marketing;North;68200;53326;Card;TXN105955
6/7/2022;Sales;Marketing;North;57554;156114;Card;TXN106214
29/3/2023;Sales;Marketing;North;148364;95425;Bank Transfer;TXN106537
13/2/2022;Sales;Marketing;North;10375;14923;Cash;TXN106609
26/5/2023;Sales;Marketing;North;147417;155871;Bank Transfer;TXN106613
26/9/2023;Sales;Marketing;North;39676;149919;Bank Transfer;TXN106718
1/4/2021;Sales;Marketing;North;85300;164271;Cash;TXN107108
21/6/2022;Sales;Marketing;North;125886;27814;Bank Transfer;TXN107454
16/10/2021;Sales;Marketing;North;58867;13029;UPI;TXN107472
26/1/2022;Sales;Marketing;North;38062;94850;UPI;TXN107827
29/8/2021;Sales;Marketing;North;48108;59719;Cash;TXN107887
15/2/2022;Sales;Marketing;North;42967;28275;Card;TXN108010
7/11/2023;Sales;Marketing;North;106599;105385;Card;TXN108086
15/4/2022;Sales;Marketing;North;49820;75073;Cash;TXN108212
3/8/2022;Sales;Marketing;North;52756;68551;UPI;TXN108660
2/2/2023;Sales;Marketing;North;99646;145028;Bank Transfer;TXN108721
2/4/2021;Sales;Marketing;North;91940;85830;Bank Transfer;TXN108786
23/2/2022;Sales;Marketing;North;12790;139250;UPI;TXN108974
31/7/2023;Sales;Marketing;North;90990;15474;Cash;TXN109083
5/7/2021;Sales;Marketing;North;118196;69662;Cash;TXN109354
30/8/2022;Sales;Marketing;North;145440;77126;Card;TXN109438
9/1/2023;Sales;Marketing;North;117036;28576;UPI;TXN109789
23/1/2022;IT;Marketing;North;42323;118946;Cash;TXN100034
12/11/2021;Marketing;Marketing;North;17927;121002;UPI;TXN100036
17/6/2023;HR;Marketing;North;117167;15153;Bank Transfer;TXN100041
20/7/2022;Finance;Marketing;North;69461;114280;Card;TXN100050
27/9/2021;IT;Marketing;North;78578;14549;Bank Transfer;TXN100057
6/2/2023;Operations;Marketing;North;137791;147565;Card;TXN100156
31/5/2021;IT;Marketing;North;52042;143417;UPI;TXN100180
30/6/2021;HR;Marketing;North;144884;95672;Cash;TXN100250
16/6/2023;Finance;Marketing;North;98777;10020;Bank Transfer;TXN100333
2/12/2021;Operations;Marketing;North;84564;167498;Card;TXN100366
29/10/2023;Operations;Marketing;North;90459;144210;Bank Transfer;TXN100504
26/5/2021;Finance;Marketing;North;53003;119333;Bank Transfer;TXN100534
24/8/2021;IT;Marketing;North;26961;123196;Card;TXN100574
24/1/2022;HR;Marketing;North;72676;129767;Card;TXN100575
3/2/2023;Finance;Marketing;North;137589;90655;Bank Transfer;TXN100587
29/10/2022;Finance;Marketing;North;147198;33826;Card;TXN100623
26/10/2023;HR;Marketing;North;148265;164047;UPI;TXN100629
10/6/2022;Finance;Marketing;North;23349;57679;Card;TXN100666
15/9/2022;IT;Marketing;North;75837;121841;UPI;TXN100694
23/11/2022;Marketing;Marketing;North;15520;139835;UPI;TXN100699
16/11/2023;IT;Marketing;North;107057;31872;Bank Transfer;TXN100730
23/4/2021;Finance;Marketing;North;55883;11675;Card;TXN100737
16/9/2021;Marketing;Marketing;North;145246;91610;Card;TXN100746
24/8/2022;HR;Marketing;North;42185;137427;UPI;TXN100775
20/11/2021;Marketing;Marketing;North;143054;58564;Cash;TXN100819
4/3/2021;Finance;Marketing;North;136292;14420;Bank Transfer;TXN100887
22/12/2022;IT;Marketing;North;44459;64808;Cash;TXN100981
18/3/2022;Operations;Marketing;North;44139;31975;UPI;TXN100989
2/9/2022;Finance;Marketing;North;138443;166593;Card;TXN100991
24/11/2022;Marketing;Marketing;North;29012;140297;Cash;TXN101020
6/7/2021;Finance;Marketing;North;126648;144020;Card;TXN101026
24/7/2023;IT;Marketing;North;81358;70586;Bank Transfer;TXN101090
7/11/2021;Marketing;Marketing;North;94213;65199;Card;TXN101112
15/12/2021;Finance;Marketing;North;85085;166637;Card;TXN101204
9/2/2021;Operations;Marketing;North;115550;105557;Bank Transfer;TXN101208
27/3/2023;Operations;Marketing;North;111447;69506;Card;TXN101214
31/5/2022;IT;Marketing;North;40691;112692;UPI;TXN101287
18/8/2023;Finance;Marketing;North;37124;107622;Bank Transfer;TXN101319
12/4/2021;Operations;Marketing;North;55350;73488;UPI;TXN101348
26/4/2021;HR;Marketing;North;12670;77279;Card;TXN101365
2/5/2021;Finance;Marketing;North;15179;145282;Bank Transfer;TXN101370
21/7/2023;Marketing;Marketing;North;77344;62241;UPI;TXN101440
25/1/2023;HR;Marketing;North;141717;47821;Cash;TXN101442
18/4/2023;IT;Marketing;North;147706;130429;Bank Transfer;TXN101468
30/7/2022;Operations;Marketing;North;27470;90515;UPI;TXN101487
6/10/2023;IT;Marketing;North;100583;89784;UPI;TXN101508
19/11/2022;Operations;Marketing;North;27789;143497;Bank Transfer;TXN101550
26/12/2022;HR;Marketing;North;110277;125677;Cash;TXN101563
12/2/2021;Marketing;Marketing;North;88990;136272;Card;TXN101591
11/9/2023;Finance;Marketing;North;134514;77159;Cash;TXN101643
7/5/2023;Marketing;Marketing;North;46409;151464;Card;TXN101655
1/7/2023;IT;Marketing;North;75293;119830;Card;TXN101725
5/5/2022;Finance;Marketing;North;141972;36421;UPI;TXN101763
9/11/2022;Finance;Marketing;North;28059;121774;Bank Transfer;TXN101767
27/12/2023;Marketing;Marketing;North;20687;144265;Bank Transfer;TXN101770
9/2/2022;Operations;Marketing;North;46652;29241;Cash;TXN101849
16/9/2022;HR;Marketing;North;127747;35392;Cash;TXN101875
18/3/2022;Marketing;Marketing;North;121950;15179;UPI;TXN101927
16/4/2023;Finance;Marketing;North;17460;32174;Cash;TXN101941
9/6/2021;Marketing;Marketing;North;120723;151250;Bank Transfer;TXN101954
1/8/2021;HR;Marketing;North;81706;14870;UPI;TXN101994
12/10/2023;Marketing;Marketing;North;66500;114369;Cash;TXN102038
6/8/2022;Operations;Marketing;North;43609;96184;Card;TXN102057
19/6/2023;Operations;Marketing;North;130501;52722;Card;TXN102064
5/2/2023;Finance;Marketing;North;75580;153374;Bank Transfer;TXN102065
19/3/2021;Finance;Marketing;North;103300;151004;Bank Transfer;TXN102097
7/7/2021;Finance;Marketing;North;59054;30303;UPI;TXN102128
15/7/2022;Operations;Marketing;North;85237;147719;UPI;TXN102201
1/8/2021;IT;Marketing;North;63694;23886;UPI;TXN102213
19/10/2023;HR;Marketing;North;98164;155548;UPI;TXN102284
31/3/2023;Operations;Marketing;North;77510;31052;Cash;TXN102383
30/11/2021;Marketing;Marketing;North;29494;53610;Bank Transfer;TXN102387
11/6/2022;Marketing;Marketing;North;14726;43368;Card;TXN102417
10/1/2022;Operations;Marketing;North;18911;32285;UPI;TXN102528
1/12/2023;Finance;Marketing;North;35644;123028;Cash;TXN102533
25/11/2023;Finance;Marketing;North;94872;89189;UPI;TXN102574
14/4/2021;HR;Marketing;North;88105;81980;UPI;TXN102612
19/1/2021;HR;Marketing;North;131720;63308;Cash;TXN102678
4/3/2022;Operations;Marketing;North;86851;111689;Cash;TXN102764
20/12/2021;Marketing;Marketing;North;117181;164823;Cash;TXN103006
13/5/2023;Operations;Marketing;North;82519;31818;UPI;TXN103053
11/7/2021;Operations;Marketing;North;41989;62206;UPI;TXN103121
9/8/2022;Operations;Marketing;North;71466;139669;Cash;TXN103205
14/7/2022;IT;Marketing;North;140140;124274;Bank Transfer;TXN103223
10/4/2021;HR;Marketing;North;144684;74648;Bank Transfer;TXN103225
15/11/2021;Marketing;Marketing;North;118873;153327;Cash;TXN103291
28/11/2023;Marketing;Marketing;North;145092;126723;Cash;TXN103334
5/12/2023;Marketing;Marketing;North;136853;168591;Cash;TXN103389
17/10/2023;Marketing;Marketing;North;107347;126893;Card;TXN103407
29/12/2021;Finance;Marketing;North;145432;83387;Card;TXN103418
23/3/2021;HR;Marketing;North;14481;54534;Bank Transfer;TXN103489
30/4/2022;Marketing;Marketing;North;105651;142476;Bank Transfer;TXN103520
9/3/2021;Operations;Marketing;North;25836;107448;Bank Transfer;TXN103631
28/6/2021;Operations;Marketing;North;124595;116092;Cash;TXN103710
25/2/2021;IT;Marketing;North;110532;165624;Bank Transfer;TXN103739
3/11/2023;Marketing;Marketing;North;139278;162879;Cash;TXN103751
11/4/2021;Marketing;Marketing;North;28951;88925;UPI;TXN103753
1/10/2022;Operations;Marketing;North;127288;156842;UPI;TXN103839
11/8/2023;HR;Marketing;North;38879;18437;Cash;TXN103887
21/5/2022;Marketing;Marketing;North;146991;166180;Cash;TXN103898
27/6/2022;IT;Marketing;North;45165;65918;UPI;TXN104029
9/11/2022;Marketing;Marketing;North;66040;11512;Bank Transfer;TXN104040
25/1/2022;Marketing;Marketing;North;85229;131860;Card;TXN104069
28/1/2023;Marketing;Marketing;North;139649;78439;Bank Transfer;TXN104108
8/9/2023;IT;Marketing;North;130931;35798;UPI;TXN104228
23/1/2022;HR;Marketing;North;32537;95142;Cash;TXN104276
16/7/2023;Marketing;Marketing;North;127388;118103;Cash;TXN104302
12/12/2022;HR;Marketing;North;149804;51766;Cash;TXN104315
14/9/2022;HR;Marketing;North;107821;116523;Card;TXN104364
30/11/2022;Operations;Marketing;North;129904;111579;Cash;TXN104384
1/7/2023;IT;Marketing;North;33070;81025;Cash;TXN104389
11/3/2022;HR;Marketing;North;81655;8352;UPI;TXN104459
6/10/2023;Marketing;Marketing;North;149459;69572;Bank Transfer;TXN104519
26/11/2021;Operations;Marketing;North;42918;37563;Card;TXN104520
3/3/2022;Operations;Marketing;North;48413;134663;Card;TXN104532
25/1/2022;Finance;Marketing;North;92678;48071;UPI;TXN104565
3/8/2022;IT;Marketing;North;144443;95709;Bank Transfer;TXN104586
20/2/2022;Finance;Marketing;North;58974;38549;Cash;TXN104604
26/12/2023;Marketing;Marketing;North;53518;17765;Bank Transfer;TXN104671
31/8/2023;Operations;Marketing;North;131271;38427;UPI;TXN104676
26/9/2023;Operations;Marketing;North;122658;152621;Bank Transfer;TXN104678
26/3/2021;Operations;Marketing;North;25271;13765;Bank Transfer;TXN104713
11/12/2021;Marketing;Marketing;North;79752;61189;Cash;TXN104775
27/7/2023;HR;Marketing;North;50033;26935;Bank Transfer;TXN104806
14/11/2023;HR;Marketing;North;73409;22916;Bank Transfer;TXN104912
28/5/2023;Marketing;Marketing;North;16646;17793;Cash;TXN104971
20/10/2022;IT;Marketing;North;106137;83891;UPI;TXN105002
16/5/2023;Operations;Marketing;North;67916;34662;Bank Transfer;TXN105006
22/6/2022;Operations;Marketing;North;13067;21734;Cash;TXN105060
14/10/2022;Operations;Marketing;North;101396;87725;Bank Transfer;TXN105082
14/8/2023;IT;Marketing;North;138826;162190;Card;TXN105131
29/12/2022;Finance;Marketing;North;91177;117028;Cash;TXN105162
9/10/2022;Finance;Marketing;North;106430;137508;Cash;TXN105277
13/12/2022;HR;Marketing;North;55456;85247;Card;TXN105359
12/3/2023;Finance;Marketing;North;139716;26852;Card;TXN105363
7/8/2022;HR;Marketing;North;74729;41424;UPI;TXN105397
31/3/2021;Finance;Marketing;North;44354;139053;Bank Transfer;TXN105422
13/7/2023;Marketing;Marketing;North;67121;129268;Bank Transfer;TXN105451
25/2/2022;IT;Marketing;North;73552;60579;UPI;TXN105460
25/8/2021;Operations;Marketing;North;128239;69978;UPI;TXN105462
14/10/2023;Operations;Marketing;North;87011;41677;Card;TXN105567
25/7/2021;HR;Marketing;North;28350;84297;Bank Transfer;TXN105586
18/5/2023;Marketing;Marketing;North;109260;37725;UPI;TXN105589
31/3/2023;Operations;Marketing;North;146752;19740;Bank Transfer;TXN105616
19/2/2023;Marketing;Marketing;North;42850;126401;UPI;TXN105685
4/5/2023;Operations;Marketing;North;68364;108570;Cash;TXN105705
27/4/2021;Finance;Marketing;North;129378;151102;Card;TXN105824
13/6/2023;IT;Marketing;North;16082;73029;UPI;TXN105889
20/9/2023;Operations;Marketing;North;144419;114646;Card;TXN105896
5/1/2023;IT;Marketing;North;105413;122251;Cash;TXN105898
16/6/2023;Finance;Marketing;North;110991;68099;Bank Transfer;TXN105908
6/5/2021;HR;Marketing;North;110718;136350;Bank Transfer;TXN105915
6/8/2023;Operations;Marketing;North;101068;135991;Card;TXN105944
8/1/2022;Marketing;Marketing;North;42953;51419;Card;TXN105982
24/10/2021;HR;Marketing;North;131451;114358;Cash;TXN106040
28/9/2023;IT;Marketing;North;89507;121043;Bank Transfer;TXN106052
11/9/2022;HR;Marketing;North;115479;156935;Card;TXN106065
5/8/2023;Marketing;Marketing;North;18718;115511;UPI;TXN106092
18/9/2022;IT;Marketing;North;66714;30974;Card;TXN106121
22/8/2021;HR;Marketing;North;126363;157888;Bank Transfer;TXN106143
26/6/2022;Operations;Marketing;North;51893;144597;UPI;TXN106146
3/3/2021;Marketing;Marketing;North;54733;117578;UPI;TXN106156
26/3/2022;HR;Marketing;North;78885;41485;UPI;TXN106189
18/6/2022;Finance;Marketing;North;124624;123937;Card;TXN106231
15/4/2023;IT;Marketing;North;59877;77650;UPI;TXN106284
29/1/2021;Finance;Marketing;North;47739;18091;Cash;TXN106297
8/4/2023;HR;Marketing;North;116844;142873;Card;TXN106302
18/6/2023;Finance;Marketing;North;79901;38968;Bank Transfer;TXN106330
8/8/2021;HR;Marketing;North;74213;54138;UPI;TXN106348
30/3/2022;Operations;Marketing;North;40900;157587;UPI;TXN106366
22/4/2023;Finance;Marketing;North;123264;22095;Bank Transfer;TXN106443
15/10/2023;Marketing;Marketing;North;147652;32478;Cash;TXN106450
8/2/2022;IT;Marketing;North;123581;22768;Cash;TXN106458
26/9/2022;Finance;Marketing;North;126564;164121;Bank Transfer;TXN106476
19/2/2022;Marketing;Marketing;North;95947;139407;Bank Transfer;TXN106506
31/8/2021;Finance;Marketing;North;131356;83610;UPI;TXN106545
27/2/2021;Operations;Marketing;North;99381;12170;Card;TXN106625
14/1/2022;Operations;Marketing;North;20090;47550;Cash;TXN106649
3/2/2023;Finance;Marketing;North;94027;83112;UPI;TXN106675
27/8/2021;HR;Marketing;North;126379;164521;Cash;TXN106701
1/11/2023;HR;Marketing;North;104697;143419;UPI;TXN106713
19/6/2023;Finance;Marketing;North;87599;93874;Bank Transfer;TXN106723
2/4/2022;Finance;Marketing;North;112229;26481;UPI;TXN106746
2/4/2021;Marketing;Marketing;North;76759;163830;UPI;TXN106941
12/12/2023;Marketing;Marketing;North;33199;149006;Cash;TXN106947
2/7/2022;Operations;Marketing;North;37369;78691;Card;TXN107032
10/11/2021;Marketing;Marketing;North;92964;10021;Bank Transfer;TXN107038
12/3/2021;Marketing;Marketing;North;112025;82283;Cash;TXN107054
14/3/2022;IT;Marketing;North;41568;47970;Bank Transfer;TXN107081
26/2/2022;HR;Marketing;North;137678;75144;Bank Transfer;TXN107083
16/4/2021;HR;Marketing;North;44673;58074;Cash;TXN107101
21/11/2023;IT;Marketing;North;102729;87754;Bank Transfer;TXN107307
16/4/2023;Marketing;Marketing;North;132841;25013;UPI;TXN107337
14/2/2022;Marketing;Marketing;North;102227;106083;Cash;TXN107344
26/12/2023;HR;Marketing;North;44096;135404;Card;TXN107394
4/11/2022;Marketing;Marketing;North;125130;168331;Card;TXN107543
24/6/2023;Finance;Marketing;North;139497;86457;Cash;TXN107559
28/2/2023;HR;Marketing;North;103526;63572;Card;TXN107563
27/8/2022;Operations;Marketing;North;34122;55614;Card;TXN107591
9/3/2022;IT;Marketing;North;34311;143712;UPI;TXN107614
13/11/2023;Marketing;Marketing;North;45935;130502;Cash;TXN107635
12/11/2022;Finance;Marketing;North;63349;50782;Bank Transfer;TXN107639
29/3/2021;Marketing;Marketing;North;76919;141485;Cash;TXN107761
2/3/2021;Operations;Marketing;North;123035;28666;Card;TXN107767
20/7/2022;HR;Marketing;North;49277;43258;Bank Transfer;TXN107839
24/4/2022;HR;Marketing;North;63678;85045;UPI;TXN107876
1/5/2021;Marketing;Marketing;North;110508;64666;Card;TXN107945
12/6/2023;Marketing;Marketing;North;134932;154101;Bank Transfer;TXN107967
12/12/2022;Marketing;Marketing;North;26159;31376;Card;TXN107972
4/6/2023;Finance;Marketing;North;50071;107605;UPI;TXN108058
25/6/2022;Operations;Marketing;North;84006;41026;Card;TXN108070
18/4/2022;IT;Marketing;North;137219;62553;Card;TXN108096
29/11/2021;Finance;Marketing;North;61411;19984;Card;TXN108123
11/8/2021;Finance;Marketing;North;108911;95937;Card;TXN108167
12/4/2022;Operations;Marketing;North;15290;9699;UPI;TXN108239
13/5/2021;Marketing;Marketing;North;132274;161420;Card;TXN108442
4/1/2023;HR;Marketing;North;146759;164591;Bank Transfer;TXN108448
16/11/2021;IT;Marketing;North;130909;83224;Cash;TXN108464
1/2/2023;Marketing;Marketing;North;146540;62721;Cash;TXN108553
11/3/2023;IT;Marketing;North;114673;24549;Cash;TXN108733
9/8/2022;Finance;Marketing;North;139579;15014;Card;TXN108761
7/11/2021;HR;Marketing;North;24066;165066;UPI;TXN108807
26/2/2021;IT;Marketing;North;87270;49450;Card;TXN108832
21/6/2021;HR;Marketing;North;61642;77394;Card;TXN109010
13/12/2022;Marketing;Marketing;North;128452;61871;Card;TXN109011
6/4/2021;Finance;Marketing;North;25545;73564;UPI;TXN109165
9/9/2023;IT;Marketing;North;24828;69075;UPI;TXN109315
17/7/2021;Marketing;Marketing;North;62347;163387;Cash;TXN109392
22/11/2023;Operations;Marketing;North;91518;135106;Bank Transfer;TXN109410
6/6/2021;IT;Marketing;North;59326;98440;Bank Transfer;TXN109430
21/1/2021;Marketing;Marketing;North;133555;153262;Card;TXN109464
9/9/2021;Operations;Marketing;North;115390;128844;UPI;TXN109542
20/4/2021;HR;Marketing;North;31585;124753;Bank Transfer;TXN109581
22/12/2021;HR;Marketing;North;134426;66173;Card;TXN109615
17/2/2022;Operations;Marketing;North;132625;39350;Bank Transfer;TXN109645
17/11/2023;HR;Marketing;North;127466;127502;UPI;TXN109711
8/7/2022;Marketing;Marketing;North;115287;117762;Bank Transfer;TXN109728
13/7/2022;Marketing;Marketing;North;54007;14415;Card;TXN109731
5/8/2023;Operations;Marketing;North;44520;38434;Bank Transfer;TXN109796
4/4/2023;IT;Marketing;North;41572;77100;UPI;TXN109811
11/1/2021;IT;Marketing;North;139666;71185;Bank Transfer;TXN109817
30/8/2023;Operations;Marketing;North;40426;141865;Bank Transfer;TXN109894
24/8/2022;Operations;Marketing;North;82889;81952;Cash;TXN109941
17/3/2023;Operations;Marketing;North;66058;116521;Card;TXN109967
16/8/2023;Finance;Training;North;46166;24308;Bank Transfer;TXN100027
12/4/2023;Sales;Training;North;144078;83304;Bank Transfer;TXN100029
30/8/2021;Marketing;Training;North;94903;29787;UPI;TXN100038
23/10/2023;IT;Training;North;93800;73939;UPI;TXN100048
19/8/2021;Finance;Training;North;101513;54790;Card;TXN100083
18/5/2022;Sales;Training;North;24658;33368;Cash;TXN100103
2/1/2021;Marketing;Training;North;77690;123990;Cash;TXN100187
16/6/2023;Finance;Training;North;79459;77850;Cash;TXN100188
11/9/2021;HR;Training;North;41558;116519;Cash;TXN100189
21/10/2022;HR;Training;North;43186;152297;Bank Transfer;TXN100237
29/1/2023;HR;Training;North;36654;12581;Bank Transfer;TXN100271
28/12/2022;IT;Training;North;39969;52569;Cash;TXN100288
3/4/2023;IT;Training;North;136004;64662;Bank Transfer;TXN100313
1/7/2023;Sales;Training;North;92927;110047;Cash;TXN100349
18/10/2023;HR;Training;North;17374;144830;Card;TXN100396
10/12/2022;Marketing;Training;North;81772;139239;Card;TXN100524
2/4/2022;HR;Training;North;128160;72756;Card;TXN100556
6/5/2021;Sales;Training;North;47711;46746;Cash;TXN100613
8/10/2021;IT;Training;North;141988;165906;Card;TXN100622
6/12/2023;Finance;Training;North;42811;109627;Bank Transfer;TXN100638
2/6/2023;Sales;Training;North;24163;28581;Bank Transfer;TXN100668
29/11/2023;Sales;Training;North;104317;90728;Card;TXN100680
30/11/2021;HR;Training;North;71651;149162;Bank Transfer;TXN100761
24/2/2022;Sales;Training;North;53159;36638;Cash;TXN100856
9/11/2021;HR;Training;North;128763;77370;Cash;TXN100866
10/8/2023;Sales;Training;North;73575;69528;Card;TXN100905
13/8/2022;Marketing;Training;North;43696;121792;Card;TXN100915
24/4/2021;Sales;Training;North;54215;102111;Bank Transfer;TXN100920
24/2/2021;Finance;Training;North;70519;38591;UPI;TXN100929
27/5/2021;IT;Training;North;105330;123455;Card;TXN100956
16/3/2023;Marketing;Training;North;78625;136538;Cash;TXN100969
15/8/2023;HR;Training;North;74481;63242;Card;TXN101060
10/8/2023;HR;Training;North;82812;163363;Card;TXN101181
13/5/2021;HR;Training;North;58303;155557;Bank Transfer;TXN101223
22/12/2021;Sales;Training;North;102955;51155;Bank Transfer;TXN101233
16/9/2023;HR;Training;North;135045;166212;Bank Transfer;TXN101253
12/3/2023;Marketing;Training;North;105983;90518;Cash;TXN101363
6/6/2023;Sales;Training;North;82501;135982;Cash;TXN101374
7/11/2021;Marketing;Training;North;85924;13290;Card;TXN101533
24/4/2021;Marketing;Training;North;64714;74167;Cash;TXN101535
31/10/2021;HR;Training;North;136633;46037;Cash;TXN101588
1/12/2022;HR;Training;North;145294;67070;Cash;TXN101681
1/6/2022;Marketing;Training;North;71581;53621;Card;TXN101699
5/9/2023;IT;Training;North;141305;19773;Cash;TXN101739
6/8/2023;Sales;Training;North;109770;32305;Card;TXN101772
2/4/2023;Sales;Training;North;34053;150003;Card;TXN101782
15/11/2023;HR;Training;North;10169;37756;Card;TXN101793
28/4/2022;Finance;Training;North;32463;131188;UPI;TXN101840
30/8/2021;Sales;Training;North;114528;49361;UPI;TXN101858
25/3/2022;IT;Training;North;37254;105403;Cash;TXN101908
25/3/2022;Marketing;Training;North;82113;38649;Bank Transfer;TXN102015
24/5/2023;Finance;Training;North;147994;135304;Cash;TXN102016
21/8/2022;Sales;Training;North;121992;159560;Cash;TXN102028
26/10/2022;Sales;Training;North;77096;112418;Cash;TXN102074
19/1/2021;Sales;Training;North;35822;116456;Cash;TXN102079
17/10/2023;Sales;Training;North;38940;62596;Cash;TXN102090
30/12/2023;Marketing;Training;North;142730;40562;Cash;TXN102149
6/9/2022;Marketing;Training;North;147232;16369;UPI;TXN102360
2/2/2022;Finance;Training;North;67853;10480;Bank Transfer;TXN102374
10/8/2021;Finance;Training;North;52202;132082;Card;TXN102388
26/1/2021;HR;Training;North;76280;157235;UPI;TXN102419
9/7/2022;Finance;Training;North;60232;169146;Card;TXN102455
29/7/2021;HR;Training;North;72841;29889;UPI;TXN102507
27/4/2023;Marketing;Training;North;41346;77141;Cash;TXN102532
7/1/2021;Finance;Training;North;44979;111453;Bank Transfer;TXN102542
21/11/2021;Finance;Training;North;128525;14930;Cash;TXN102553
8/10/2022;Sales;Training;North;50378;162108;Bank Transfer;TXN102575
20/10/2023;HR;Training;North;16099;58617;Bank Transfer;TXN102638
12/6/2021;IT;Training;North;145285;68819;Cash;TXN102652
13/7/2021;HR;Training;North;147536;141235;Card;TXN102675
2/8/2022;Sales;Training;North;123384;23172;UPI;TXN102684
2/7/2021;Finance;Training;North;105439;113847;Card;TXN102729
3/11/2023;IT;Training;North;126640;127590;Cash;TXN102783
18/5/2023;HR;Training;North;51775;13196;Bank Transfer;TXN102829
8/5/2023;HR;Training;North;64645;114642;UPI;TXN102841
4/10/2021;Sales;Training;North;37809;31257;Bank Transfer;TXN102916
12/5/2021;Marketing;Training;North;95801;51513;Card;TXN103025
2/3/2023;HR;Training;North;21736;53139;Cash;TXN103026
9/2/2021;HR;Training;North;111558;8737;Bank Transfer;TXN103041
9/3/2022;Finance;Training;North;125605;86784;Card;TXN103047
1/8/2021;Finance;Training;North;18498;104207;Bank Transfer;TXN103078
29/12/2023;HR;Training;North;30402;24833;Card;TXN103169
1/11/2023;Sales;Training;North;71265;66989;Bank Transfer;TXN103411
5/8/2023;HR;Training;North;132023;161339;UPI;TXN103461
12/6/2023;Finance;Training;North;129157;153019;Card;TXN103596
20/9/2022;Sales;Training;North;92260;78441;UPI;TXN103697
26/12/2021;Finance;Training;North;130605;143416;Bank Transfer;TXN103740
1/3/2023;HR;Training;North;23830;37735;UPI;TXN103773
1/12/2022;HR;Training;North;98719;21869;Cash;TXN103926
12/7/2023;HR;Training;North;126934;94058;Card;TXN103940
19/2/2022;Marketing;Training;North;76668;154812;UPI;TXN104058
6/11/2022;IT;Training;North;148684;159392;Card;TXN104060
11/2/2022;IT;Training;North;88387;94141;Cash;TXN104065
13/1/2021;Sales;Training;North;102096;76679;Card;TXN104076
10/5/2022;HR;Training;North;128557;106415;Card;TXN104174
16/11/2022;IT;Training;North;99979;130611;Card;TXN104186
11/8/2023;Marketing;Training;North;122022;124245;Cash;TXN104204
31/10/2021;HR;Training;North;46190;38632;Bank Transfer;TXN104208
10/9/2021;Marketing;Training;North;72942;125827;Bank Transfer;TXN104225
12/8/2021;Marketing;Training;North;122742;142571;Cash;TXN104255
15/10/2022;Sales;Training;North;110788;97816;Card;TXN104263
27/2/2022;Finance;Training;North;125517;96363;UPI;TXN104300
6/3/2023;Finance;Training;North;139060;154658;UPI;TXN104323
27/4/2023;HR;Training;North;89527;75034;UPI;TXN104402
8/9/2021;HR;Training;North;98283;107361;Cash;TXN104411
19/9/2022;Sales;Training;North;86145;35737;UPI;TXN104450
14/9/2021;Sales;Training;North;69191;156501;Card;TXN104561
4/2/2021;Marketing;Training;North;138973;87147;Bank Transfer;TXN104616
2/11/2021;Marketing;Training;North;94142;72451;UPI;TXN104640
23/8/2023;Finance;Training;North;21300;31521;Cash;TXN104647
24/4/2022;Sales;Training;North;129736;39100;Cash;TXN104791
7/2/2023;IT;Training;North;107473;111860;Card;TXN104811
13/6/2023;Marketing;Training;North;98718;84969;Card;TXN104874
11/4/2021;Sales;Training;North;48899;169913;Cash;TXN105153
30/6/2022;Sales;Training;North;35848;156473;UPI;TXN105301
16/4/2021;Marketing;Training;North;20051;124409;UPI;TXN105312
2/8/2021;IT;Training;North;66039;122206;Card;TXN105313
11/3/2021;IT;Training;North;32062;91240;Cash;TXN105360
1/10/2022;Marketing;Training;North;48920;28561;Cash;TXN105434
25/7/2023;IT;Training;North;83334;55759;Cash;TXN105439
14/8/2021;IT;Training;North;99657;34608;Cash;TXN105523
9/5/2023;Sales;Training;North;53322;144983;UPI;TXN105537
28/3/2023;Marketing;Training;North;106003;159534;Bank Transfer;TXN105570
4/12/2023;Marketing;Training;North;124897;143847;Bank Transfer;TXN105573
24/4/2022;Marketing;Training;North;116258;132530;UPI;TXN105615
20/7/2021;HR;Training;North;139126;99667;Cash;TXN105651
28/9/2021;HR;Training;North;121545;57304;Bank Transfer;TXN105692
11/6/2023;Marketing;Training;North;45953;17633;UPI;TXN105704
10/11/2022;HR;Training;North;27461;115096;Bank Transfer;TXN105708
9/8/2022;Sales;Training;North;137424;84874;UPI;TXN105746
19/12/2021;Finance;Training;North;83588;82132;Cash;TXN105814
12/12/2022;HR;Training;North;26760;141265;UPI;TXN105838
25/2/2023;IT;Training;North;56883;126022;Card;TXN105850
16/4/2022;Finance;Training;North;17102;20790;UPI;TXN105875
26/3/2021;IT;Training;North;115874;39343;Cash;TXN105927
18/4/2023;Sales;Training;North;31481;50483;UPI;TXN105929
18/10/2022;HR;Training;North;45297;160995;Bank Transfer;TXN105942
29/5/2021;Finance;Training;North;86720;37605;Card;TXN105951
17/5/2022;IT;Training;North;139262;99164;Bank Transfer;TXN105971
5/9/2023;HR;Training;North;33473;151924;Bank Transfer;TXN106039
23/12/2021;Finance;Training;North;108533;23108;UPI;TXN106066
26/8/2021;Marketing;Training;North;56558;91414;UPI;TXN106087
6/6/2023;IT;Training;North;77136;138751;Cash;TXN106135
7/7/2021;Sales;Training;North;120417;81454;Card;TXN106185
5/12/2022;Marketing;Training;North;110338;13165;Cash;TXN106278
26/10/2021;HR;Training;North;16161;99919;UPI;TXN106305
14/1/2022;Finance;Training;North;37115;30444;Card;TXN106327
29/12/2022;Finance;Training;North;147530;135406;Card;TXN106344
21/5/2023;Finance;Training;North;80621;81711;Card;TXN106354
28/11/2021;Marketing;Training;North;47310;165429;Bank Transfer;TXN106375
16/8/2021;Marketing;Training;North;61922;121488;Bank Transfer;TXN106455
25/3/2023;HR;Training;North;56698;91949;Cash;TXN106474
28/4/2021;Sales;Training;North;41233;145028;Card;TXN106525
26/5/2023;IT;Training;North;83658;147299;Card;TXN106528
2/12/2023;HR;Training;North;37708;114840;Card;TXN106587
22/1/2023;IT;Training;North;116325;21883;UPI;TXN106642
6/11/2022;Sales;Training;North;50428;85930;Bank Transfer;TXN106682
27/10/2022;HR;Training;North;49268;31428;UPI;TXN106765
19/4/2023;Sales;Training;North;64681;30000;Bank Transfer;TXN106776
30/10/2021;Marketing;Training;North;14379;116631;Bank Transfer;TXN106877
20/11/2022;IT;Training;North;33015;123279;Bank Transfer;TXN106884
31/1/2022;IT;Training;North;126581;73115;Cash;TXN106885
13/4/2022;Sales;Training;North;120337;55003;UPI;TXN106966
21/1/2023;Marketing;Training;North;25155;66793;Cash;TXN106989
7/4/2022;Sales;Training;North;90212;138564;Card;TXN106993
29/10/2021;IT;Training;North;32692;99119;Card;TXN107031
24/6/2023;IT;Training;North;35328;118377;Bank Transfer;TXN107117
28/10/2023;Marketing;Training;North;21555;30591;Card;TXN107129
20/5/2022;IT;Training;North;109106;141613;UPI;TXN107147
7/7/2023;Finance;Training;North;12902;136245;UPI;TXN107164
8/7/2023;IT;Training;North;14521;26672;Card;TXN107169
27/5/2021;HR;Training;North;104056;24019;Card;TXN107249
29/1/2023;IT;Training;North;113295;129353;UPI;TXN107257
23/1/2021;Finance;Training;North;148818;16455;Bank Transfer;TXN107272
15/4/2021;Finance;Training;North;83311;102856;Cash;TXN107292
19/1/2021;Sales;Training;North;17744;127713;Cash;TXN107310
3/1/2021;HR;Training;North;118482;158676;Card;TXN107313
16/12/2022;Sales;Training;North;136277;165356;UPI;TXN107323
1/6/2021;Finance;Training;North;42034;106257;Card;TXN107360
2/2/2023;Marketing;Training;North;24996;37796;Card;TXN107363
12/12/2021;IT;Training;North;77883;153011;Bank Transfer;TXN107495
19/4/2023;Marketing;Training;North;13566;31699;Cash;TXN107550
8/11/2022;Finance;Training;North;16644;104846;Cash;TXN107624
7/2/2021;Marketing;Training;North;74127;136081;Bank Transfer;TXN107717
2/12/2021;IT;Training;North;108613;136262;Bank Transfer;TXN107789
19/11/2022;Marketing;Training;North;18704;122024;Card;TXN107829
14/5/2021;Finance;Training;North;138518;156809;Bank Transfer;TXN107834
28/1/2021;Marketing;Training;North;70068;50585;Cash;TXN107863
16/5/2022;HR;Training;North;134565;93398;Card;TXN107874
26/9/2022;IT;Training;North;106553;16315;UPI;TXN107946
11/7/2021;IT;Training;North;13249;167180;UPI;TXN108028
29/10/2023;HR;Training;North;39118;32000;UPI;TXN108042
19/3/2022;IT;Training;North;55156;19120;UPI;TXN108048
11/12/2021;Sales;Training;North;29166;70840;UPI;TXN108067
3/6/2023;Marketing;Training;North;70303;130250;UPI;TXN108203
25/6/2022;Sales;Training;North;102338;45446;Bank Transfer;TXN108233
9/3/2023;HR;Training;North;147655;83538;Bank Transfer;TXN108267
13/1/2023;Marketing;Training;North;79769;134295;Cash;TXN108273
23/8/2021;IT;Training;North;81567;89270;Card;TXN108386
21/6/2023;Finance;Training;North;28468;75266;UPI;TXN108403
22/6/2023;Finance;Training;North;73091;144246;Bank Transfer;TXN108425
11/2/2023;HR;Training;North;96205;137948;UPI;TXN108491
31/1/2023;HR;Training;North;68697;53181;Cash;TXN108536
16/8/2021;HR;Training;North;63596;38622;Card;TXN108585
17/10/2023;Sales;Training;North;120389;9791;Cash;TXN108600
22/4/2021;Marketing;Training;North;109008;146654;UPI;TXN108603
24/7/2022;IT;Training;North;23077;18476;Bank Transfer;TXN108710
27/3/2021;Marketing;Training;North;131924;90653;Cash;TXN108720
8/12/2021;HR;Training;North;115431;142865;UPI;TXN108794
1/1/2023;Marketing;Training;North;126539;59633;Cash;TXN108836
18/4/2023;Sales;Training;North;55601;169244;Bank Transfer;TXN108853
7/5/2023;Marketing;Training;North;65001;79626;Bank Transfer;TXN108860
9/4/2021;Sales;Training;North;105106;108408;UPI;TXN108882
31/10/2022;IT;Training;North;34284;114198;Card;TXN108919
3/10/2023;Finance;Training;North;125178;147896;UPI;TXN108962
30/11/2022;Finance;Training;North;73720;75586;Cash;TXN108981
17/10/2022;HR;Training;North;55701;126540;Card;TXN109061
17/9/2023;Marketing;Training;North;134228;165239;Card;TXN109109
30/10/2022;Sales;Training;North;140672;133164;Card;TXN109118
1/5/2022;Finance;Training;North;147389;27994;Cash;TXN109152
2/10/2021;Finance;Training;North;136160;14615;Card;TXN109170
14/3/2023;Sales;Training;North;118659;32972;UPI;TXN109176
12/5/2021;Finance;Training;North;132090;57464;UPI;TXN109200
28/1/2021;IT;Training;North;120530;91055;UPI;TXN109229
5/7/2022;HR;Training;North;96300;135537;Bank Transfer;TXN109233
23/10/2021;HR;Training;North;136850;31578;Cash;TXN109236
11/6/2022;Finance;Training;North;58287;132380;Bank Transfer;TXN109297
12/8/2022;IT;Training;North;76321;19215;UPI;TXN109325
14/5/2023;Marketing;Training;North;118805;153086;Card;TXN109353
6/1/2022;HR;Training;North;35966;115718;Cash;TXN109467
27/9/2021;Sales;Training;North;98297;77463;Bank Transfer;TXN109475
5/4/2021;Finance;Training;North;37083;70891;Cash;TXN109485
5/5/2023;HR;Training;North;80110;26687;Card;TXN109650
31/8/2023;HR;Training;North;15949;12071;Card;TXN109657
2/10/2022;HR;Training;North;49983;126623;Cash;TXN109662
6/5/2022;HR;Training;North;76683;152030;Card;TXN109750
23/5/2021;Finance;Training;North;35772;110396;Bank Transfer;TXN109781
29/6/2022;IT;Training;North;73215;37617;Bank Transfer;TXN109809
25/3/2021;HR;Training;North;51176;27208;Bank Transfer;TXN109823
21/11/2021;Finance;Training;North;49837;87778;Bank Transfer;TXN109861
12/5/2021;IT;Training;North;135362;63866;Bank Transfer;TXN109870
17/2/2022;IT;Training;North;91454;23475;Bank Transfer;TXN109879
8/3/2021;IT;Training;North;103531;32579;Card;TXN109892
19/11/2022;HR;Training;North;120492;65523;UPI;TXN109945
6/8/2021;IT;Training;North;34384;95373;Cash;TXN109954
16/6/2021;Operations;Training;North;12261;123857;Cash;TXN100033
4/5/2023;Operations;Training;North;75236;17811;Card;TXN100289
3/6/2023;Operations;Training;North;146497;118424;Card;TXN100310
18/3/2022;Operations;Training;North;51795;151862;Card;TXN100360
9/1/2023;Operations;Training;North;59663;128400;Bank Transfer;TXN100675
28/1/2021;Operations;Training;North;76270;88853;Cash;TXN100678
30/6/2022;Operations;Training;North;61887;81938;Card;TXN101114
21/4/2021;Operations;Training;North;115888;55531;Bank Transfer;TXN101383
9/5/2021;Operations;Training;North;108820;118825;Card;TXN102013
9/2/2022;Operations;Training;North;106284;129516;Card;TXN102048
1/12/2023;Operations;Training;North;27585;125811;UPI;TXN102471
28/3/2023;Operations;Training;North;145298;28107;UPI;TXN102550
9/3/2021;Operations;Training;North;85012;32093;Card;TXN102586
13/8/2021;Operations;Training;North;11915;94686;Card;TXN102867
10/3/2022;Operations;Training;North;35549;144888;Card;TXN102885
18/7/2021;Operations;Training;North;33206;110363;Card;TXN103019
24/1/2023;Operations;Training;North;124946;10216;UPI;TXN103029
7/6/2023;Operations;Training;North;134889;128661;Card;TXN103171
19/11/2023;Operations;Training;North;38696;151773;UPI;TXN103187
12/1/2022;Operations;Training;North;97904;134718;Bank Transfer;TXN103267
14/5/2022;Operations;Training;North;71216;103516;Card;TXN103404
30/1/2022;Operations;Training;North;68881;93284;Bank Transfer;TXN103548
27/11/2021;Operations;Training;North;42146;95772;Bank Transfer;TXN103595
22/2/2021;Operations;Training;North;35062;59403;Cash;TXN103813
23/5/2021;Operations;Training;North;95044;18900;Bank Transfer;TXN103871
21/12/2021;Operations;Training;North;56783;123938;Cash;TXN104095
30/5/2023;Operations;Training;North;103806;43841;Bank Transfer;TXN104099
8/10/2021;Operations;Training;North;113249;158690;Cash;TXN104171
19/2/2023;Operations;Training;North;45162;11122;Card;TXN104460
14/5/2021;Operations;Training;North;42839;110581;Card;TXN104593
21/1/2022;Operations;Training;North;112605;164804;Bank Transfer;TXN104941
25/3/2023;Operations;Training;North;89532;24362;Cash;TXN105069
5/3/2022;Operations;Training;North;116135;122347;Card;TXN105157
6/2/2022;Operations;Training;North;67609;28637;UPI;TXN105394
9/3/2021;Operations;Training;North;139996;150781;Cash;TXN105471
11/10/2021;Operations;Training;North;95770;35967;Bank Transfer;TXN105485
11/2/2023;Operations;Training;North;113379;162682;Cash;TXN105525
26/3/2021;Operations;Training;North;49630;45560;UPI;TXN105609
24/2/2021;Operations;Training;North;89639;92202;Cash;TXN105646
16/1/2021;Operations;Training;North;139963;15814;Card;TXN105860
8/10/2021;Operations;Training;North;131998;62902;Card;TXN105909
22/4/2021;Operations;Training;North;138881;14551;Bank Transfer;TXN106130
13/4/2023;Operations;Training;North;32980;47401;UPI;TXN106313
8/8/2023;Operations;Training;North;35809;37445;Cash;TXN106379
2/8/2021;Operations;Training;North;83519;130513;Bank Transfer;TXN106409
21/1/2021;Operations;Training;North;79936;67741;Card;TXN106454
23/11/2021;Operations;Training;North;38626;16981;UPI;TXN106899
20/4/2022;Operations;Training;North;73957;156492;UPI;TXN106951
16/12/2021;Operations;Training;North;105017;79331;Bank Transfer;TXN107241
22/7/2022;Operations;Training;North;146869;99388;Bank Transfer;TXN107268
2/3/2021;Operations;Training;North;15605;88315;Bank Transfer;TXN107402
24/1/2022;Operations;Training;North;46868;135229;Bank Transfer;TXN107465
8/9/2023;Operations;Training;North;30530;32449;UPI;TXN107574
6/3/2023;Operations;Training;North;122293;53306;Bank Transfer;TXN107640
14/8/2021;Operations;Training;North;103051;108020;Card;TXN108088
19/9/2022;Operations;Training;North;131467;75824;UPI;TXN108153
2/10/2023;Operations;Training;North;108039;73862;Cash;TXN108485
5/6/2023;Operations;Training;North;29895;76402;UPI;TXN108683
15/8/2021;Operations;Training;North;44918;144439;Bank Transfer;TXN108888
26/7/2021;Operations;Training;North;37749;151380;Cash;TXN108956
13/3/2023;Operations;Training;North;61901;34457;UPI;TXN109126
30/10/2022;Operations;Training;North;100027;59892;Bank Transfer;TXN109219
27/4/2021;Operations;Training;North;98823;126564;Cash;TXN109260
8/5/2023;Operations;Training;North;105153;105240;Bank Transfer;TXN109336
26/12/2023;Operations;Training;North;62601;87028;Card;TXN109972
21/4/2023;Operations;Infrastructure;North;28879;154557;Card;TXN100032
4/12/2021;Operations;Infrastructure;North;36341;18505;Card;TXN100063
1/6/2021;Operations;Infrastructure;North;119463;138738;Card;TXN100197
12/3/2023;IT;Infrastructure;North;125381;84598;Bank Transfer;TXN100212
17/10/2023;IT;Infrastructure;North;107260;124167;Card;TXN100235
30/8/2022;Operations;Infrastructure;North;33978;64308;Card;TXN100251
4/6/2021;Sales;Infrastructure;North;88948;81582;Bank Transfer;TXN100266
13/11/2022;Marketing;Infrastructure;North;69024;26162;UPI;TXN100296
5/9/2022;HR;Infrastructure;North;99075;143537;Cash;TXN100301
15/6/2023;Operations;Infrastructure;North;33255;105914;UPI;TXN100369
24/12/2021;Sales;Infrastructure;North;76790;29241;Bank Transfer;TXN100500
25/3/2022;Sales;Infrastructure;North;74685;95926;Card;TXN100561
28/4/2021;IT;Infrastructure;North;116680;94985;Cash;TXN100570
3/11/2022;Marketing;Infrastructure;North;87196;112017;Card;TXN100625
31/12/2021;HR;Infrastructure;North;26118;103643;UPI;TXN100664
4/10/2021;Marketing;Infrastructure;North;70275;95266;Cash;TXN100703
10/5/2021;Operations;Infrastructure;North;86285;74107;Bank Transfer;TXN100821
2/10/2022;Sales;Infrastructure;North;77905;30406;Cash;TXN100877
5/6/2021;IT;Infrastructure;North;126694;146902;Bank Transfer;TXN100891
29/5/2022;HR;Infrastructure;North;132907;24469;UPI;TXN100960
23/10/2021;Marketing;Infrastructure;North;109572;27184;Cash;TXN101044
25/3/2023;Operations;Infrastructure;North;53664;165505;Cash;TXN101119
10/7/2023;Marketing;Infrastructure;North;35805;58224;Bank Transfer;TXN101131
28/10/2023;Operations;Infrastructure;North;23074;133175;UPI;TXN101277
4/3/2022;Operations;Infrastructure;North;43566;37443;UPI;TXN101375
10/5/2021;IT;Infrastructure;North;109611;119606;UPI;TXN101467
5/6/2023;Operations;Infrastructure;North;82035;35278;Cash;TXN101488
18/11/2022;Operations;Infrastructure;North;109608;31348;UPI;TXN101489
6/1/2023;HR;Infrastructure;North;58538;42380;Card;TXN101571
1/9/2023;Marketing;Infrastructure;North;87166;31364;UPI;TXN101576
21/12/2022;Marketing;Infrastructure;North;116111;163195;UPI;TXN101648
20/9/2023;IT;Infrastructure;North;145182;106632;Card;TXN101658
12/10/2022;Sales;Infrastructure;North;47312;104050;Bank Transfer;TXN101670
19/12/2021;Marketing;Infrastructure;North;127323;64791;UPI;TXN101689
21/6/2023;IT;Infrastructure;North;115277;13000;Card;TXN101792
2/11/2023;Marketing;Infrastructure;North;136195;83328;Bank Transfer;TXN101799
17/1/2022;Marketing;Infrastructure;North;59021;58613;Bank Transfer;TXN101818
29/7/2023;Sales;Infrastructure;North;12716;117785;Cash;TXN101907
12/2/2023;Sales;Infrastructure;North;45256;58584;Bank Transfer;TXN101928
12/7/2023;Marketing;Infrastructure;North;106155;14900;Cash;TXN102021
30/7/2023;Sales;Infrastructure;North;61313;122090;UPI;TXN102054
26/4/2022;Marketing;Infrastructure;North;144059;134474;UPI;TXN102084
2/2/2023;Sales;Infrastructure;North;85811;55576;UPI;TXN102086
15/5/2022;Operations;Infrastructure;North;79962;157882;Card;TXN102103
6/1/2022;HR;Infrastructure;North;65131;163785;Bank Transfer;TXN102162
8/4/2021;Sales;Infrastructure;North;72405;79269;Bank Transfer;TXN102193
17/6/2022;Sales;Infrastructure;North;61507;63043;Bank Transfer;TXN102335
5/7/2022;Sales;Infrastructure;North;95928;140064;UPI;TXN102339
25/4/2023;Operations;Infrastructure;North;81679;97318;Bank Transfer;TXN102341
22/4/2022;Operations;Infrastructure;North;108723;109567;UPI;TXN102395
25/12/2023;Sales;Infrastructure;North;12488;15272;Card;TXN102410
6/5/2023;IT;Infrastructure;North;94321;157076;Bank Transfer;TXN102468
17/8/2023;HR;Infrastructure;North;53657;103415;Cash;TXN102502
9/12/2021;Operations;Infrastructure;North;79283;141355;Card;TXN102592
1/6/2022;Sales;Infrastructure;North;18057;19523;Card;TXN102618
11/2/2023;Marketing;Infrastructure;North;56306;129242;Card;TXN102649
5/3/2023;Marketing;Infrastructure;North;115293;136328;Card;TXN102680
24/12/2021;IT;Infrastructure;North;76327;84652;UPI;TXN102704
16/2/2022;HR;Infrastructure;North;113894;69508;Bank Transfer;TXN102736
17/9/2021;IT;Infrastructure;North;49793;18476;Cash;TXN102744
24/6/2021;Sales;Infrastructure;North;58119;37475;Bank Transfer;TXN102780
11/6/2023;Operations;Infrastructure;North;72251;12651;Cash;TXN102797
5/10/2021;Sales;Infrastructure;North;28230;131859;Bank Transfer;TXN102887
4/5/2022;IT;Infrastructure;North;51528;82713;UPI;TXN102905
25/2/2022;Operations;Infrastructure;North;132214;157149;Bank Transfer;TXN102968
22/5/2023;Marketing;Infrastructure;North;41898;106901;Cash;TXN102972
27/12/2022;IT;Infrastructure;North;113446;95070;Bank Transfer;TXN103092
24/2/2023;Operations;Infrastructure;North;39357;118248;UPI;TXN103094
19/5/2023;HR;Infrastructure;North;68051;24350;Bank Transfer;TXN103098
2/12/2022;Marketing;Infrastructure;North;46872;19784;UPI;TXN103132
17/1/2021;HR;Infrastructure;North;122033;65379;Cash;TXN103195
7/1/2023;Marketing;Infrastructure;North;101659;24478;Card;TXN103277
22/10/2021;Marketing;Infrastructure;North;125169;168950;UPI;TXN103305
15/7/2021;HR;Infrastructure;North;10116;13327;Cash;TXN103349
18/2/2022;Operations;Infrastructure;North;138192;72767;Cash;TXN103381
3/1/2021;Sales;Infrastructure;North;14489;131970;Cash;TXN103498
16/8/2022;HR;Infrastructure;North;18408;49184;Bank Transfer;TXN103549
5/12/2021;Marketing;Infrastructure;North;54852;133340;Cash;TXN103629
12/7/2021;IT;Infrastructure;North;99821;156434;UPI;TXN103665
8/2/2021;Operations;Infrastructure;North;96820;93544;Bank Transfer;TXN103748
3/7/2021;IT;Infrastructure;North;42611;66952;UPI;TXN103770
22/11/2023;Sales;Infrastructure;North;116578;10377;Cash;TXN103782
1/2/2023;Marketing;Infrastructure;North;24482;52713;Card;TXN103835
20/2/2022;Marketing;Infrastructure;North;54550;122694;UPI;TXN103897
28/2/2022;Operations;Infrastructure;North;97872;68866;Card;TXN103900
14/6/2022;HR;Infrastructure;North;66305;60934;Card;TXN103993
22/7/2021;Marketing;Infrastructure;North;54014;138445;Cash;TXN104003
25/2/2021;Operations;Infrastructure;North;56954;62752;Bank Transfer;TXN104009
13/8/2022;Marketing;Infrastructure;North;34871;54870;Cash;TXN104050
24/2/2023;HR;Infrastructure;North;110875;141979;Card;TXN104074
26/7/2022;Operations;Infrastructure;North;132243;67970;Bank Transfer;TXN104126
17/2/2021;Operations;Infrastructure;North;137627;49053;Card;TXN104183
16/10/2023;Operations;Infrastructure;North;129057;76605;Card;TXN104196
26/9/2023;IT;Infrastructure;North;24860;54614;Card;TXN104211
11/1/2022;Operations;Infrastructure;North;123605;145400;Cash;TXN104227
23/8/2023;Marketing;Infrastructure;North;132189;29952;Bank Transfer;TXN104257
6/6/2023;Marketing;Infrastructure;North;29188;55999;Cash;TXN104305
17/11/2021;Marketing;Infrastructure;North;69665;65971;Bank Transfer;TXN104354
30/7/2023;IT;Infrastructure;North;28202;104240;Card;TXN104376
3/10/2021;HR;Infrastructure;North;71818;27519;Bank Transfer;TXN104437
22/5/2022;HR;Infrastructure;North;128241;108079;Card;TXN104513
19/1/2021;Operations;Infrastructure;North;70832;91532;Bank Transfer;TXN104569
12/8/2021;Marketing;Infrastructure;North;72323;152085;Card;TXN104597
11/7/2022;Operations;Infrastructure;North;46085;19742;Card;TXN104627
15/1/2021;Operations;Infrastructure;North;138276;85026;Bank Transfer;TXN104633
14/5/2021;HR;Infrastructure;North;129383;111340;UPI;TXN104646
4/7/2023;Operations;Infrastructure;North;21740;160466;UPI;TXN104693
9/9/2022;IT;Infrastructure;North;74024;90029;Cash;TXN104807
17/9/2023;Operations;Infrastructure;North;34055;17549;Cash;TXN104813
4/8/2021;HR;Infrastructure;North;19614;57556;UPI;TXN104847
19/3/2021;Operations;Infrastructure;North;89601;48568;Card;TXN104876
20/7/2022;IT;Infrastructure;North;99156;125641;Cash;TXN104880
26/4/2021;IT;Infrastructure;North;123457;94315;Cash;TXN104908
19/8/2023;Sales;Infrastructure;North;124517;66048;UPI;TXN104974
23/4/2021;Marketing;Infrastructure;North;146571;112374;Bank Transfer;TXN104995
17/8/2021;HR;Infrastructure;North;94475;127081;Card;TXN104996
22/10/2021;HR;Infrastructure;North;13939;164868;UPI;TXN104998
28/12/2023;HR;Infrastructure;North;62286;117073;Cash;TXN105014
11/12/2022;Marketing;Infrastructure;North;116424;63679;Cash;TXN105051
6/11/2023;Marketing;Infrastructure;North;23746;12920;UPI;TXN105073
31/10/2023;IT;Infrastructure;North;146429;110216;Cash;TXN105125
1/2/2021;Operations;Infrastructure;North;40733;87582;Bank Transfer;TXN105136
12/8/2023;Sales;Infrastructure;North;66048;12758;Cash;TXN105172
3/6/2021;Sales;Infrastructure;North;97272;129354;Cash;TXN105200
18/5/2023;Operations;Infrastructure;North;92565;46270;UPI;TXN105217
1/7/2023;Operations;Infrastructure;North;71957;70330;Bank Transfer;TXN105218
23/9/2023;Operations;Infrastructure;North;104816;149541;UPI;TXN105250
19/1/2021;Sales;Infrastructure;North;141754;22877;Bank Transfer;TXN105316
24/8/2021;HR;Infrastructure;North;60105;135373;Cash;TXN105343
11/9/2021;Marketing;Infrastructure;North;74918;46102;Cash;TXN105440
6/10/2023;Operations;Infrastructure;North;122413;30140;Cash;TXN105463
16/7/2021;Marketing;Infrastructure;North;123920;112846;Bank Transfer;TXN105487
7/9/2022;Operations;Infrastructure;North;106686;158610;UPI;TXN105490
24/7/2022;Marketing;Infrastructure;North;55160;91531;Card;TXN105493
17/10/2022;Operations;Infrastructure;North;132211;153978;Bank Transfer;TXN105503
16/7/2023;Marketing;Infrastructure;North;146054;28309;UPI;TXN105553
15/1/2022;HR;Infrastructure;North;58562;104800;Card;TXN105557
11/8/2022;IT;Infrastructure;North;64109;71319;Card;TXN105571
18/2/2022;HR;Infrastructure;North;126370;141262;Cash;TXN105584
22/11/2022;Operations;Infrastructure;North;90567;29302;Card;TXN105605
20/11/2023;IT;Infrastructure;North;76346;77249;Card;TXN105610
3/10/2022;IT;Infrastructure;North;128374;77326;UPI;TXN105699
5/8/2021;IT;Infrastructure;North;44951;23289;Card;TXN105735
21/12/2021;IT;Infrastructure;North;84673;9773;Card;TXN105795
20/1/2023;Sales;Infrastructure;North;34156;58678;Bank Transfer;TXN105841
12/8/2021;Operations;Infrastructure;North;73794;159125;Cash;TXN105878
8/3/2022;Operations;Infrastructure;North;106202;141108;UPI;TXN105978
18/7/2023;Sales;Infrastructure;North;130897;119065;Card;TXN106104
7/4/2022;Operations;Infrastructure;North;119097;148765;UPI;TXN106109
24/1/2023;HR;Infrastructure;North;144065;98116;UPI;TXN106118
10/4/2021;Sales;Infrastructure;North;117922;13536;UPI;TXN106194
23/4/2023;Marketing;Infrastructure;North;44237;153920;Card;TXN106208
13/5/2021;HR;Infrastructure;North;23789;139935;Cash;TXN106230
24/8/2022;Marketing;Infrastructure;North;129753;62223;Card;TXN106258
4/11/2022;Operations;Infrastructure;North;71194;49459;Card;TXN106345
28/10/2023;Marketing;Infrastructure;North;47860;130817;Bank Transfer;TXN106449
20/3/2023;Marketing;Infrastructure;North;133865;42186;UPI;TXN106457
5/12/2021;IT;Infrastructure;North;136526;25941;UPI;TXN106643
3/1/2023;Marketing;Infrastructure;North;34218;113011;Cash;TXN106692
19/8/2021;Operations;Infrastructure;North;26964;63495;Card;TXN106740
11/8/2021;Sales;Infrastructure;North;49312;58612;Cash;TXN106759
13/11/2023;Operations;Infrastructure;North;53851;47680;Card;TXN106763
31/5/2023;Operations;Infrastructure;North;72803;27959;Card;TXN106788
11/4/2022;HR;Infrastructure;North;64526;123998;Card;TXN106948
29/5/2021;IT;Infrastructure;North;87576;91768;Card;TXN106972
12/1/2021;HR;Infrastructure;North;19785;147414;Cash;TXN106994
10/3/2022;Operations;Infrastructure;North;58702;78482;Cash;TXN107021
2/8/2022;IT;Infrastructure;North;26294;149735;Bank Transfer;TXN107411
10/3/2022;HR;Infrastructure;North;31650;134457;UPI;TXN107470
14/1/2021;Marketing;Infrastructure;North;65644;13064;Cash;TXN107473
7/1/2023;HR;Infrastructure;North;79683;159298;Bank Transfer;TXN107494
15/2/2022;Marketing;Infrastructure;North;16156;33993;Bank Transfer;TXN107506
18/11/2023;Operations;Infrastructure;North;141179;21906;Bank Transfer;TXN107510
29/7/2023;Marketing;Infrastructure;North;12921;77794;UPI;TXN107518
5/1/2023;Marketing;Infrastructure;North;56998;39653;Card;TXN107573
25/1/2022;Operations;Infrastructure;North;113272;137967;Bank Transfer;TXN107584
7/12/2023;HR;Infrastructure;North;30679;51824;Cash;TXN107647
21/5/2021;Marketing;Infrastructure;North;20440;92555;UPI;TXN107685
1/9/2023;Marketing;Infrastructure;North;66485;77574;Cash;TXN107698
30/8/2021;HR;Infrastructure;North;109729;30258;Cash;TXN107824
7/11/2021;HR;Infrastructure;North;133676;112301;Cash;TXN107849
30/11/2021;Sales;Infrastructure;North;12676;69691;Card;TXN107903
27/7/2022;Marketing;Infrastructure;North;62727;136253;UPI;TXN107930
23/8/2023;IT;Infrastructure;North;19939;136432;UPI;TXN107943
22/11/2022;Marketing;Infrastructure;North;10168;157813;UPI;TXN107964
28/3/2021;IT;Infrastructure;North;115536;56343;Bank Transfer;TXN107999
19/12/2023;Operations;Infrastructure;North;100594;81143;UPI;TXN108034
2/4/2022;Marketing;Infrastructure;North;75552;52362;Bank Transfer;TXN108039
5/12/2021;Sales;Infrastructure;North;74127;88603;Bank Transfer;TXN108052
31/3/2023;HR;Infrastructure;North;97059;162282;Cash;TXN108069
2/2/2021;IT;Infrastructure;North;126536;79422;UPI;TXN108078
16/12/2023;Marketing;Infrastructure;North;70392;56644;Bank Transfer;TXN108087
15/4/2023;Operations;Infrastructure;North;92188;115668;Cash;TXN108090
15/8/2023;IT;Infrastructure;North;112195;166559;UPI;TXN108094
11/9/2021;Operations;Infrastructure;North;133173;85322;Card;TXN108112
10/3/2021;HR;Infrastructure;North;126886;99078;UPI;TXN108115
26/11/2021;HR;Infrastructure;North;88663;61577;UPI;TXN108146
18/5/2021;Marketing;Infrastructure;North;80643;165748;Card;TXN108242
8/10/2021;Operations;Infrastructure;North;28140;91371;Bank Transfer;TXN108246
21/11/2021;IT;Infrastructure;North;26727;38383;UPI;TXN108266
17/5/2022;Marketing;Infrastructure;North;25698;36250;Bank Transfer;TXN108357
2/7/2023;HR;Infrastructure;North;82086;163525;Cash;TXN108416
28/8/2023;Sales;Infrastructure;North;108736;152322;Bank Transfer;TXN108422
27/3/2023;HR;Infrastructure;North;122976;82339;Card;TXN108483
5/3/2023;Marketing;Infrastructure;North;37217;39658;Card;TXN108555
10/12/2021;IT;Infrastructure;North;100319;110384;UPI;TXN108571
19/9/2023;HR;Infrastructure;North;57798;154067;Cash;TXN108609
23/7/2021;Sales;Infrastructure;North;32855;147942;Card;TXN108616
1/5/2022;IT;Infrastructure;North;32624;111311;Cash;TXN108618
6/9/2021;Sales;Infrastructure;North;57972;131146;Bank Transfer;TXN108673
14/2/2023;HR;Infrastructure;North;60889;13894;Cash;TXN108700
9/10/2021;Marketing;Infrastructure;North;127454;110881;UPI;TXN108705
11/9/2023;IT;Infrastructure;North;36607;62149;Bank Transfer;TXN108777
7/11/2022;IT;Infrastructure;North;42802;55502;Card;TXN108785
19/2/2022;Sales;Infrastructure;North;97087;117888;Cash;TXN108799
2/5/2021;HR;Infrastructure;North;63479;141045;UPI;TXN108806
11/9/2023;Marketing;Infrastructure;North;127426;26578;Cash;TXN108828
14/12/2021;Sales;Infrastructure;North;29105;154920;Bank Transfer;TXN108869
28/6/2021;Operations;Infrastructure;North;112729;69610;Cash;TXN108900
15/5/2022;Marketing;Infrastructure;North;87350;85678;Card;TXN108920
31/7/2023;Sales;Infrastructure;North;105402;37117;Cash;TXN108964
28/11/2022;Operations;Infrastructure;North;64896;151665;Cash;TXN108973
12/12/2023;Sales;Infrastructure;North;120265;57206;Cash;TXN109082
11/9/2022;Operations;Infrastructure;North;14457;95860;Bank Transfer;TXN109177
10/9/2021;IT;Infrastructure;North;80183;124670;Bank Transfer;TXN109199
21/8/2023;IT;Infrastructure;North;57640;62930;UPI;TXN109210
12/4/2021;IT;Infrastructure;North;28788;99791;UPI;TXN109247
17/6/2023;HR;Infrastructure;North;70252;47392;Bank Transfer;TXN109269
18/8/2023;Sales;Infrastructure;North;131745;43079;UPI;TXN109306
14/12/2021;Marketing;Infrastructure;North;41371;59845;Bank Transfer;TXN109319
24/6/2023;Marketing;Infrastructure;North;37865;35396;Card;TXN109327
1/4/2023;Marketing;Infrastructure;North;122936;72899;Card;TXN109335
11/3/2021;HR;Infrastructure;North;97181;133031;Bank Transfer;TXN109384
27/11/2023;HR;Infrastructure;North;106350;51105;Card;TXN109412
15/2/2021;Marketing;Infrastructure;North;86594;34242;UPI;TXN109415
12/1/2023;Sales;Infrastructure;North;100111;94977;Card;TXN109448
24/8/2022;Sales;Infrastructure;North;136308;119927;Bank Transfer;TXN109484
12/9/2023;IT;Infrastructure;North;47402;118857;Cash;TXN109491
5/8/2022;Operations;Infrastructure;North;142210;76613;Card;TXN109673
1/8/2023;Marketing;Infrastructure;North;110155;105078;UPI;TXN109685
4/11/2021;Sales;Infrastructure;North;10259;61325;Card;TXN109707
7/4/2021;Sales;Infrastructure;North;25733;89544;Cash;TXN109710
12/7/2021;Marketing;Infrastructure;North;39533;113481;Cash;TXN109759
17/11/2022;Operations;Infrastructure;North;78493;100868;Bank Transfer;TXN109778
24/12/2022;HR;Infrastructure;North;87484;167824;Bank Transfer;TXN109859
14/9/2023;HR;Infrastructure;North;61854;91645;Card;TXN109899
1/2/2023;IT;Infrastructure;North;75180;159503;Bank Transfer;TXN109962
25/10/2022;Finance;Infrastructure;North;133899;100356;Cash;TXN100406
6/4/2022;Finance;Infrastructure;North;136081;100942;Bank Transfer;TXN100516
15/12/2022;Finance;Infrastructure;North;31074;168710;Bank Transfer;TXN100554
9/7/2023;Finance;Infrastructure;North;34875;49006;Bank Transfer;TXN100716
16/2/2023;Finance;Infrastructure;North;93535;13524;Bank Transfer;TXN100757
17/7/2021;Finance;Infrastructure;North;141031;32491;UPI;TXN100794
6/7/2022;Finance;Infrastructure;North;19862;27231;UPI;TXN100984
11/12/2022;Finance;Infrastructure;North;57043;146231;UPI;TXN101150
20/2/2023;Finance;Infrastructure;North;66784;91610;Card;TXN101551
8/1/2023;Finance;Infrastructure;North;145349;9376;Bank Transfer;TXN101745
14/3/2021;Finance;Infrastructure;North;18694;67763;Card;TXN101773
3/1/2022;Finance;Infrastructure;North;68546;91058;Cash;TXN101933
18/4/2021;Finance;Infrastructure;North;40033;64677;Card;TXN102010
31/5/2022;Finance;Infrastructure;North;126859;145407;Cash;TXN102058
11/5/2021;Finance;Infrastructure;North;56106;163516;Bank Transfer;TXN102280
22/9/2021;Finance;Infrastructure;North;95697;29087;Card;TXN102288
5/5/2021;Finance;Infrastructure;North;48513;104299;Bank Transfer;TXN102571
25/2/2023;Finance;Infrastructure;North;72189;113992;Card;TXN102576
3/11/2023;Finance;Infrastructure;North;91851;12304;Cash;TXN102711
19/6/2021;Finance;Infrastructure;North;116452;132035;Bank Transfer;TXN102971
3/8/2021;Finance;Infrastructure;North;62404;147240;Card;TXN103183
17/2/2023;Finance;Infrastructure;North;59897;82516;UPI;TXN103202
30/8/2021;Finance;Infrastructure;North;149138;58420;UPI;TXN103341
10/11/2021;Finance;Infrastructure;North;48211;120420;Cash;TXN103361
14/7/2023;Finance;Infrastructure;North;108132;23169;Bank Transfer;TXN103437
17/12/2022;Finance;Infrastructure;North;20287;137980;Bank Transfer;TXN103480
8/4/2023;Finance;Infrastructure;North;144536;151439;UPI;TXN103586
9/12/2023;Finance;Infrastructure;North;40646;14687;UPI;TXN103749
18/10/2023;Finance;Infrastructure;North;17945;29345;UPI;TXN103819
3/12/2021;Finance;Infrastructure;North;17498;136356;Cash;TXN103844
22/1/2021;Finance;Infrastructure;North;79975;100245;UPI;TXN104039
6/4/2022;Finance;Infrastructure;North;29679;142273;Cash;TXN104243
24/5/2021;Finance;Infrastructure;North;37400;77831;Bank Transfer;TXN104298
10/12/2022;Finance;Infrastructure;North;95782;98496;Card;TXN104435
21/4/2021;Finance;Infrastructure;North;68230;157352;Bank Transfer;TXN104652
24/6/2023;Finance;Infrastructure;North;79600;92058;Cash;TXN104884
27/1/2023;Finance;Infrastructure;North;37980;24284;Bank Transfer;TXN104945
5/12/2022;Finance;Infrastructure;North;127131;102831;UPI;TXN105103
23/9/2022;Finance;Infrastructure;North;88395;60123;Card;TXN105296
4/5/2023;Finance;Infrastructure;North;97482;61405;Cash;TXN105342
7/10/2023;Finance;Infrastructure;North;119189;79868;Card;TXN105580
31/8/2023;Finance;Infrastructure;North;24337;101985;Cash;TXN105650
14/11/2021;Finance;Infrastructure;North;119037;160698;UPI;TXN105752
8/2/2021;Finance;Infrastructure;North;134679;143849;Card;TXN106077
12/8/2023;Finance;Infrastructure;North;77004;92763;Cash;TXN106127
28/10/2023;Finance;Infrastructure;North;121833;56221;Card;TXN106602
15/1/2022;Finance;Infrastructure;North;98198;26130;UPI;TXN106617
1/12/2021;Finance;Infrastructure;North;53479;132255;Bank Transfer;TXN106636
18/5/2022;Finance;Infrastructure;North;149684;132971;UPI;TXN106798
12/2/2021;Finance;Infrastructure;North;131339;48822;Card;TXN107368
11/7/2021;Finance;Infrastructure;North;30515;99047;Bank Transfer;TXN107577
19/11/2021;Finance;Infrastructure;North;142304;37554;Bank Transfer;TXN107612
11/3/2021;Finance;Infrastructure;North;15665;66353;Cash;TXN107688
5/7/2021;Finance;Infrastructure;North;36507;167074;Cash;TXN107875
13/9/2023;Finance;Infrastructure;North;58625;34452;Cash;TXN108014
20/6/2023;Finance;Infrastructure;North;13160;63111;UPI;TXN108633
17/4/2022;Finance;Infrastructure;North;119756;142610;Bank Transfer;TXN108672
19/11/2022;Finance;Infrastructure;North;61736;76756;Cash;TXN108769
20/12/2022;Finance;Infrastructure;North;11082;163950;Card;TXN108880
15/10/2023;Finance;Infrastructure;North;71324;63500;Bank Transfer;TXN108997
27/1/2021;Finance;Infrastructure;North;97425;71632;Card;TXN109093
9/2/2021;Finance;Infrastructure;North;134564;147220;Cash;TXN109497
27/8/2023;Finance;Infrastructure;North;136997;114065;Card;TXN109572
7/4/2022;Finance;Infrastructure;North;52786;80269;Cash;TXN109623
24/11/2023;Finance;Infrastructure;North;149088;76557;Cash;TXN109764
12/4/2022;Marketing;Salaries;North;114711;105574;Cash;TXN100003
7/5/2023;Sales;Salaries;North;94989;30133;Bank Transfer;TXN100018
21/1/2021;Operations;Salaries;North;147039;162847;Bank Transfer;TXN100031
1/8/2022;IT;Salaries;North;18705;26330;UPI;TXN100123
14/4/2023;Sales;Salaries;North;118185;130907;Cash;TXN100287
9/10/2023;Marketing;Salaries;North;121710;28754;Bank Transfer;TXN100347
2/2/2022;Sales;Salaries;North;81810;88312;Card;TXN100439
30/10/2023;IT;Salaries;North;55793;21895;Cash;TXN100446
15/5/2022;Marketing;Salaries;North;129940;69397;Card;TXN100456
1/4/2022;Operations;Salaries;North;104572;141782;Bank Transfer;TXN100471
2/1/2023;Marketing;Salaries;North;23118;119354;Bank Transfer;TXN100509
2/8/2021;Marketing;Salaries;North;58937;89386;Card;TXN100643
1/1/2021;Sales;Salaries;North;48069;68044;UPI;TXN100740
17/11/2021;Marketing;Salaries;North;16073;114647;Cash;TXN100754
27/10/2022;IT;Salaries;North;113060;109530;Cash;TXN100787
8/12/2021;IT;Salaries;North;78628;150076;UPI;TXN100897
31/1/2022;Marketing;Salaries;North;11555;23002;Cash;TXN100967
28/10/2022;IT;Salaries;North;98080;39143;Bank Transfer;TXN100988
31/3/2022;Finance;Salaries;North;15316;111970;Card;TXN101011
31/12/2021;Marketing;Salaries;North;89548;49143;Bank Transfer;TXN101038
8/6/2022;Sales;Salaries;North;145839;56164;Cash;TXN101056
10/7/2023;Finance;Salaries;North;29314;139729;Bank Transfer;TXN101107
23/12/2022;Finance;Salaries;North;100365;63488;Cash;TXN101108
8/5/2022;Marketing;Salaries;North;15110;156564;UPI;TXN101110
29/11/2023;Operations;Salaries;North;43645;97359;UPI;TXN101118
21/5/2022;Operations;Salaries;North;111747;157122;UPI;TXN101163
25/11/2021;Sales;Salaries;North;133300;139069;Card;TXN101179
7/1/2021;Operations;Salaries;North;72853;93771;Cash;TXN101222
16/9/2023;IT;Salaries;North;15260;159064;Cash;TXN101298
14/8/2022;Sales;Salaries;North;72071;91454;Bank Transfer;TXN101314
18/6/2023;Operations;Salaries;North;139457;136619;Cash;TXN101322
15/12/2022;Marketing;Salaries;North;67080;22501;Cash;TXN101358
1/12/2021;Operations;Salaries;North;128747;76185;UPI;TXN101439
30/6/2023;Marketing;Salaries;North;59213;44783;Card;TXN101447
2/10/2023;Finance;Salaries;North;33084;167879;Card;TXN101460
30/4/2022;Marketing;Salaries;North;46777;53283;Bank Transfer;TXN101505
8/7/2023;Operations;Salaries;North;10606;130164;Card;TXN101520
16/1/2023;Finance;Salaries;North;137325;134769;Cash;TXN101524
23/5/2021;Operations;Salaries;North;71475;149568;Card;TXN101566
12/10/2023;Marketing;Salaries;North;63312;89187;UPI;TXN101602
1/3/2022;Marketing;Salaries;North;70972;57909;Card;TXN101693
25/9/2022;Sales;Salaries;North;110844;109659;UPI;TXN101723
22/9/2022;IT;Salaries;North;76181;35257;Bank Transfer;TXN101733
24/2/2022;Sales;Salaries;North;36419;81280;Bank Transfer;TXN101835
24/10/2022;IT;Salaries;North;112974;169692;UPI;TXN101988
28/7/2021;IT;Salaries;North;57746;118030;UPI;TXN102034
29/11/2022;Operations;Salaries;North;138191;84861;UPI;TXN102040
21/5/2023;Sales;Salaries;North;24880;67959;Cash;TXN102047
1/7/2022;Marketing;Salaries;North;73247;112169;Bank Transfer;TXN102111
5/12/2022;IT;Salaries;North;103733;90212;Card;TXN102116
10/9/2022;Finance;Salaries;North;86668;51668;UPI;TXN102134
18/7/2021;Operations;Salaries;North;30392;142743;Card;TXN102153
3/5/2023;Sales;Salaries;North;51452;156217;UPI;TXN102163
14/6/2023;Marketing;Salaries;North;89368;76342;UPI;TXN102169
2/9/2022;Marketing;Salaries;North;106624;139808;UPI;TXN102186
10/12/2021;Sales;Salaries;North;111791;120004;Card;TXN102197
27/8/2022;IT;Salaries;North;88345;144292;Card;TXN102216
16/11/2023;IT;Salaries;North;110162;151394;Bank Transfer;TXN102221
14/1/2022;IT;Salaries;North;107760;29284;Cash;TXN102231
11/8/2022;Sales;Salaries;North;126521;164030;UPI;TXN102295
5/6/2021;IT;Salaries;North;28167;29508;Bank Transfer;TXN102298
30/6/2022;Finance;Salaries;North;82369;114926;Cash;TXN102301
20/7/2023;Operations;Salaries;North;102144;164233;UPI;TXN102313
16/10/2021;Marketing;Salaries;North;13762;91834;UPI;TXN102314
20/4/2023;Finance;Salaries;North;32497;117637;UPI;TXN102352
22/6/2021;IT;Salaries;North;34527;166526;Card;TXN102367
25/9/2021;Finance;Salaries;North;137088;116595;Cash;TXN102399
23/6/2021;IT;Salaries;North;110641;66160;Cash;TXN102415
9/8/2023;Finance;Salaries;North;117112;71835;Card;TXN102436
31/12/2022;Operations;Salaries;North;145313;20934;UPI;TXN102441
13/4/2021;Operations;Salaries;North;19143;20967;Bank Transfer;TXN102483
17/9/2023;Operations;Salaries;North;102889;88296;Bank Transfer;TXN102492
21/7/2021;Operations;Salaries;North;109262;139783;Bank Transfer;TXN102504
23/1/2021;IT;Salaries;North;105446;85113;Cash;TXN102535
6/5/2021;Finance;Salaries;North;83226;58465;Card;TXN102548
30/7/2022;IT;Salaries;North;117533;28137;Cash;TXN102552
29/12/2021;IT;Salaries;North;132465;19111;Bank Transfer;TXN102562
2/9/2021;Sales;Salaries;North;76045;155323;UPI;TXN102567
7/12/2021;Finance;Salaries;North;138493;159234;Cash;TXN102596
19/5/2021;Marketing;Salaries;North;53418;52774;Cash;TXN102607
3/12/2021;Marketing;Salaries;North;36628;75259;UPI;TXN102657
22/10/2021;Operations;Salaries;North;39838;133748;Card;TXN102715
20/11/2023;Operations;Salaries;North;126775;91468;UPI;TXN102742
26/6/2021;Marketing;Salaries;North;33674;36332;Cash;TXN102769
5/2/2022;Operations;Salaries;North;124700;151177;UPI;TXN102773
18/7/2023;Sales;Salaries;North;86432;152938;Bank Transfer;TXN102784
27/10/2022;Marketing;Salaries;North;90872;52598;Card;TXN102850
13/5/2023;IT;Salaries;North;13230;61753;Card;TXN102931
27/11/2022;Sales;Salaries;North;48824;57340;Cash;TXN102935
2/6/2023;Finance;Salaries;North;83367;42483;UPI;TXN102946
13/10/2022;Operations;Salaries;North;111510;20040;Cash;TXN103010
11/9/2021;Marketing;Salaries;North;133016;126794;Cash;TXN103088
4/10/2023;Finance;Salaries;North;32290;11751;UPI;TXN103105
27/9/2023;Finance;Salaries;North;41521;83682;Card;TXN103143
21/6/2023;Finance;Salaries;North;137401;51675;Card;TXN103165
14/1/2022;Operations;Salaries;North;115854;43362;UPI;TXN103262
23/10/2021;IT;Salaries;North;70899;23988;UPI;TXN103282
12/8/2022;IT;Salaries;North;24206;160913;Bank Transfer;TXN103292
22/12/2022;IT;Salaries;North;46018;167907;UPI;TXN103302
10/3/2021;Operations;Salaries;North;48585;168839;Bank Transfer;TXN103348
22/9/2022;Sales;Salaries;North;63804;17127;Bank Transfer;TXN103375
28/3/2021;IT;Salaries;North;33567;149950;UPI;TXN103377
20/2/2022;Finance;Salaries;North;131019;55939;Cash;TXN103402
8/9/2021;Sales;Salaries;North;35474;106766;Cash;TXN103450
5/3/2023;Sales;Salaries;North;17042;118612;Bank Transfer;TXN103453
22/7/2022;Finance;Salaries;North;109752;144512;UPI;TXN103745
18/12/2022;Operations;Salaries;North;132494;131499;UPI;TXN103843
2/12/2023;IT;Salaries;North;130646;33310;UPI;TXN103891
20/10/2021;Finance;Salaries;North;83874;120411;Cash;TXN103921
16/4/2022;Marketing;Salaries;North;111813;133071;UPI;TXN103991
29/7/2022;Finance;Salaries;North;122932;42811;Cash;TXN104082
1/10/2023;Operations;Salaries;North;30517;146753;UPI;TXN104084
25/8/2021;Sales;Salaries;North;45166;136329;UPI;TXN104106
10/2/2023;Operations;Salaries;North;63028;65302;Card;TXN104107
9/3/2023;Marketing;Salaries;North;148504;101760;Bank Transfer;TXN104121
14/10/2023;Operations;Salaries;North;22394;82824;UPI;TXN104177
31/12/2023;Finance;Salaries;North;92078;63926;Bank Transfer;TXN104239
11/4/2023;Operations;Salaries;North;83649;138169;UPI;TXN104253
11/8/2022;IT;Salaries;North;49806;42004;UPI;TXN104346
7/7/2021;Finance;Salaries;North;39289;71001;Card;TXN104443
5/8/2021;Marketing;Salaries;North;11365;31789;Bank Transfer;TXN104518
13/7/2022;Sales;Salaries;North;74588;165062;Cash;TXN104546
12/5/2023;Sales;Salaries;North;121133;61156;Cash;TXN104572
28/5/2021;Operations;Salaries;North;58360;20010;UPI;TXN104667
5/3/2021;IT;Salaries;North;141276;89552;Cash;TXN104719
11/11/2022;IT;Salaries;North;106690;109692;Cash;TXN104728
11/12/2021;Sales;Salaries;North;121723;162953;Card;TXN104765
11/1/2022;Sales;Salaries;North;84550;111375;Cash;TXN104816
28/6/2021;Finance;Salaries;North;101698;76619;Cash;TXN104824
21/5/2023;Sales;Salaries;North;23657;14308;UPI;TXN104835
9/8/2023;Operations;Salaries;North;89006;123569;UPI;TXN104851
25/8/2021;Finance;Salaries;North;113431;18573;Bank Transfer;TXN104891
11/6/2023;IT;Salaries;North;91132;54195;Bank Transfer;TXN104911
18/3/2022;Sales;Salaries;North;115075;151078;Cash;TXN104953
5/6/2022;Marketing;Salaries;North;76800;78821;Cash;TXN105021
16/6/2022;IT;Salaries;North;20364;70693;UPI;TXN105023
6/2/2022;IT;Salaries;North;34725;104755;Bank Transfer;TXN105041
17/8/2021;Operations;Salaries;North;14140;38714;Card;TXN105163
16/4/2023;IT;Salaries;North;112492;42378;UPI;TXN105167
22/9/2021;Sales;Salaries;North;42001;35396;Bank Transfer;TXN105191
13/6/2023;Marketing;Salaries;North;65573;87664;UPI;TXN105244
18/1/2023;Operations;Salaries;North;62226;113413;Cash;TXN105246
31/5/2022;Finance;Salaries;North;32542;40412;UPI;TXN105309
3/11/2021;Operations;Salaries;North;146406;140516;UPI;TXN105324
15/3/2023;IT;Salaries;North;73505;152999;Bank Transfer;TXN105335
22/4/2022;Finance;Salaries;North;81210;88494;Card;TXN105336
5/11/2021;IT;Salaries;North;36834;10210;Card;TXN105398
20/5/2021;Sales;Salaries;North;126989;129809;UPI;TXN105414
10/6/2023;Finance;Salaries;North;13728;152297;Card;TXN105424
17/6/2023;Marketing;Salaries;North;99927;36125;Cash;TXN105426
24/9/2023;Operations;Salaries;North;94854;93675;Card;TXN105435
15/8/2023;Marketing;Salaries;North;105788;66450;Bank Transfer;TXN105459
12/3/2021;Operations;Salaries;North;25306;123979;Bank Transfer;TXN105499
29/11/2021;Sales;Salaries;North;96377;119178;Card;TXN105582
31/5/2023;IT;Salaries;North;54689;167022;Card;TXN105608
29/4/2023;Sales;Salaries;North;37683;33499;Card;TXN105652
8/2/2022;IT;Salaries;North;44096;60270;Card;TXN105730
17/12/2023;Finance;Salaries;North;97843;137145;UPI;TXN105815
7/6/2022;Operations;Salaries;North;54237;80949;Cash;TXN105822
26/12/2023;Marketing;Salaries;North;119376;38214;Card;TXN105829
8/1/2023;Operations;Salaries;North;61838;76373;UPI;TXN105835
4/12/2021;Operations;Salaries;North;53664;55438;Card;TXN105902
6/1/2022;Finance;Salaries;North;12421;105001;Bank Transfer;TXN105962
14/1/2021;Operations;Salaries;North;55190;19917;Bank Transfer;TXN105981
27/10/2022;IT;Salaries;North;94650;70320;UPI;TXN106001
16/9/2021;Operations;Salaries;North;89843;144016;Bank Transfer;TXN106046
10/4/2021;Sales;Salaries;North;24322;137076;Bank Transfer;TXN106105
27/1/2021;Finance;Salaries;North;63480;58489;Bank Transfer;TXN106216
17/12/2021;Finance;Salaries;North;53478;23447;Cash;TXN106303
29/12/2022;Sales;Salaries;North;125964;131531;UPI;TXN106396
30/9/2023;Marketing;Salaries;North;40202;162608;Card;TXN106424
25/5/2022;Operations;Salaries;North;120747;124147;Cash;TXN106665
25/10/2021;IT;Salaries;North;144806;74221;Card;TXN106670
10/7/2023;Operations;Salaries;North;115722;122115;Cash;TXN106709
13/10/2023;Sales;Salaries;North;91808;106425;UPI;TXN106726
28/7/2022;Marketing;Salaries;North;107130;87447;Cash;TXN106742
21/11/2023;Marketing;Salaries;North;140895;86080;Bank Transfer;TXN106769
2/4/2023;Marketing;Salaries;North;32297;131432;Bank Transfer;TXN106772
2/6/2022;Operations;Salaries;North;107202;64249;Card;TXN106807
29/7/2021;Finance;Salaries;North;141203;124079;Cash;TXN106814
11/10/2022;IT;Salaries;North;72573;27538;Cash;TXN106826
25/8/2023;IT;Salaries;North;104853;120541;Bank Transfer;TXN106923
14/6/2021;Sales;Salaries;North;45415;116613;Card;TXN106934
27/9/2021;Finance;Salaries;North;117915;164008;Cash;TXN106968
28/9/2021;Finance;Salaries;North;76611;17933;UPI;TXN107044
26/10/2021;Marketing;Salaries;North;145058;106564;UPI;TXN107123
4/6/2022;Finance;Salaries;North;93542;168673;UPI;TXN107223
18/12/2022;Marketing;Salaries;North;118507;110405;Cash;TXN107225
25/8/2022;IT;Salaries;North;120592;26406;UPI;TXN107261
16/4/2021;Sales;Salaries;North;92428;84854;UPI;TXN107345
15/12/2023;Marketing;Salaries;North;36360;110244;Cash;TXN107401
1/11/2023;Marketing;Salaries;North;126831;52285;Cash;TXN107456
27/12/2022;IT;Salaries;North;16535;121933;Cash;TXN107503
29/5/2021;IT;Salaries;North;121756;86165;UPI;TXN107598
30/6/2023;IT;Salaries;North;108294;124968;UPI;TXN107664
18/1/2022;Sales;Salaries;North;108841;13338;Bank Transfer;TXN107723
29/9/2022;IT;Salaries;North;89162;115229;Card;TXN107757
29/11/2022;Finance;Salaries;North;109209;96955;Card;TXN107768
23/8/2023;Operations;Salaries;North;101364;143235;Cash;TXN107841
27/12/2023;Marketing;Salaries;North;126066;75124;Cash;TXN107855
12/9/2023;Sales;Salaries;North;24852;88852;Bank Transfer;TXN107915
12/4/2022;Operations;Salaries;North;92451;37300;Cash;TXN107923
13/4/2023;Operations;Salaries;North;140564;147407;UPI;TXN107960
26/4/2022;IT;Salaries;North;95128;120313;UPI;TXN107969
23/11/2023;Operations;Salaries;North;86441;112438;Bank Transfer;TXN108044
19/10/2022;Finance;Salaries;North;98841;99942;UPI;TXN108073
4/8/2023;Finance;Salaries;North;45445;10314;UPI;TXN108083
10/2/2021;Marketing;Salaries;North;86268;107449;Bank Transfer;TXN108111
8/6/2023;Finance;Salaries;North;66064;19149;Card;TXN108147
30/8/2022;Finance;Salaries;North;72786;156811;Cash;TXN108166
13/6/2022;Operations;Salaries;North;34819;160876;UPI;TXN108225
12/11/2023;Sales;Salaries;North;49352;69011;Cash;TXN108234
8/4/2023;Operations;Salaries;North;94247;91317;Bank Transfer;TXN108248
17/6/2022;Finance;Salaries;North;49022;41458;Bank Transfer;TXN108252
13/11/2021;Marketing;Salaries;North;139886;149376;UPI;TXN108288
10/10/2023;IT;Salaries;North;30286;105564;UPI;TXN108294
4/3/2022;Operations;Salaries;North;96426;113558;Bank Transfer;TXN108318
15/5/2021;Sales;Salaries;North;50876;123120;Cash;TXN108329
24/8/2023;IT;Salaries;North;52563;136300;Card;TXN108411
2/1/2022;Finance;Salaries;North;117509;128173;Cash;TXN108427
9/8/2021;IT;Salaries;North;105839;23541;UPI;TXN108480
2/5/2023;Sales;Salaries;North;128297;119679;Bank Transfer;TXN108510
15/10/2023;Finance;Salaries;North;71945;48452;Card;TXN108584
7/3/2021;Marketing;Salaries;North;47822;134081;Cash;TXN108598
13/5/2021;Finance;Salaries;North;129728;122716;Cash;TXN108622
19/3/2022;Operations;Salaries;North;21041;138686;Cash;TXN108623
6/7/2021;Operations;Salaries;North;24295;76231;Bank Transfer;TXN108637
11/1/2023;Finance;Salaries;North;125703;22518;Bank Transfer;TXN108694
6/5/2023;Finance;Salaries;North;18957;27192;Card;TXN108724
8/6/2021;Finance;Salaries;North;33194;31887;Cash;TXN108755
19/5/2021;Sales;Salaries;North;52191;101726;UPI;TXN108781
4/4/2022;Operations;Salaries;North;91039;30013;Card;TXN108829
19/2/2023;Marketing;Salaries;North;81699;145637;UPI;TXN108852
7/7/2022;Sales;Salaries;North;49373;169549;UPI;TXN108856
31/10/2021;IT;Salaries;North;10858;101514;Card;TXN108912
14/6/2022;Marketing;Salaries;North;124680;71537;Cash;TXN108922
26/1/2021;Sales;Salaries;North;80470;87828;UPI;TXN108938
7/8/2023;Finance;Salaries;North;56292;140120;Bank Transfer;TXN108948
25/6/2021;Marketing;Salaries;North;88041;82014;Card;TXN108965
25/10/2021;IT;Salaries;North;21102;146219;Bank Transfer;TXN109089
9/10/2022;Operations;Salaries;North;50596;20566;Bank Transfer;TXN109102
15/4/2021;Operations;Salaries;North;66965;64655;Cash;TXN109141
18/11/2021;IT;Salaries;North;58576;125426;Bank Transfer;TXN109217
30/3/2023;Finance;Salaries;North;110932;108490;Card;TXN109274
13/1/2021;Sales;Salaries;North;11209;112912;Bank Transfer;TXN109279
17/5/2022;Finance;Salaries;North;91221;118881;UPI;TXN109307
7/6/2021;Sales;Salaries;North;49630;167842;Card;TXN109318
24/5/2023;Sales;Salaries;North;148365;60887;UPI;TXN109342
18/9/2021;Operations;Salaries;North;53299;128681;Bank Transfer;TXN109355
4/4/2023;Marketing;Salaries;North;80265;144441;Cash;TXN109451
14/4/2021;Finance;Salaries;North;80979;10497;Cash;TXN109477
19/2/2023;Sales;Salaries;North;96145;32685;UPI;TXN109482
12/11/2023;IT;Salaries;North;134139;138725;Card;TXN109505
17/5/2022;Sales;Salaries;North;120814;79164;Card;TXN109524
25/5/2023;Marketing;Salaries;North;137776;72195;Bank Transfer;TXN109533
28/12/2023;Sales;Salaries;North;113166;140617;UPI;TXN109585
18/3/2023;Finance;Salaries;North;110198;102217;Bank Transfer;TXN109630
28/12/2023;Marketing;Salaries;North;95919;113425;UPI;TXN109730
30/11/2023;Operations;Salaries;North;34354;22253;Bank Transfer;TXN109739
4/2/2021;Sales;Salaries;North;141806;89240;Cash;TXN109837
29/4/2022;Finance;Salaries;North;24113;34996;Cash;TXN109895
20/6/2023;Operations;Salaries;North;10067;36228;Card;TXN109931
17/6/2023;Sales;Salaries;North;23232;24034;Card;TXN109934
11/2/2021;IT;Salaries;North;30731;78518;Cash;TXN109978
9/10/2022;HR;Salaries;North;142076;142230;Card;TXN100030
14/4/2021;HR;Salaries;North;66004;95950;Card;TXN100201
20/3/2022;HR;Salaries;North;147713;78707;Bank Transfer;TXN100300
4/3/2021;HR;Salaries;North;96597;84176;Cash;TXN100538
14/11/2022;HR;Salaries;North;69434;146929;UPI;TXN100843
9/1/2023;HR;Salaries;North;45252;127424;Card;TXN101113
20/11/2022;HR;Salaries;North;91530;132851;Cash;TXN101168
10/6/2022;HR;Salaries;North;32046;124436;UPI;TXN101454
25/7/2022;HR;Salaries;North;130598;117285;Cash;TXN102198
21/4/2021;HR;Salaries;North;116198;30007;Bank Transfer;TXN102713
27/12/2022;HR;Salaries;North;60937;10823;Card;TXN102726
7/12/2023;HR;Salaries;North;80760;32623;UPI;TXN103075
27/3/2022;HR;Salaries;North;73741;87868;UPI;TXN103156
31/3/2022;HR;Salaries;North;87045;61257;UPI;TXN103342
28/1/2023;HR;Salaries;North;65020;153720;Bank Transfer;TXN103397
22/9/2022;HR;Salaries;North;121873;139848;Cash;TXN103462
19/1/2022;HR;Salaries;North;127754;23882;Card;TXN103475
6/3/2022;HR;Salaries;North;50994;125318;Cash;TXN103671
3/12/2023;HR;Salaries;North;106341;38589;Card;TXN103676
19/3/2022;HR;Salaries;North;130156;64183;Bank Transfer;TXN104010
16/1/2022;HR;Salaries;North;129211;55358;UPI;TXN104523
28/10/2023;HR;Salaries;North;71332;91014;Bank Transfer;TXN104864
14/5/2021;HR;Salaries;North;50780;42295;Bank Transfer;TXN104870
14/6/2023;HR;Salaries;North;101673;35943;Card;TXN104975
30/10/2023;HR;Salaries;North;74407;56673;Cash;TXN105286
7/5/2021;HR;Salaries;North;51393;135117;Bank Transfer;TXN105628
27/2/2022;HR;Salaries;North;91140;162923;Card;TXN105671
17/11/2023;HR;Salaries;North;66581;157704;Bank Transfer;TXN105706
2/10/2022;HR;Salaries;North;148937;124171;UPI;TXN105817
30/6/2021;HR;Salaries;North;96248;92073;Card;TXN105866
15/2/2023;HR;Salaries;North;139267;98545;Card;TXN105956
8/3/2021;HR;Salaries;North;24539;16002;Bank Transfer;TXN106002
14/1/2022;HR;Salaries;North;121251;95479;Card;TXN106319
12/6/2022;HR;Salaries;North;21383;142496;Card;TXN106792
11/7/2023;HR;Salaries;North;128480;63310;Cash;TXN106956
2/3/2022;HR;Salaries;North;79945;14594;Card;TXN107096
23/2/2023;HR;Salaries;North;37631;146060;UPI;TXN107132
1/12/2022;HR;Salaries;North;55819;68716;Cash;TXN107162
6/7/2021;HR;Salaries;North;102479;71425;Card;TXN107502
7/11/2023;HR;Salaries;North;75199;70787;Cash;TXN107512
9/11/2021;HR;Salaries;North;128698;8972;Cash;TXN107557
13/8/2022;HR;Salaries;North;139706;156965;Card;TXN107579
9/12/2022;HR;Salaries;North;89278;146791;Cash;TXN107609
4/3/2023;HR;Salaries;North;13370;70063;Bank Transfer;TXN107732
15/3/2021;HR;Salaries;North;91725;70524;Cash;TXN107920
20/9/2023;HR;Salaries;North;80168;137457;Card;TXN107987
14/9/2022;HR;Salaries;North;40182;133968;Bank Transfer;TXN108126
28/12/2021;HR;Salaries;North;109798;148784;Card;TXN108453
8/3/2023;HR;Salaries;North;131433;119212;Card;TXN108467
28/8/2022;HR;Salaries;North;74650;27613;Card;TXN108729
24/8/2023;HR;Salaries;North;14955;25693;UPI;TXN108822
29/3/2021;HR;Salaries;North;115383;140983;Bank Transfer;TXN108975
3/1/2023;HR;Salaries;North;94314;110384;UPI;TXN109032
6/9/2022;HR;Salaries;North;57567;112793;Card;TXN109130
2/2/2023;HR;Salaries;North;105830;166814;Cash;TXN109185
24/4/2022;HR;Salaries;North;123887;110229;Cash;TXN109329
22/6/2022;HR;Salaries;North;67679;9660;Cash;TXN109345
24/9/2022;HR;Salaries;North;52229;63913;UPI;TXN109362
25/2/2023;HR;Salaries;North;57542;146095;Bank Transfer;TXN109407
20/10/2021;HR;Salaries;North;37565;74495;Card;TXN109486
5/1/2023;HR;Salaries;North;25406;35959;UPI;TXN109526
29/12/2023;HR;Salaries;North;122333;155372;Bank Transfer;TXN109573
16/5/2021;HR;Salaries;North;84101;51412;Bank Transfer;TXN109757
4/10/2021;HR;Salaries;North;85347;12642;Bank Transfer;TXN109833
28/5/2022;HR;Salaries;North;110886;139629;Cash;TXN109911
11/5/2023;Sales;Travel;North;126096;43048;Card;TXN100000
2/4/2021;Sales;Travel;North;23056;63766;Card;TXN100042
8/12/2023;HR;Travel;North;24110;50890;Cash;TXN100092
9/6/2022;Marketing;Travel;North;41545;48828;Cash;TXN100122
10/8/2023;Operations;Travel;North;108983;71335;Cash;TXN100141
5/7/2022;Operations;Travel;North;106653;39766;Bank Transfer;TXN100175
22/5/2023;Sales;Travel;North;66371;138929;UPI;TXN100177
27/3/2023;IT;Travel;North;122784;9484;Card;TXN100214
8/4/2023;HR;Travel;North;57802;59119;Bank Transfer;TXN100276
11/4/2023;Operations;Travel;North;102195;121860;Cash;TXN100321
8/3/2022;IT;Travel;North;111333;46446;Card;TXN100352
18/10/2022;HR;Travel;North;23169;29754;UPI;TXN100493
29/8/2023;Marketing;Travel;North;84951;166392;UPI;TXN100495
7/11/2022;Operations;Travel;North;107218;122141;UPI;TXN100505
10/2/2021;HR;Travel;North;74610;57944;Cash;TXN100511
16/11/2022;Sales;Travel;North;14561;26384;Bank Transfer;TXN100559
13/11/2022;Sales;Travel;North;86537;127980;UPI;TXN100631
13/8/2021;Operations;Travel;North;40779;11843;Bank Transfer;TXN100735
21/6/2023;Operations;Travel;North;66121;156679;UPI;TXN100747
5/11/2023;HR;Travel;North;79603;98005;Bank Transfer;TXN100798
15/5/2023;Sales;Travel;North;139798;60132;Bank Transfer;TXN100811
13/12/2022;Operations;Travel;North;118518;65886;Bank Transfer;TXN100830
5/10/2023;IT;Travel;North;69056;21791;UPI;TXN100846
21/7/2022;HR;Travel;North;127926;82640;Cash;TXN100860
22/2/2022;IT;Travel;North;88019;166429;UPI;TXN100875
6/5/2022;HR;Travel;North;83227;32632;Cash;TXN100943
5/1/2023;Operations;Travel;North;144338;109128;Cash;TXN100949
3/12/2022;IT;Travel;North;82909;169156;Card;TXN101015
26/9/2022;IT;Travel;North;72938;19524;UPI;TXN101016
10/5/2021;Operations;Travel;North;46054;10593;Bank Transfer;TXN101017
7/11/2022;IT;Travel;North;26120;149720;Cash;TXN101025
10/3/2021;Marketing;Travel;North;108952;20098;UPI;TXN101035
3/6/2021;HR;Travel;North;134182;153312;UPI;TXN101041
7/9/2021;IT;Travel;North;82220;143309;Cash;TXN101078
22/9/2023;IT;Travel;North;18996;30678;Cash;TXN101094
11/5/2021;HR;Travel;North;135105;49849;UPI;TXN101097
22/12/2021;Operations;Travel;North;143414;25845;UPI;TXN101218
5/4/2022;Sales;Travel;North;85691;150496;UPI;TXN101276
4/3/2023;Marketing;Travel;North;120803;82732;Cash;TXN101306
24/10/2022;Marketing;Travel;North;33134;142151;Card;TXN101411
25/1/2023;HR;Travel;North;112958;125260;UPI;TXN101417
31/10/2023;HR;Travel;North;144133;101164;Card;TXN101477
12/5/2023;Sales;Travel;North;144835;56507;Cash;TXN101482
15/8/2023;Operations;Travel;North;87533;24015;UPI;TXN101494
1/5/2023;Marketing;Travel;North;131535;18357;UPI;TXN101560
2/1/2021;IT;Travel;North;27487;124802;UPI;TXN101621
16/12/2021;IT;Travel;North;83794;110347;UPI;TXN101625
5/2/2021;HR;Travel;North;39778;133296;Cash;TXN101634
19/2/2021;HR;Travel;North;75087;136390;UPI;TXN101651
5/4/2022;HR;Travel;North;44503;56528;Cash;TXN101744
7/11/2021;HR;Travel;North;145360;30156;UPI;TXN101757
13/6/2021;Operations;Travel;North;142282;28967;Card;TXN101783
5/4/2021;Marketing;Travel;North;115128;65040;Cash;TXN101784
21/1/2021;HR;Travel;North;132206;27556;Bank Transfer;TXN101879
31/10/2023;HR;Travel;North;121399;88707;UPI;TXN101891
19/7/2021;Operations;Travel;North;65244;70610;UPI;TXN101900
12/4/2022;Sales;Travel;North;130972;95157;Card;TXN101905
9/1/2022;Sales;Travel;North;149992;85400;Bank Transfer;TXN101952
1/3/2021;IT;Travel;North;14014;83087;Bank Transfer;TXN102070
6/7/2023;Operations;Travel;North;49035;137401;UPI;TXN102115
19/8/2022;Operations;Travel;North;19225;77788;Bank Transfer;TXN102144
11/9/2023;Operations;Travel;North;36279;82696;UPI;TXN102160
21/3/2022;Sales;Travel;North;73612;164510;Bank Transfer;TXN102165
28/12/2023;HR;Travel;North;60817;57887;Cash;TXN102208
11/1/2022;Operations;Travel;North;73404;121890;Card;TXN102211
22/5/2021;Operations;Travel;North;47432;48005;Cash;TXN102349
10/2/2021;IT;Travel;North;94673;9287;Card;TXN102389
9/12/2021;IT;Travel;North;81152;76804;Bank Transfer;TXN102412
28/8/2022;IT;Travel;North;96097;31737;Cash;TXN102421
15/4/2021;Sales;Travel;North;133270;133585;UPI;TXN102503
19/6/2021;IT;Travel;North;80446;46206;UPI;TXN102572
26/9/2023;Marketing;Travel;North;90379;119260;Bank Transfer;TXN102616
31/12/2021;Operations;Travel;North;86554;66537;Bank Transfer;TXN102651
6/5/2021;IT;Travel;North;66246;145844;UPI;TXN102673
30/4/2023;HR;Travel;North;81461;13570;Card;TXN102748
28/7/2021;Sales;Travel;North;115879;101536;UPI;TXN102754
24/9/2022;Sales;Travel;North;110355;30836;Cash;TXN102777
22/12/2021;HR;Travel;North;101483;112821;Cash;TXN102819
14/4/2021;Sales;Travel;North;58720;127855;Card;TXN102846
30/12/2022;Sales;Travel;North;19440;111726;Cash;TXN102869
4/5/2022;Sales;Travel;North;105367;66052;Cash;TXN102875
24/6/2022;Sales;Travel;North;82361;49106;UPI;TXN102886
24/9/2021;HR;Travel;North;125933;79588;UPI;TXN102893
10/1/2023;Marketing;Travel;North;22193;152160;UPI;TXN102981
15/4/2021;Marketing;Travel;North;14844;162594;Card;TXN103005
3/1/2023;Sales;Travel;North;34630;17474;UPI;TXN103008
10/12/2022;Sales;Travel;North;95132;8534;Bank Transfer;TXN103009
4/5/2022;Sales;Travel;North;137117;32358;Bank Transfer;TXN103101
14/4/2021;Marketing;Travel;North;107486;134553;Cash;TXN103103
20/5/2021;Operations;Travel;North;25616;125898;Card;TXN103350
3/11/2022;HR;Travel;North;24908;64005;Cash;TXN103387
20/8/2022;Marketing;Travel;North;82112;96650;Bank Transfer;TXN103390
25/7/2021;Marketing;Travel;North;55689;48708;UPI;TXN103412
26/11/2021;IT;Travel;North;50160;70626;Bank Transfer;TXN103423
20/10/2022;IT;Travel;North;128416;161791;UPI;TXN103473
28/7/2022;Sales;Travel;North;71603;119681;Cash;TXN103503
13/11/2021;Sales;Travel;North;51464;140917;Cash;TXN103514
14/6/2023;Operations;Travel;North;86918;100964;Card;TXN103524
8/8/2021;Marketing;Travel;North;68039;144140;Bank Transfer;TXN103525
14/7/2023;IT;Travel;North;133787;149301;UPI;TXN103526
8/8/2023;Operations;Travel;North;139415;41208;UPI;TXN103615
16/4/2022;IT;Travel;North;141595;50697;Bank Transfer;TXN103654
13/1/2021;Sales;Travel;North;134248;94310;UPI;TXN103683
24/12/2023;HR;Travel;North;49876;114324;Cash;TXN103721
3/10/2021;IT;Travel;North;72468;161361;Cash;TXN103729
25/6/2023;Marketing;Travel;North;28673;115652;Card;TXN103732
11/1/2021;Marketing;Travel;North;108727;147541;UPI;TXN103758
10/4/2023;Operations;Travel;North;48690;143692;Bank Transfer;TXN103800
8/1/2023;Sales;Travel;North;99229;67844;Bank Transfer;TXN103815
27/7/2023;Operations;Travel;North;91718;58201;Card;TXN103840
17/4/2021;Sales;Travel;North;104458;35777;Bank Transfer;TXN103890
7/3/2023;IT;Travel;North;104233;43981;Bank Transfer;TXN103929
1/9/2022;IT;Travel;North;148817;135547;Bank Transfer;TXN103933
18/8/2023;HR;Travel;North;16574;46275;Bank Transfer;TXN104021
25/11/2022;HR;Travel;North;123290;128936;Bank Transfer;TXN104037
2/5/2021;IT;Travel;North;143287;35462;Bank Transfer;TXN104087
2/4/2022;Operations;Travel;North;44377;119126;Card;TXN104139
26/6/2023;Marketing;Travel;North;129618;62423;UPI;TXN104304
18/10/2022;IT;Travel;North;130213;45171;Bank Transfer;TXN104327
28/11/2021;IT;Travel;North;23998;118031;Bank Transfer;TXN104368
28/5/2021;Sales;Travel;North;115848;91615;Card;TXN104378
25/10/2022;Sales;Travel;North;148001;53079;Cash;TXN104381
20/7/2022;Operations;Travel;North;96416;160656;Card;TXN104421
7/7/2021;Sales;Travel;North;146081;101479;UPI;TXN104434
28/4/2021;HR;Travel;North;80891;10292;Cash;TXN104483
22/6/2022;Operations;Travel;North;62436;31572;Card;TXN104495
8/7/2021;Marketing;Travel;North;119166;53297;Cash;TXN104538
24/11/2022;Marketing;Travel;North;52342;60255;Bank Transfer;TXN104558
16/9/2021;HR;Travel;North;28796;149906;Card;TXN104582
18/1/2022;Operations;Travel;North;138718;50399;Cash;TXN104592
20/6/2021;Operations;Travel;North;96984;136710;UPI;TXN104645
2/1/2022;Operations;Travel;North;49767;151818;Bank Transfer;TXN104669
10/5/2022;HR;Travel;North;22370;40419;UPI;TXN104675
30/11/2022;IT;Travel;North;30645;98568;Card;TXN104692
24/10/2022;Sales;Travel;North;89948;163703;Card;TXN104704
7/9/2022;IT;Travel;North;62569;166058;Card;TXN104724
29/7/2023;IT;Travel;North;15976;169799;Card;TXN104727
6/9/2023;IT;Travel;North;75547;108449;Cash;TXN104842
21/4/2021;IT;Travel;North;90991;82167;Cash;TXN104858
7/4/2023;Operations;Travel;North;31547;58083;Card;TXN104881
17/11/2023;HR;Travel;North;81270;12187;UPI;TXN104916
14/1/2021;HR;Travel;North;53748;48953;Cash;TXN104938
12/5/2023;IT;Travel;North;109089;131140;Cash;TXN104957
31/10/2023;Marketing;Travel;North;149560;20323;Bank Transfer;TXN105078
30/7/2021;Operations;Travel;North;74556;83834;UPI;TXN105090
17/2/2022;HR;Travel;North;27671;9459;UPI;TXN105111
17/8/2022;IT;Travel;North;103904;162326;Bank Transfer;TXN105119
15/3/2021;Sales;Travel;North;116647;92457;UPI;TXN105132
19/10/2022;IT;Travel;North;16428;12553;UPI;TXN105161
6/6/2021;HR;Travel;North;104535;69771;UPI;TXN105185
12/2/2022;Marketing;Travel;North;42639;121546;Card;TXN105219
10/5/2023;Sales;Travel;North;144276;48310;Card;TXN105226
30/7/2022;IT;Travel;North;11046;67153;Card;TXN105382
9/10/2021;HR;Travel;North;101258;129378;UPI;TXN105436
18/12/2023;Marketing;Travel;North;88740;85524;Cash;TXN105613
12/10/2021;HR;Travel;North;78699;133209;Bank Transfer;TXN105679
28/11/2023;HR;Travel;North;142698;106736;Card;TXN105713
13/7/2021;Marketing;Travel;North;52075;113073;Bank Transfer;TXN105726
17/9/2023;IT;Travel;North;88101;63016;Cash;TXN105748
13/8/2023;Operations;Travel;North;126144;133041;Cash;TXN105779
26/4/2023;Marketing;Travel;North;64386;106239;Card;TXN105792
31/1/2022;Sales;Travel;North;147741;44284;Cash;TXN105807
12/11/2022;Sales;Travel;North;46497;82744;Card;TXN105865
3/5/2021;Operations;Travel;North;107527;56382;Bank Transfer;TXN105903
24/12/2021;HR;Travel;North;22660;166278;Bank Transfer;TXN105954
12/4/2023;HR;Travel;North;149060;84644;Bank Transfer;TXN105958
13/8/2021;Operations;Travel;North;49799;15555;Card;TXN105983
2/12/2023;Sales;Travel;North;116364;73763;Card;TXN105991
29/9/2022;HR;Travel;North;108446;112793;Cash;TXN106004
31/7/2022;Operations;Travel;North;94463;132072;Card;TXN106015
16/1/2021;Operations;Travel;North;44232;86463;UPI;TXN106031
25/6/2021;Marketing;Travel;North;140430;19224;Cash;TXN106086
12/4/2021;Marketing;Travel;North;38906;36517;Card;TXN106125
5/9/2023;HR;Travel;North;80580;29834;Card;TXN106171
2/1/2023;IT;Travel;North;31266;120542;Bank Transfer;TXN106228
2/9/2023;Marketing;Travel;North;52608;50178;UPI;TXN106232
12/7/2022;HR;Travel;North;94872;90248;UPI;TXN106244
11/3/2021;Marketing;Travel;North;28557;119786;Card;TXN106252
27/2/2023;Sales;Travel;North;138730;116354;Bank Transfer;TXN106428
30/6/2022;Operations;Travel;North;41443;151909;Cash;TXN106440
11/5/2022;HR;Travel;North;94571;15769;UPI;TXN106482
26/4/2023;IT;Travel;North;141361;137524;Card;TXN106539
16/10/2022;Sales;Travel;North;84718;127559;Bank Transfer;TXN106562
30/4/2023;HR;Travel;North;60203;127162;Card;TXN106567
15/4/2023;IT;Travel;North;139104;159947;Cash;TXN106619
21/8/2021;Marketing;Travel;North;53952;159322;Card;TXN106747
2/10/2023;HR;Travel;North;132040;165662;UPI;TXN106749
26/8/2022;Sales;Travel;North;144577;165944;Card;TXN106784
4/9/2022;HR;Travel;North;34916;52067;Card;TXN106797
27/11/2022;Marketing;Travel;North;15494;34808;Bank Transfer;TXN106820
6/12/2023;Sales;Travel;North;71952;9095;Card;TXN106829
21/6/2022;IT;Travel;North;52023;137886;UPI;TXN106894
28/8/2022;HR;Travel;North;61055;68641;Card;TXN106897
4/4/2021;IT;Travel;North;13361;62738;Card;TXN106898
25/12/2021;Operations;Travel;North;99062;63303;UPI;TXN106932
19/9/2022;Sales;Travel;North;92253;158357;Cash;TXN106938
29/5/2022;Marketing;Travel;North;109278;43540;Bank Transfer;TXN106960
26/2/2021;Operations;Travel;North;19136;152988;UPI;TXN107000
14/5/2021;IT;Travel;North;37275;12953;UPI;TXN107018
8/2/2023;Marketing;Travel;North;68474;68693;Card;TXN107069
13/3/2023;IT;Travel;North;89902;79978;Bank Transfer;TXN107109
6/10/2022;Sales;Travel;North;139785;102062;UPI;TXN107151
12/6/2023;HR;Travel;North;64797;122594;UPI;TXN107174
26/10/2021;Sales;Travel;North;112906;66611;UPI;TXN107251
17/1/2022;HR;Travel;North;42279;28495;Bank Transfer;TXN107295
13/10/2022;Operations;Travel;North;31140;112033;Cash;TXN107338
22/12/2022;Sales;Travel;North;40425;14825;Bank Transfer;TXN107367
15/9/2022;Operations;Travel;North;110715;73720;Bank Transfer;TXN107414
15/7/2021;Sales;Travel;North;50302;137674;UPI;TXN107445
27/9/2021;Operations;Travel;North;18714;138291;UPI;TXN107478
28/12/2021;Marketing;Travel;North;131784;14041;Card;TXN107488
29/7/2022;Marketing;Travel;North;146215;91233;Card;TXN107492
12/12/2023;Marketing;Travel;North;28688;114946;Cash;TXN107509
13/12/2023;Operations;Travel;North;137806;60266;Bank Transfer;TXN107516
27/12/2023;HR;Travel;North;136399;162867;Bank Transfer;TXN107528
31/10/2023;Marketing;Travel;North;118287;138465;Card;TXN107657
3/3/2023;Operations;Travel;North;47238;117782;Cash;TXN107756
28/9/2023;Sales;Travel;North;51500;21632;Bank Transfer;TXN107772
9/4/2022;Operations;Travel;North;16608;113092;Bank Transfer;TXN107805
9/6/2023;Marketing;Travel;North;32434;127901;Bank Transfer;TXN107885
21/10/2021;IT;Travel;North;91581;132396;Cash;TXN107897
16/3/2022;Sales;Travel;North;12446;43283;Cash;TXN108001
10/12/2021;IT;Travel;North;60749;96002;Bank Transfer;TXN108020
3/8/2022;HR;Travel;North;71929;75848;Cash;TXN108030
29/7/2023;IT;Travel;North;148155;144366;Bank Transfer;TXN108041
22/3/2023;HR;Travel;North;118161;132272;Cash;TXN108221
21/7/2021;IT;Travel;North;31101;156237;Bank Transfer;TXN108324
30/5/2023;Marketing;Travel;North;149244;52544;Card;TXN108353
15/7/2022;Sales;Travel;North;97601;97250;UPI;TXN108381
14/12/2022;HR;Travel;North;138692;131626;Card;TXN108382
15/9/2022;IT;Travel;North;28940;47669;Cash;TXN108398
21/3/2022;Marketing;Travel;North;14747;65339;UPI;TXN108410
20/5/2022;Operations;Travel;North;93403;66553;Cash;TXN108489
17/6/2022;IT;Travel;North;103666;16691;Bank Transfer;TXN108519
11/2/2021;HR;Travel;North;67554;106322;Cash;TXN108560
17/8/2023;HR;Travel;North;59057;152597;Bank Transfer;TXN108576
14/4/2023;Sales;Travel;North;91065;164012;Cash;TXN108586
8/12/2021;Sales;Travel;North;51620;23898;Cash;TXN108621
3/11/2021;HR;Travel;North;142912;13783;Card;TXN108629
13/5/2023;HR;Travel;North;43741;53996;Bank Transfer;TXN108656
20/10/2021;Sales;Travel;North;87541;110161;Cash;TXN108744
18/8/2023;Sales;Travel;North;137281;115821;Card;TXN108749
30/9/2021;HR;Travel;North;112454;168809;Card;TXN108751
5/4/2021;HR;Travel;North;61376;88612;Card;TXN108771
17/1/2022;Marketing;Travel;North;58294;98968;Bank Transfer;TXN108814
5/6/2022;Marketing;Travel;North;20353;146897;Card;TXN108816
1/8/2021;Marketing;Travel;North;108546;50362;Cash;TXN108866
20/5/2023;IT;Travel;North;18455;128737;Cash;TXN108908
25/1/2023;HR;Travel;North;80909;86999;Bank Transfer;TXN108924
16/3/2022;Marketing;Travel;North;110567;88238;UPI;TXN108971
6/7/2022;IT;Travel;North;98562;11989;Card;TXN108979
28/6/2021;Operations;Travel;North;39859;142630;Bank Transfer;TXN109049
7/12/2023;Marketing;Travel;North;14025;127117;Bank Transfer;TXN109146
13/2/2021;Sales;Travel;North;75018;83933;Cash;TXN109196
26/12/2022;HR;Travel;North;42668;161483;Bank Transfer;TXN109291
23/4/2022;HR;Travel;North;28703;142582;UPI;TXN109402
7/9/2021;IT;Travel;North;44775;16594;Cash;TXN109527
24/8/2022;Marketing;Travel;North;72240;112451;UPI;TXN109528
2/11/2023;Operations;Travel;North;82423;98231;Cash;TXN109549
19/12/2022;Marketing;Travel;North;12622;16616;Card;TXN109575
26/9/2021;HR;Travel;North;139575;38207;UPI;TXN109577
16/1/2021;HR;Travel;North;31460;23791;Card;TXN109636
31/8/2022;Marketing;Travel;North;108694;133594;Bank Transfer;TXN109651
17/11/2021;IT;Travel;North;24627;153983;Cash;TXN109688
17/5/2023;IT;Travel;North;91519;13745;Cash;TXN109740
10/8/2023;Operations;Travel;North;25084;17305;UPI;TXN109763
17/6/2021;Operations;Travel;North;12118;87171;Card;TXN109802
16/1/2021;Marketing;Travel;North;11455;72766;Cash;TXN109866
27/4/2023;Sales;Travel;North;106199;88388;Bank Transfer;TXN109887
26/10/2023;HR;Travel;North;44832;31679;Cash;TXN109922
22/4/2021;Sales;Travel;North;149298;136167;Card;TXN109929
11/12/2023;Finance;Travel;North;88424;128919;Cash;TXN100628
14/11/2021;Finance;Travel;North;24160;30201;Bank Transfer;TXN100759
1/10/2023;Finance;Travel;North;98979;51677;Bank Transfer;TXN100844
11/3/2023;Finance;Travel;North;69660;104663;Card;TXN100925
7/11/2023;Finance;Travel;North;73486;71529;Card;TXN101061
21/11/2022;Finance;Travel;North;100875;27907;Bank Transfer;TXN101171
26/11/2022;Finance;Travel;North;149990;50428;UPI;TXN101407
14/6/2022;Finance;Travel;North;130050;25039;Card;TXN101445
2/12/2021;Finance;Travel;North;36070;13023;Card;TXN101786
27/11/2022;Finance;Travel;North;127651;33451;Bank Transfer;TXN102003
27/1/2023;Finance;Travel;North;139162;33091;Cash;TXN102110
16/12/2022;Finance;Travel;North;145948;20037;Card;TXN102642
19/7/2023;Finance;Travel;North;61703;99739;UPI;TXN102953
1/3/2023;Finance;Travel;North;84106;73231;UPI;TXN102976
24/10/2022;Finance;Travel;North;148306;121526;Bank Transfer;TXN103373
14/7/2021;Finance;Travel;North;43923;102084;UPI;TXN103561
2/7/2021;Finance;Travel;North;91547;59195;Card;TXN103968
7/5/2023;Finance;Travel;North;68425;93332;Card;TXN104030
1/10/2022;Finance;Travel;North;45207;29215;UPI;TXN104180
22/6/2023;Finance;Travel;North;46533;133956;UPI;TXN104187
6/6/2023;Finance;Travel;North;62063;107782;Bank Transfer;TXN104688
5/6/2022;Finance;Travel;North;20128;162560;Card;TXN104812
2/7/2022;Finance;Travel;North;144730;65728;UPI;TXN105100
26/2/2023;Finance;Travel;North;69036;124439;Bank Transfer;TXN105205
26/2/2022;Finance;Travel;North;138078;144574;Card;TXN105292
28/9/2022;Finance;Travel;North;52822;39713;Card;TXN105330
8/9/2021;Finance;Travel;North;121188;105031;Cash;TXN105536
17/12/2023;Finance;Travel;North;106573;96314;UPI;TXN105637
9/5/2022;Finance;Travel;North;126259;41096;UPI;TXN105717
21/11/2021;Finance;Travel;North;68534;65275;UPI;TXN105772
28/9/2021;Finance;Travel;North;145749;80109;Bank Transfer;TXN105940
23/11/2022;Finance;Travel;North;130282;45454;UPI;TXN106070
16/7/2023;Finance;Travel;North;67143;57684;UPI;TXN106140
17/2/2022;Finance;Travel;North;49709;88431;Bank Transfer;TXN106219
29/3/2022;Finance;Travel;North;100915;51229;Bank Transfer;TXN106414
30/5/2021;Finance;Travel;North;122517;89674;Card;TXN107119
14/6/2021;Finance;Travel;North;142797;32879;Card;TXN107136
10/11/2023;Finance;Travel;North;114110;40432;UPI;TXN107229
1/7/2023;Finance;Travel;North;134720;18769;Cash;TXN107242
18/3/2021;Finance;Travel;North;113154;126609;UPI;TXN107341
10/2/2021;Finance;Travel;North;145455;71146;Bank Transfer;TXN107430
12/12/2023;Finance;Travel;North;100225;138109;Cash;TXN107441
31/5/2022;Finance;Travel;North;22812;144722;UPI;TXN107676
21/2/2022;Finance;Travel;North;135998;31634;UPI;TXN107751
23/10/2023;Finance;Travel;North;149863;40732;Cash;TXN107808
12/5/2021;Finance;Travel;North;59202;86386;Card;TXN107941
19/7/2021;Finance;Travel;North;127061;142848;Cash;TXN107953
10/1/2023;Finance;Travel;North;93808;80283;Card;TXN108002
1/8/2021;Finance;Travel;North;99501;71056;Bank Transfer;TXN108118
11/12/2023;Finance;Travel;North;24775;126627;UPI;TXN108391
1/6/2023;Finance;Travel;North;90917;134095;Bank Transfer;TXN108396
16/4/2023;Finance;Travel;North;115632;166766;Bank Transfer;TXN108441
5/10/2021;Finance;Travel;North;145107;35567;UPI;TXN108595
13/10/2022;Finance;Travel;North;109373;21750;Cash;TXN108605
25/9/2021;Finance;Travel;North;33054;32255;UPI;TXN108708
28/7/2022;Finance;Travel;North;31670;83124;Card;TXN108821
8/1/2022;Finance;Travel;North;72618;106813;UPI;TXN108840
8/4/2023;Finance;Travel;North;55599;41508;UPI;TXN108930
6/5/2023;Finance;Travel;North;124361;135123;Card;TXN108970
13/8/2023;Finance;Travel;North;70665;64229;Bank Transfer;TXN108995
20/11/2023;Finance;Travel;North;104776;55931;UPI;TXN109137
16/11/2021;Finance;Travel;North;83107;21077;Card;TXN109139
13/2/2021;Finance;Travel;North;110021;92615;Cash;TXN109265
29/10/2021;Finance;Travel;North;67297;83559;Bank Transfer;TXN109296
11/6/2023;Finance;Travel;North;116093;147188;UPI;TXN109375
24/4/2023;Finance;Travel;North;90624;42929;Cash;TXN109558
6/5/2023;Finance;Travel;North;38586;53308;UPI;TXN109689
15/1/2021;Marketing;Utilities;North;43057;158234;UPI;TXN100073
18/5/2022;Sales;Utilities;North;98512;103736;UPI;TXN100093
11/7/2022;IT;Utilities;North;38671;42340;Cash;TXN100125
16/4/2023;Marketing;Utilities;North;85755;91097;Cash;TXN100152
13/8/2023;Operations;Utilities;North;141919;133477;Card;TXN100220
22/6/2023;HR;Utilities;North;87892;68393;Card;TXN100277
20/2/2021;Operations;Utilities;North;111416;85641;Card;TXN100290
17/5/2023;HR;Utilities;North;87347;65630;Card;TXN100312
24/1/2023;Marketing;Utilities;North;23116;91451;UPI;TXN100381
19/10/2023;Operations;Utilities;North;120533;162015;Bank Transfer;TXN100389
30/11/2022;IT;Utilities;North;15675;110209;Bank Transfer;TXN100416
16/2/2021;Operations;Utilities;North;42893;145611;Card;TXN100492
31/3/2021;HR;Utilities;North;57592;110156;Bank Transfer;TXN100506
10/1/2021;HR;Utilities;North;144177;138885;UPI;TXN100526
3/5/2023;IT;Utilities;North;94650;90994;Bank Transfer;TXN100582
18/1/2023;Sales;Utilities;North;102700;130961;Bank Transfer;TXN100695
16/3/2021;Sales;Utilities;North;113679;78463;Card;TXN100719
30/3/2021;Marketing;Utilities;North;131089;153038;UPI;TXN100777
4/7/2022;Operations;Utilities;North;33038;62888;Card;TXN100803
27/8/2022;Operations;Utilities;North;71155;110905;Card;TXN100850
11/10/2023;Sales;Utilities;North;83658;135374;Card;TXN100851
28/7/2023;Operations;Utilities;North;143539;163360;Cash;TXN100878
12/10/2021;Sales;Utilities;North;108629;60434;Bank Transfer;TXN100909
29/1/2023;HR;Utilities;North;29788;110591;Bank Transfer;TXN100933
19/3/2022;IT;Utilities;North;17724;153456;UPI;TXN100934
24/11/2021;IT;Utilities;North;59725;47005;Cash;TXN100935
26/11/2021;Sales;Utilities;North;71415;168559;Cash;TXN100953
10/12/2022;IT;Utilities;North;70341;108320;Bank Transfer;TXN100962
23/10/2022;Marketing;Utilities;North;13177;166447;UPI;TXN101066
17/8/2022;IT;Utilities;North;65013;59461;UPI;TXN101087
23/2/2022;HR;Utilities;North;49034;73591;Card;TXN101170
27/9/2022;Operations;Utilities;North;64851;86052;Cash;TXN101182
5/6/2022;Operations;Utilities;North;19949;113874;Bank Transfer;TXN101187
18/11/2022;IT;Utilities;North;23997;160746;Cash;TXN101270
23/5/2023;Marketing;Utilities;North;11268;20167;UPI;TXN101414
24/1/2021;Marketing;Utilities;North;118915;35716;Bank Transfer;TXN101426
28/10/2021;HR;Utilities;North;82628;112347;UPI;TXN101474
31/7/2023;Marketing;Utilities;North;118381;29610;Cash;TXN101579
31/3/2021;Sales;Utilities;North;33130;146801;UPI;TXN101624
27/8/2023;Operations;Utilities;North;144220;161530;UPI;TXN101671
27/8/2023;Sales;Utilities;North;38957;102079;UPI;TXN101754
12/1/2021;Operations;Utilities;North;56702;109750;UPI;TXN101764
24/3/2021;IT;Utilities;North;53190;96916;Cash;TXN101823
12/9/2023;HR;Utilities;North;120583;142648;Cash;TXN101966
10/11/2021;Operations;Utilities;North;134102;23191;UPI;TXN102031
29/11/2022;Marketing;Utilities;North;140221;135506;UPI;TXN102061
25/9/2023;HR;Utilities;North;86860;155573;UPI;TXN102076
20/3/2023;Operations;Utilities;North;113030;30871;Card;TXN102126
15/6/2023;Marketing;Utilities;North;26867;128471;Card;TXN102155
17/9/2021;Operations;Utilities;North;57204;154515;Cash;TXN102266
3/12/2022;HR;Utilities;North;38283;158249;Cash;TXN102353
3/6/2021;Marketing;Utilities;North;98614;145279;UPI;TXN102359
23/10/2022;Operations;Utilities;North;18004;54358;Bank Transfer;TXN102403
31/3/2023;Sales;Utilities;North;73044;156212;UPI;TXN102420
17/5/2023;Sales;Utilities;North;50378;125532;Bank Transfer;TXN102447
26/6/2023;Sales;Utilities;North;127273;149825;UPI;TXN102474
7/8/2022;Sales;Utilities;North;116397;39085;Bank Transfer;TXN102478
23/12/2023;Operations;Utilities;North;38279;126437;Bank Transfer;TXN102534
25/2/2022;Operations;Utilities;North;135576;64170;Bank Transfer;TXN102543
2/5/2021;Sales;Utilities;North;87994;155146;Bank Transfer;TXN102570
14/6/2021;HR;Utilities;North;128123;56492;Cash;TXN102615
5/3/2021;Sales;Utilities;North;45013;54596;Card;TXN102622
24/9/2021;HR;Utilities;North;143536;11816;Cash;TXN102623
21/4/2022;IT;Utilities;North;56825;53598;Cash;TXN102626
21/9/2021;HR;Utilities;North;104840;89113;Card;TXN102679
21/5/2021;IT;Utilities;North;144831;87831;UPI;TXN102689
13/7/2022;IT;Utilities;North;71724;153726;Bank Transfer;TXN102903
17/11/2022;IT;Utilities;North;19513;62933;Bank Transfer;TXN102906
29/11/2023;Sales;Utilities;North;12380;124210;Card;TXN102960
27/3/2021;HR;Utilities;North;128174;35981;Bank Transfer;TXN102965
4/12/2023;Operations;Utilities;North;55653;11384;Cash;TXN102966
20/6/2021;Sales;Utilities;North;87011;100401;Bank Transfer;TXN102970
11/11/2021;HR;Utilities;North;41711;63195;UPI;TXN103003
9/4/2021;IT;Utilities;North;123074;44766;UPI;TXN103014
3/6/2021;Sales;Utilities;North;93059;68116;Cash;TXN103021
11/11/2022;Sales;Utilities;North;75879;153652;Card;TXN103060
12/11/2022;IT;Utilities;North;91285;126144;Bank Transfer;TXN103111
21/8/2023;Operations;Utilities;North;83251;163182;Bank Transfer;TXN103123
14/7/2023;Sales;Utilities;North;50425;131118;Bank Transfer;TXN103135
2/11/2023;Marketing;Utilities;North;24374;116756;Card;TXN103162
27/12/2022;HR;Utilities;North;95483;38118;Bank Transfer;TXN103176
20/1/2021;Operations;Utilities;North;149064;92853;UPI;TXN103212
8/8/2023;Marketing;Utilities;North;65173;54678;Bank Transfer;TXN103214
23/5/2022;Marketing;Utilities;North;98240;155805;Card;TXN103227
13/3/2023;IT;Utilities;North;50459;137174;Bank Transfer;TXN103281
29/12/2021;HR;Utilities;North;136705;164622;Cash;TXN103314
22/8/2023;Marketing;Utilities;North;37632;123683;Cash;TXN103347
2/6/2021;IT;Utilities;North;106752;100017;Card;TXN103357
17/3/2021;Marketing;Utilities;North;81386;108180;Cash;TXN103379
19/1/2021;Sales;Utilities;North;100094;154664;Card;TXN103421
17/1/2021;HR;Utilities;North;67202;51627;Card;TXN103441
14/7/2022;Sales;Utilities;North;104425;86732;Card;TXN103476
9/2/2021;Marketing;Utilities;North;82118;12766;Bank Transfer;TXN103500
13/8/2023;IT;Utilities;North;147775;152082;Bank Transfer;TXN103704
28/1/2022;Operations;Utilities;North;57150;163843;Bank Transfer;TXN103783
6/11/2021;Operations;Utilities;North;119702;33372;Cash;TXN103808
13/1/2021;Marketing;Utilities;North;130668;154874;UPI;TXN103861
22/9/2022;HR;Utilities;North;107188;9280;Card;TXN103952
26/10/2023;Marketing;Utilities;North;99266;146894;UPI;TXN103957
22/5/2023;IT;Utilities;North;77970;111348;Card;TXN103997
3/7/2022;IT;Utilities;North;80558;119023;UPI;TXN104008
10/12/2023;HR;Utilities;North;131253;63471;UPI;TXN104093
5/3/2022;Sales;Utilities;North;51739;55812;Cash;TXN104104
20/8/2023;Marketing;Utilities;North;101497;29274;Cash;TXN104114
20/2/2022;HR;Utilities;North;86595;113306;Cash;TXN104150
1/5/2021;IT;Utilities;North;140798;134743;UPI;TXN104192
10/9/2022;Operations;Utilities;North;141087;139093;Bank Transfer;TXN104284
20/8/2023;Marketing;Utilities;North;14677;129857;Card;TXN104326
31/1/2022;HR;Utilities;North;139960;86723;UPI;TXN104388
15/2/2022;IT;Utilities;North;36805;135142;UPI;TXN104464
24/11/2021;HR;Utilities;North;14146;144712;Cash;TXN104471
9/7/2023;Operations;Utilities;North;84091;8037;Bank Transfer;TXN104540
25/9/2021;IT;Utilities;North;14617;106294;Bank Transfer;TXN104556
29/1/2021;Operations;Utilities;North;27193;42693;Cash;TXN104614
9/1/2021;IT;Utilities;North;99500;140445;Card;TXN104629
14/8/2021;Operations;Utilities;North;96733;93934;Cash;TXN104635
19/9/2022;Sales;Utilities;North;28325;73391;Bank Transfer;TXN104718
2/9/2021;Marketing;Utilities;North;136144;14859;Bank Transfer;TXN104736
21/9/2022;IT;Utilities;North;81330;113104;Card;TXN104743
28/7/2021;HR;Utilities;North;106794;56338;Card;TXN104831
20/11/2021;IT;Utilities;North;76115;42692;Card;TXN104848
31/8/2023;Operations;Utilities;North;109022;96397;Bank Transfer;TXN104863
3/12/2022;IT;Utilities;North;74303;110771;Card;TXN104922
28/4/2023;HR;Utilities;North;73636;122755;UPI;TXN104952
29/12/2023;IT;Utilities;North;91671;39573;Cash;TXN104961
14/11/2021;Sales;Utilities;North;56062;11338;Cash;TXN104985
28/6/2021;Marketing;Utilities;North;124670;75290;Bank Transfer;TXN105053
28/2/2023;Operations;Utilities;North;46469;147087;UPI;TXN105056
28/3/2022;Operations;Utilities;North;139333;98479;Cash;TXN105071
2/9/2023;Marketing;Utilities;North;50519;59968;UPI;TXN105099
6/7/2023;HR;Utilities;North;74413;83281;Bank Transfer;TXN105129
25/6/2021;HR;Utilities;North;114932;41795;Card;TXN105154
14/7/2023;HR;Utilities;North;78311;154379;Bank Transfer;TXN105175
2/7/2023;IT;Utilities;North;136450;149592;Card;TXN105178
21/3/2023;HR;Utilities;North;103884;65805;Card;TXN105204
21/7/2022;Sales;Utilities;North;28580;73741;Bank Transfer;TXN105212
3/5/2021;Marketing;Utilities;North;137771;11508;Cash;TXN105267
6/6/2022;HR;Utilities;North;58548;119582;Cash;TXN105302
13/2/2023;Marketing;Utilities;North;89021;150208;UPI;TXN105321
15/9/2021;Operations;Utilities;North;69938;158716;Bank Transfer;TXN105385
28/6/2022;HR;Utilities;North;24714;116811;Bank Transfer;TXN105442
27/8/2023;HR;Utilities;North;141128;120568;Bank Transfer;TXN105544
3/8/2022;IT;Utilities;North;55742;131296;Card;TXN105595
9/11/2022;Operations;Utilities;North;87766;55874;Bank Transfer;TXN105732
2/8/2021;Marketing;Utilities;North;116319;111204;Cash;TXN105763
23/8/2022;HR;Utilities;North;146527;29750;UPI;TXN105770
20/11/2021;Sales;Utilities;North;130988;79449;Card;TXN105781
8/5/2022;Marketing;Utilities;North;75788;32984;Bank Transfer;TXN105812
9/4/2022;HR;Utilities;North;123996;142500;UPI;TXN105836
26/8/2022;HR;Utilities;North;140027;92482;Cash;TXN105901
4/8/2022;HR;Utilities;North;37679;65872;Cash;TXN105919
31/1/2021;Marketing;Utilities;North;54827;49751;Card;TXN105969
26/8/2022;Sales;Utilities;North;19877;39382;UPI;TXN105985
15/9/2023;IT;Utilities;North;111053;23350;Cash;TXN105987
20/4/2023;IT;Utilities;North;137245;136452;Cash;TXN105988
6/4/2023;HR;Utilities;North;135049;59779;Bank Transfer;TXN106007
23/10/2023;Sales;Utilities;North;30487;59131;Card;TXN106051
7/3/2021;Operations;Utilities;North;71885;49004;UPI;TXN106074
24/2/2023;Marketing;Utilities;North;76463;103525;Cash;TXN106080
13/9/2023;Sales;Utilities;North;132445;9212;UPI;TXN106191
2/1/2022;IT;Utilities;North;42954;143399;UPI;TXN106223
18/7/2023;HR;Utilities;North;92191;90287;Card;TXN106240
9/1/2023;Marketing;Utilities;North;39145;42576;Bank Transfer;TXN106352
12/8/2022;IT;Utilities;North;15802;128907;UPI;TXN106430
11/4/2022;Marketing;Utilities;North;113533;92217;Cash;TXN106431
22/3/2022;IT;Utilities;North;124831;166512;UPI;TXN106432
7/2/2023;HR;Utilities;North;21036;91165;Bank Transfer;TXN106481
19/12/2022;HR;Utilities;North;41994;90596;UPI;TXN106552
24/4/2023;Marketing;Utilities;North;108272;148458;Cash;TXN106578
18/9/2021;HR;Utilities;North;14326;30772;UPI;TXN106595
9/2/2023;Operations;Utilities;North;21261;72048;Bank Transfer;TXN106646
20/3/2022;IT;Utilities;North;143639;126051;Bank Transfer;TXN106656
1/6/2021;Operations;Utilities;North;145363;162865;UPI;TXN106678
30/10/2023;IT;Utilities;North;138449;99680;Cash;TXN106693
5/8/2021;IT;Utilities;North;118118;97958;UPI;TXN106712
21/5/2021;IT;Utilities;North;129198;10585;UPI;TXN106755
15/6/2021;Sales;Utilities;North;144090;153343;Bank Transfer;TXN106794
7/6/2021;HR;Utilities;North;90561;22015;Cash;TXN106851
14/2/2021;HR;Utilities;North;109909;13850;UPI;TXN106855
23/12/2021;Sales;Utilities;North;20921;27199;UPI;TXN106868
6/7/2022;Sales;Utilities;North;72563;25133;UPI;TXN106871
24/9/2023;IT;Utilities;North;40208;68355;Cash;TXN106955
19/3/2023;IT;Utilities;North;84343;128837;Bank Transfer;TXN106998
29/6/2023;HR;Utilities;North;25366;128768;Bank Transfer;TXN107091
1/11/2022;Sales;Utilities;North;106202;64139;Cash;TXN107103
20/4/2021;Sales;Utilities;North;148301;82776;Cash;TXN107110
6/12/2021;Operations;Utilities;North;146709;59265;Card;TXN107112
22/7/2022;Marketing;Utilities;North;49815;66315;Bank Transfer;TXN107168
1/3/2021;Marketing;Utilities;North;124349;32137;Cash;TXN107173
13/6/2021;IT;Utilities;North;134249;57907;Cash;TXN107182
15/4/2021;Sales;Utilities;North;60107;163722;Bank Transfer;TXN107199
1/8/2023;Marketing;Utilities;North;129190;125145;UPI;TXN107297
23/4/2023;IT;Utilities;North;120996;30701;Cash;TXN107298
2/7/2023;Operations;Utilities;North;32829;134029;UPI;TXN107301
20/1/2021;HR;Utilities;North;62385;51129;Cash;TXN107304
2/5/2023;Operations;Utilities;North;35209;155345;Card;TXN107335
6/6/2021;IT;Utilities;North;99606;48238;Bank Transfer;TXN107391
2/2/2021;IT;Utilities;North;36117;145006;Bank Transfer;TXN107397
1/1/2023;Sales;Utilities;North;43076;112722;UPI;TXN107415
6/3/2023;Marketing;Utilities;North;81712;164249;Card;TXN107416
30/12/2021;IT;Utilities;North;32917;155793;Card;TXN107450
12/10/2023;Sales;Utilities;North;116698;92314;Cash;TXN107592
5/4/2023;Sales;Utilities;North;128600;10055;UPI;TXN107643
1/4/2021;Sales;Utilities;North;90894;119556;UPI;TXN107671
17/1/2023;Marketing;Utilities;North;91912;9418;Cash;TXN107677
6/7/2021;Sales;Utilities;North;19085;88985;Bank Transfer;TXN107680
28/8/2021;HR;Utilities;North;105795;12307;Bank Transfer;TXN107683
22/9/2022;Sales;Utilities;North;13390;56069;UPI;TXN107690
18/3/2022;Sales;Utilities;North;82778;116295;Bank Transfer;TXN107701
24/12/2023;HR;Utilities;North;80174;132292;Cash;TXN107705
26/2/2021;HR;Utilities;North;12897;66923;Cash;TXN107747
14/9/2023;IT;Utilities;North;108954;19690;UPI;TXN107776
8/5/2022;Operations;Utilities;North;21254;44376;Bank Transfer;TXN107782
19/5/2022;HR;Utilities;North;101561;128578;Card;TXN107798
29/9/2023;Marketing;Utilities;North;12100;103944;UPI;TXN107869
8/3/2021;Operations;Utilities;North;81613;150728;Bank Transfer;TXN107929
8/5/2022;Marketing;Utilities;North;53435;53494;Cash;TXN107933
2/10/2021;Sales;Utilities;North;118813;113622;Card;TXN107988
30/3/2021;IT;Utilities;North;130876;160015;Card;TXN107994
4/5/2022;IT;Utilities;North;88733;77133;Card;TXN108081
7/7/2022;HR;Utilities;North;147456;165612;UPI;TXN108097
14/4/2023;HR;Utilities;North;86881;115114;UPI;TXN108119
12/6/2021;Marketing;Utilities;North;11758;25404;Cash;TXN108136
21/2/2023;HR;Utilities;North;125880;96020;Card;TXN108161
11/12/2021;HR;Utilities;North;101984;63221;Card;TXN108213
1/8/2022;Sales;Utilities;North;22736;133143;Bank Transfer;TXN108243
7/12/2022;HR;Utilities;North;121318;167575;Bank Transfer;TXN108310
1/6/2023;IT;Utilities;North;134567;163819;Card;TXN108325
29/1/2023;Sales;Utilities;North;46064;129700;Bank Transfer;TXN108355
6/12/2022;HR;Utilities;North;47573;24941;UPI;TXN108369
27/8/2022;Sales;Utilities;North;25308;105274;Card;TXN108373
19/5/2021;IT;Utilities;North;84309;37377;Bank Transfer;TXN108377
1/4/2021;Operations;Utilities;North;59325;140532;Card;TXN108459
15/2/2022;Marketing;Utilities;North;29661;9208;UPI;TXN108460
8/5/2021;Operations;Utilities;North;85224;68288;Bank Transfer;TXN108495
2/3/2021;Marketing;Utilities;North;43489;69158;UPI;TXN108511
16/9/2023;Sales;Utilities;North;36640;39785;Bank Transfer;TXN108572
27/9/2022;Operations;Utilities;North;54683;167624;Bank Transfer;TXN108611
21/10/2023;Sales;Utilities;North;70981;8343;UPI;TXN108620
20/6/2021;Marketing;Utilities;North;119066;19184;Card;TXN108647
25/12/2022;Operations;Utilities;North;118007;166419;UPI;TXN108699
25/10/2021;Marketing;Utilities;North;51178;144862;Cash;TXN108709
16/6/2021;Sales;Utilities;North;50544;154463;Bank Transfer;TXN108762
24/8/2022;Sales;Utilities;North;131469;127139;Bank Transfer;TXN108808
25/7/2022;Operations;Utilities;North;125292;56297;Cash;TXN108859
2/9/2022;Marketing;Utilities;North;21255;69640;Card;TXN108884
29/10/2023;Sales;Utilities;North;63890;44184;UPI;TXN108932
11/7/2022;Sales;Utilities;North;122195;50131;Bank Transfer;TXN108957
15/8/2022;Marketing;Utilities;North;117712;124036;Card;TXN108967
7/11/2021;Sales;Utilities;North;128788;80158;Card;TXN108988
27/9/2023;Sales;Utilities;North;65107;40438;Card;TXN109015
8/8/2023;Sales;Utilities;North;107942;101561;Bank Transfer;TXN109029
13/10/2022;Sales;Utilities;North;31755;60354;Card;TXN109039
29/11/2023;Sales;Utilities;North;83129;19036;Card;TXN109041
13/9/2021;Marketing;Utilities;North;122905;165058;UPI;TXN109122
15/7/2022;HR;Utilities;North;61279;48293;Card;TXN109123
3/9/2021;IT;Utilities;North;78983;135664;Bank Transfer;TXN109171
21/9/2021;IT;Utilities;North;100640;156204;UPI;TXN109208
6/6/2022;HR;Utilities;North;116600;47066;Bank Transfer;TXN109209
2/8/2023;Marketing;Utilities;North;107203;92663;UPI;TXN109225
13/2/2022;HR;Utilities;North;38786;91564;Bank Transfer;TXN109314
17/11/2022;IT;Utilities;North;74276;75848;Card;TXN109338
27/9/2021;IT;Utilities;North;70740;35908;UPI;TXN109340
11/10/2023;Operations;Utilities;North;58465;18974;UPI;TXN109371
8/1/2022;HR;Utilities;North;65572;106399;Card;TXN109400
11/9/2021;Operations;Utilities;North;99429;153378;Cash;TXN109408
5/3/2023;IT;Utilities;North;54084;115017;Card;TXN109421
18/11/2022;IT;Utilities;North;90865;20183;Cash;TXN109433
16/11/2021;Marketing;Utilities;North;116511;143945;Bank Transfer;TXN109452
30/8/2022;Marketing;Utilities;North;58555;145217;Cash;TXN109455
28/6/2022;Operations;Utilities;North;68132;152653;Card;TXN109457
28/4/2021;HR;Utilities;North;56784;75910;Bank Transfer;TXN109658
4/5/2021;Operations;Utilities;North;38656;54077;Bank Transfer;TXN109663
22/12/2022;IT;Utilities;North;41430;90720;Cash;TXN109701
6/3/2022;IT;Utilities;North;33221;91405;Bank Transfer;TXN109706
27/7/2023;Marketing;Utilities;North;63192;105964;Bank Transfer;TXN109725
30/6/2023;HR;Utilities;North;148210;132059;Bank Transfer;TXN109754
9/6/2022;IT;Utilities;North;67793;74666;Cash;TXN109768
6/4/2021;Sales;Utilities;North;30543;160797;Bank Transfer;TXN109903
13/6/2022;HR;Utilities;North;86610;39444;Card;TXN109906
21/10/2021;Sales;Utilities;North;64025;161180;Bank Transfer;TXN109909
11/12/2023;Marketing;Utilities;North;73447;12409;Bank Transfer;TXN109952
14/8/2023;IT;Utilities;North;68465;148530;Cash;TXN109958
12/3/2021;Operations;Utilities;North;50642;143788;Card;TXN109990
26/9/2022;Finance;Utilities;North;135545;106415;Card;TXN100440
10/2/2023;Finance;Utilities;North;40619;54596;Bank Transfer;TXN100550
13/5/2021;Finance;Utilities;North;128585;88801;Card;TXN100602
21/8/2021;Finance;Utilities;North;11335;16187;Cash;TXN100688
25/12/2022;Finance;Utilities;North;123535;37315;Cash;TXN100734
18/4/2021;Finance;Utilities;North;120150;164428;Bank Transfer;TXN101052
21/1/2021;Finance;Utilities;North;133344;57755;Cash;TXN101299
23/7/2023;Finance;Utilities;North;114725;137960;Cash;TXN101304
11/8/2021;Finance;Utilities;North;89854;83951;Cash;TXN101380
14/8/2023;Finance;Utilities;North;124523;131336;Cash;TXN101432
3/3/2022;Finance;Utilities;North;42656;160958;UPI;TXN101519
4/7/2023;Finance;Utilities;North;133828;135545;Cash;TXN101657
28/10/2023;Finance;Utilities;North;92503;120641;Card;TXN101771
8/5/2022;Finance;Utilities;North;75233;132973;Cash;TXN101859
17/1/2021;Finance;Utilities;North;35498;71658;Cash;TXN101885
5/1/2022;Finance;Utilities;North;12663;28721;Bank Transfer;TXN101948
18/4/2022;Finance;Utilities;North;103435;133956;UPI;TXN102017
8/3/2022;Finance;Utilities;North;92392;110922;UPI;TXN102080
18/3/2022;Finance;Utilities;North;102243;110002;Cash;TXN102333
7/6/2023;Finance;Utilities;North;55240;38071;Card;TXN102346
1/1/2021;Finance;Utilities;North;77249;164407;Card;TXN102476
5/3/2023;Finance;Utilities;North;82901;134934;Cash;TXN102907
14/6/2023;Finance;Utilities;North;86742;62601;Cash;TXN103102
21/10/2022;Finance;Utilities;North;28013;70743;UPI;TXN103145
16/8/2023;Finance;Utilities;North;91965;22429;Card;TXN103420
20/8/2023;Finance;Utilities;North;23960;22723;Cash;TXN103466
27/9/2021;Finance;Utilities;North;108718;53277;Card;TXN103807
25/7/2023;Finance;Utilities;North;32562;72731;Cash;TXN103869
3/5/2021;Finance;Utilities;North;55967;139850;UPI;TXN104383
19/4/2021;Finance;Utilities;North;64090;71426;Card;TXN104396
21/4/2022;Finance;Utilities;North;26157;60336;Card;TXN104406
21/2/2021;Finance;Utilities;North;95143;64615;Card;TXN104444
14/8/2023;Finance;Utilities;North;114371;39117;Bank Transfer;TXN104788
22/1/2022;Finance;Utilities;North;87038;147489;Cash;TXN104890
27/1/2022;Finance;Utilities;North;131778;31536;Bank Transfer;TXN104939
20/8/2022;Finance;Utilities;North;90283;113395;Cash;TXN104944
31/3/2021;Finance;Utilities;North;128102;162830;Card;TXN105231
22/4/2021;Finance;Utilities;North;53743;35672;Bank Transfer;TXN105419
30/1/2023;Finance;Utilities;North;117896;114535;Cash;TXN105448
2/12/2023;Finance;Utilities;North;113522;159932;Cash;TXN105495
15/1/2022;Finance;Utilities;North;76745;12712;Cash;TXN105742
11/11/2021;Finance;Utilities;North;63120;122433;UPI;TXN106044
11/7/2022;Finance;Utilities;North;55932;8887;Cash;TXN106141
6/5/2022;Finance;Utilities;North;45224;101085;Bank Transfer;TXN106199
21/5/2022;Finance;Utilities;North;86162;58113;Card;TXN106329
27/5/2022;Finance;Utilities;North;90986;114912;Bank Transfer;TXN106547
16/2/2021;Finance;Utilities;North;62372;145348;UPI;TXN106775
11/11/2021;Finance;Utilities;North;70033;64907;Card;TXN107226
6/7/2023;Finance;Utilities;North;125815;37345;UPI;TXN107320
10/4/2023;Finance;Utilities;North;99643;153763;Cash;TXN107384
21/2/2023;Finance;Utilities;North;122113;43847;Bank Transfer;TXN107662
11/7/2023;Finance;Utilities;North;133664;20897;Bank Transfer;TXN107790
15/10/2022;Finance;Utilities;North;39278;39063;UPI;TXN107815
13/4/2023;Finance;Utilities;North;51429;38979;Cash;TXN108051
19/12/2023;Finance;Utilities;North;91884;21460;Card;TXN108108
3/3/2022;Finance;Utilities;North;26482;152643;Card;TXN108142
11/11/2023;Finance;Utilities;North;52576;55260;Card;TXN108500
11/4/2023;Finance;Utilities;North;33391;33203;Card;TXN108636
16/1/2022;Finance;Utilities;North;25437;102339;Bank Transfer;TXN108915
3/8/2023;Finance;Utilities;North;33575;117232;Cash;TXN109062
10/4/2023;Finance;Utilities;North;139976;75849;Card;TXN109513
20/10/2021;Finance;Utilities;North;123353;103065;Card;TXN109517
3/8/2022;Finance;Utilities;North;68408;35338;Card;TXN109535
17/11/2021;Finance;Utilities;North;45783;11124;Card;TXN109537
30/4/2021;Finance;Utilities;North;30005;58684;Card;TXN109672
1/2/2023;Finance;Utilities;North;121491;114834;UPI;TXN109714
